"Profile","Id","Path","Slice Name","Alias(s)","Label","Min","Max","Must Support?","Is Modifier?","Is Summary?","Type(s)","Short","Definition","Comments","Requirements","Default Value","Meaning When Missing","Fixed Value","Pattern","Example","Minimum Value","Maximum Value","Maximum Length","Binding Strength","Binding Description","Binding Value Set","Code","Slicing Discriminator","Slicing Description","Slicing Ordered","Slicing Rules","Base Path","Base Min","Base Max","Condition(s)","Constraint(s)"
"authorization-case-count","Extension","Extension","","","",0,*,"","","","null {[]} {[]}
","Authorization Case Count","The number of authorization cases or approval criteria specified in the authorization requirement. This indicates how many different clinical scenarios or conditions have distinct approval pathways.","","","","","","","","","",,,,,"",,,,"Extension",0,*,"ele-1
","ele-1:All FHIR elements must have a @value or children {hasValue() or (children().count() > id.count())}
ext-1:Must have either extensions or value[x], not both {extension.exists() != value.exists()}"
"authorization-case-count","Extension.id","Extension.id","","","",0,1,"","","","string {[]} {[]}
","Unique id for inter-element referencing","Unique id for the element within a resource (for internal references). This may be any string value that does not contain spaces.","","","","","","","","","",,,,,"",,,,"Element.id",0,1,"",""
"authorization-case-count","Extension.extension","Extension.extension","","","",0,0,"","","","Extension {[]} {[]}
","Extension","An Extension","","","","","","","","","",,,,,"","value:url}
","Extensions are always sliced by (at least) url",,"open","Element.extension",0,*,"","ele-1:All FHIR elements must have a @value or children {hasValue() or (children().count() > id.count())}
ext-1:Must have either extensions or value[x], not both {extension.exists() != value.exists()}"
"authorization-case-count","Extension.url","Extension.url","","","",1,1,"","","","uri {[]} {[]}
","identifies the meaning of the extension","Source of the definition for the extension code - a logical name or a URL.","The definition may point directly to a computable or human-readable definition of the extensibility codes, or it may be a logical URI as declared in some other specification. The definition SHALL be a URI for the Structure Definition defining the extension.","","","","<valueUri xmlns=""http://hl7.org/fhir"" value=""https://fhir-ig.digital.health.nz/pharmac-schedules/StructureDefinition/authorization-case-count""/>","","","","",,,,,"",,,,"Extension.url",1,1,"",""
"authorization-case-count","Extension.value[x]","Extension.value[x]","","","",0,1,"","","","integer {[]} {[]}
","Number of authorization cases","Value of extension - must be one of a constrained set of the data types (see [Extensibility](http://hl7.org/fhir/R4/extensibility.html) for a list).","","","","","","","","","",,,,,"",,,,"Extension.value[x]",0,1,"","ele-1:All FHIR elements must have a @value or children {hasValue() or (children().count() > id.count())}
"
"authorization-form","Extension","Extension","","","",0,*,"","","","null {[]} {[]}
","Authorization Form","The special authorization form code required for this medication (e.g., 'SA2535'). This identifies the specific PHARMAC authorization form that prescribers must complete for patient eligibility.","","","","","","","","","",,,,,"",,,,"Extension",0,*,"ele-1
","ele-1:All FHIR elements must have a @value or children {hasValue() or (children().count() > id.count())}
ext-1:Must have either extensions or value[x], not both {extension.exists() != value.exists()}"
"authorization-form","Extension.id","Extension.id","","","",0,1,"","","","string {[]} {[]}
","Unique id for inter-element referencing","Unique id for the element within a resource (for internal references). This may be any string value that does not contain spaces.","","","","","","","","","",,,,,"",,,,"Element.id",0,1,"",""
"authorization-form","Extension.extension","Extension.extension","","","",0,0,"","","","Extension {[]} {[]}
","Extension","An Extension","","","","","","","","","",,,,,"","value:url}
","Extensions are always sliced by (at least) url",,"open","Element.extension",0,*,"","ele-1:All FHIR elements must have a @value or children {hasValue() or (children().count() > id.count())}
ext-1:Must have either extensions or value[x], not both {extension.exists() != value.exists()}"
"authorization-form","Extension.url","Extension.url","","","",1,1,"","","","uri {[]} {[]}
","identifies the meaning of the extension","Source of the definition for the extension code - a logical name or a URL.","The definition may point directly to a computable or human-readable definition of the extensibility codes, or it may be a logical URI as declared in some other specification. The definition SHALL be a URI for the Structure Definition defining the extension.","","","","<valueUri xmlns=""http://hl7.org/fhir"" value=""https://fhir-ig.digital.health.nz/pharmac-schedules/StructureDefinition/authorization-form""/>","","","","",,,,,"",,,,"Extension.url",1,1,"",""
"authorization-form","Extension.value[x]","Extension.value[x]","","","",0,1,"","","","string {[]} {[]}
","Authorization form code","Value of extension - must be one of a constrained set of the data types (see [Extensibility](http://hl7.org/fhir/R4/extensibility.html) for a list).","","","","","","","","","",,,,,"",,,,"Extension.value[x]",0,1,"","ele-1:All FHIR elements must have a @value or children {hasValue() or (children().count() > id.count())}
"
"authorization-schema","Extension","Extension","","","",0,*,"","","","null {[]} {[]}
","Authorization Schema","Base64-encoded JSON Schema that defines the structure and validation rules for a Special Authorization application form. The decoded content is a JSON Schema (application/schema+json).","","","","","","","","","",,,,,"",,,,"Extension",0,*,"ele-1
","ele-1:All FHIR elements must have a @value or children {hasValue() or (children().count() > id.count())}
ext-1:Must have either extensions or value[x], not both {extension.exists() != value.exists()}"
"authorization-schema","Extension.id","Extension.id","","","",0,1,"","","","string {[]} {[]}
","Unique id for inter-element referencing","Unique id for the element within a resource (for internal references). This may be any string value that does not contain spaces.","","","","","","","","","",,,,,"",,,,"Element.id",0,1,"",""
"authorization-schema","Extension.extension","Extension.extension","","","",0,0,"","","","Extension {[]} {[]}
","Extension","An Extension","","","","","","","","","",,,,,"","value:url}
","Extensions are always sliced by (at least) url",,"open","Element.extension",0,*,"","ele-1:All FHIR elements must have a @value or children {hasValue() or (children().count() > id.count())}
ext-1:Must have either extensions or value[x], not both {extension.exists() != value.exists()}"
"authorization-schema","Extension.url","Extension.url","","","",1,1,"","","","uri {[]} {[]}
","identifies the meaning of the extension","Source of the definition for the extension code - a logical name or a URL.","The definition may point directly to a computable or human-readable definition of the extensibility codes, or it may be a logical URI as declared in some other specification. The definition SHALL be a URI for the Structure Definition defining the extension.","","","","<valueUri xmlns=""http://hl7.org/fhir"" value=""https://fhir-ig.digital.health.nz/pharmac-schedules/StructureDefinition/authorization-schema""/>","","","","",,,,,"",,,,"Extension.url",1,1,"",""
"authorization-schema","Extension.value[x]","Extension.value[x]","","","",0,1,"","","","base64Binary {[]} {[]}
","Base64-encoded JSON Schema for authorization form","Value of extension - must be one of a constrained set of the data types (see [Extensibility](http://hl7.org/fhir/R4/extensibility.html) for a list).","","","","","","","","","",,,,,"",,,,"Extension.value[x]",0,1,"","ele-1:All FHIR elements must have a @value or children {hasValue() or (children().count() > id.count())}
"
"authorization-title","Extension","Extension","","","",0,*,"","","","null {[]} {[]}
","Authorization Title","A human-readable title for the authorization requirement (e.g., 'Budesonide - Special Authorization Required'). This provides context for the authorization need.","","","","","","","","","",,,,,"",,,,"Extension",0,*,"ele-1
","ele-1:All FHIR elements must have a @value or children {hasValue() or (children().count() > id.count())}
ext-1:Must have either extensions or value[x], not both {extension.exists() != value.exists()}"
"authorization-title","Extension.id","Extension.id","","","",0,1,"","","","string {[]} {[]}
","Unique id for inter-element referencing","Unique id for the element within a resource (for internal references). This may be any string value that does not contain spaces.","","","","","","","","","",,,,,"",,,,"Element.id",0,1,"",""
"authorization-title","Extension.extension","Extension.extension","","","",0,0,"","","","Extension {[]} {[]}
","Extension","An Extension","","","","","","","","","",,,,,"","value:url}
","Extensions are always sliced by (at least) url",,"open","Element.extension",0,*,"","ele-1:All FHIR elements must have a @value or children {hasValue() or (children().count() > id.count())}
ext-1:Must have either extensions or value[x], not both {extension.exists() != value.exists()}"
"authorization-title","Extension.url","Extension.url","","","",1,1,"","","","uri {[]} {[]}
","identifies the meaning of the extension","Source of the definition for the extension code - a logical name or a URL.","The definition may point directly to a computable or human-readable definition of the extensibility codes, or it may be a logical URI as declared in some other specification. The definition SHALL be a URI for the Structure Definition defining the extension.","","","","<valueUri xmlns=""http://hl7.org/fhir"" value=""https://fhir-ig.digital.health.nz/pharmac-schedules/StructureDefinition/authorization-title""/>","","","","",,,,,"",,,,"Extension.url",1,1,"",""
"authorization-title","Extension.value[x]","Extension.value[x]","","","",0,1,"","","","string {[]} {[]}
","Authorization title","Value of extension - must be one of a constrained set of the data types (see [Extensibility](http://hl7.org/fhir/R4/extensibility.html) for a list).","","","","","","","","","",,,,,"",,,,"Extension.value[x]",0,1,"","ele-1:All FHIR elements must have a @value or children {hasValue() or (children().count() > id.count())}
"
"brand-switch-fee","Extension","Extension","","","",0,*,"","","","null {[]} {[]}
","Brand Switch Fee","Indicates whether a brand switch fee applies for this item.","","","","","","","","","",,,,,"",,,,"Extension",0,*,"ele-1
","ele-1:All FHIR elements must have a @value or children {hasValue() or (children().count() > id.count())}
ext-1:Must have either extensions or value[x], not both {extension.exists() != value.exists()}"
"brand-switch-fee","Extension.id","Extension.id","","","",0,1,"","","","string {[]} {[]}
","Unique id for inter-element referencing","Unique id for the element within a resource (for internal references). This may be any string value that does not contain spaces.","","","","","","","","","",,,,,"",,,,"Element.id",0,1,"",""
"brand-switch-fee","Extension.extension","Extension.extension","","","",0,0,"","","","Extension {[]} {[]}
","Extension","An Extension","","","","","","","","","",,,,,"","value:url}
","Extensions are always sliced by (at least) url",,"open","Element.extension",0,*,"","ele-1:All FHIR elements must have a @value or children {hasValue() or (children().count() > id.count())}
ext-1:Must have either extensions or value[x], not both {extension.exists() != value.exists()}"
"brand-switch-fee","Extension.url","Extension.url","","","",1,1,"","","","uri {[]} {[]}
","identifies the meaning of the extension","Source of the definition for the extension code - a logical name or a URL.","The definition may point directly to a computable or human-readable definition of the extensibility codes, or it may be a logical URI as declared in some other specification. The definition SHALL be a URI for the Structure Definition defining the extension.","","","","<valueUri xmlns=""http://hl7.org/fhir"" value=""https://fhir-ig.digital.health.nz/pharmac-schedules/StructureDefinition/brand-switch-fee""/>","","","","",,,,,"",,,,"Extension.url",1,1,"",""
"brand-switch-fee","Extension.value[x]","Extension.value[x]","","","",0,1,"","","","boolean {[]} {[]}
","Brand switch fee flag","Value of extension - must be one of a constrained set of the data types (see [Extensibility](http://hl7.org/fhir/R4/extensibility.html) for a list).","","","","","","","","","",,,,,"",,,,"Extension.value[x]",0,1,"","ele-1:All FHIR elements must have a @value or children {hasValue() or (children().count() > id.count())}
"
"contract-type","Extension","Extension","","","",0,*,"","","","null {[]} {[]}
","Contract Type","Type of PHARMAC contract that applies to this item (for example, sole-supply, preferred).","","","","","","","","","",,,,,"",,,,"Extension",0,*,"ele-1
","ele-1:All FHIR elements must have a @value or children {hasValue() or (children().count() > id.count())}
ext-1:Must have either extensions or value[x], not both {extension.exists() != value.exists()}"
"contract-type","Extension.id","Extension.id","","","",0,1,"","","","string {[]} {[]}
","Unique id for inter-element referencing","Unique id for the element within a resource (for internal references). This may be any string value that does not contain spaces.","","","","","","","","","",,,,,"",,,,"Element.id",0,1,"",""
"contract-type","Extension.extension","Extension.extension","","","",0,0,"","","","Extension {[]} {[]}
","Extension","An Extension","","","","","","","","","",,,,,"","value:url}
","Extensions are always sliced by (at least) url",,"open","Element.extension",0,*,"","ele-1:All FHIR elements must have a @value or children {hasValue() or (children().count() > id.count())}
ext-1:Must have either extensions or value[x], not both {extension.exists() != value.exists()}"
"contract-type","Extension.url","Extension.url","","","",1,1,"","","","uri {[]} {[]}
","identifies the meaning of the extension","Source of the definition for the extension code - a logical name or a URL.","The definition may point directly to a computable or human-readable definition of the extensibility codes, or it may be a logical URI as declared in some other specification. The definition SHALL be a URI for the Structure Definition defining the extension.","","","","<valueUri xmlns=""http://hl7.org/fhir"" value=""https://fhir-ig.digital.health.nz/pharmac-schedules/StructureDefinition/contract-type""/>","","","","",,,,,"",,,,"Extension.url",1,1,"",""
"contract-type","Extension.value[x]","Extension.value[x]","","","",0,1,"","","","string {[]} {[]}
","Contract type value","Value of extension - must be one of a constrained set of the data types (see [Extensibility](http://hl7.org/fhir/R4/extensibility.html) for a list).","","","","","","","","","",,,,,"",,,,"Extension.value[x]",0,1,"","ele-1:All FHIR elements must have a @value or children {hasValue() or (children().count() > id.count())}
"
"cost-brand-source","Extension","Extension","","","",0,*,"","","","null {[]} {[]}
","Cost Brand Source","Indicates whether pricing for this item is sourced from a cost brand.","","","","","","","","","",,,,,"",,,,"Extension",0,*,"ele-1
","ele-1:All FHIR elements must have a @value or children {hasValue() or (children().count() > id.count())}
ext-1:Must have either extensions or value[x], not both {extension.exists() != value.exists()}"
"cost-brand-source","Extension.id","Extension.id","","","",0,1,"","","","string {[]} {[]}
","Unique id for inter-element referencing","Unique id for the element within a resource (for internal references). This may be any string value that does not contain spaces.","","","","","","","","","",,,,,"",,,,"Element.id",0,1,"",""
"cost-brand-source","Extension.extension","Extension.extension","","","",0,0,"","","","Extension {[]} {[]}
","Extension","An Extension","","","","","","","","","",,,,,"","value:url}
","Extensions are always sliced by (at least) url",,"open","Element.extension",0,*,"","ele-1:All FHIR elements must have a @value or children {hasValue() or (children().count() > id.count())}
ext-1:Must have either extensions or value[x], not both {extension.exists() != value.exists()}"
"cost-brand-source","Extension.url","Extension.url","","","",1,1,"","","","uri {[]} {[]}
","identifies the meaning of the extension","Source of the definition for the extension code - a logical name or a URL.","The definition may point directly to a computable or human-readable definition of the extensibility codes, or it may be a logical URI as declared in some other specification. The definition SHALL be a URI for the Structure Definition defining the extension.","","","","<valueUri xmlns=""http://hl7.org/fhir"" value=""https://fhir-ig.digital.health.nz/pharmac-schedules/StructureDefinition/cost-brand-source""/>","","","","",,,,,"",,,,"Extension.url",1,1,"",""
"cost-brand-source","Extension.value[x]","Extension.value[x]","","","",0,1,"","","","boolean {[]} {[]}
","Cost brand source flag","Value of extension - must be one of a constrained set of the data types (see [Extensibility](http://hl7.org/fhir/R4/extensibility.html) for a list).","","","","","","","","","",,,,,"",,,,"Extension.value[x]",0,1,"","ele-1:All FHIR elements must have a @value or children {hasValue() or (children().count() > id.count())}
"
"device-definition-reference","Extension","Extension","","","",0,*,"","","","null {[]} {[]}
","Device Definition Reference","Reference to a DeviceDefinition that this pricing applies to. Used because ChargeItemDefinition.instance can only reference Device, Medication, or Substance instances, not DeviceDefinition. For Medication, use ChargeItemDefinition.instance directly.","","","","","","","","","",,,,,"",,,,"Extension",0,*,"ele-1
","ele-1:All FHIR elements must have a @value or children {hasValue() or (children().count() > id.count())}
ext-1:Must have either extensions or value[x], not both {extension.exists() != value.exists()}"
"device-definition-reference","Extension.id","Extension.id","","","",0,1,"","","","string {[]} {[]}
","Unique id for inter-element referencing","Unique id for the element within a resource (for internal references). This may be any string value that does not contain spaces.","","","","","","","","","",,,,,"",,,,"Element.id",0,1,"",""
"device-definition-reference","Extension.extension","Extension.extension","","","",0,0,"","","","Extension {[]} {[]}
","Extension","An Extension","","","","","","","","","",,,,,"","value:url}
","Extensions are always sliced by (at least) url",,"open","Element.extension",0,*,"","ele-1:All FHIR elements must have a @value or children {hasValue() or (children().count() > id.count())}
ext-1:Must have either extensions or value[x], not both {extension.exists() != value.exists()}"
"device-definition-reference","Extension.url","Extension.url","","","",1,1,"","","","uri {[]} {[]}
","identifies the meaning of the extension","Source of the definition for the extension code - a logical name or a URL.","The definition may point directly to a computable or human-readable definition of the extensibility codes, or it may be a logical URI as declared in some other specification. The definition SHALL be a URI for the Structure Definition defining the extension.","","","","<valueUri xmlns=""http://hl7.org/fhir"" value=""https://fhir-ig.digital.health.nz/pharmac-schedules/StructureDefinition/device-definition-reference""/>","","","","",,,,,"",,,,"Extension.url",1,1,"",""
"device-definition-reference","Extension.value[x]","Extension.value[x]","","","",0,1,"","","","Reference {[]} {[CanonicalType[http://hl7.org/fhir/StructureDefinition/DeviceDefinition]]}
","Reference to DeviceDefinition","Value of extension - must be one of a constrained set of the data types (see [Extensibility](http://hl7.org/fhir/R4/extensibility.html) for a list).","","","","","","","","","",,,,,"",,,,"Extension.value[x]",0,1,"","ele-1:All FHIR elements must have a @value or children {hasValue() or (children().count() > id.count())}
"
"dv-limit-percent","Extension","Extension","","","",0,*,"","","","null {[]} {[]}
","Daily Volume Limit Percent","Percentage daily volume limit that applies to this item.","","","","","","","","","",,,,,"",,,,"Extension",0,*,"ele-1
","ele-1:All FHIR elements must have a @value or children {hasValue() or (children().count() > id.count())}
ext-1:Must have either extensions or value[x], not both {extension.exists() != value.exists()}"
"dv-limit-percent","Extension.id","Extension.id","","","",0,1,"","","","string {[]} {[]}
","Unique id for inter-element referencing","Unique id for the element within a resource (for internal references). This may be any string value that does not contain spaces.","","","","","","","","","",,,,,"",,,,"Element.id",0,1,"",""
"dv-limit-percent","Extension.extension","Extension.extension","","","",0,0,"","","","Extension {[]} {[]}
","Extension","An Extension","","","","","","","","","",,,,,"","value:url}
","Extensions are always sliced by (at least) url",,"open","Element.extension",0,*,"","ele-1:All FHIR elements must have a @value or children {hasValue() or (children().count() > id.count())}
ext-1:Must have either extensions or value[x], not both {extension.exists() != value.exists()}"
"dv-limit-percent","Extension.url","Extension.url","","","",1,1,"","","","uri {[]} {[]}
","identifies the meaning of the extension","Source of the definition for the extension code - a logical name or a URL.","The definition may point directly to a computable or human-readable definition of the extensibility codes, or it may be a logical URI as declared in some other specification. The definition SHALL be a URI for the Structure Definition defining the extension.","","","","<valueUri xmlns=""http://hl7.org/fhir"" value=""https://fhir-ig.digital.health.nz/pharmac-schedules/StructureDefinition/dv-limit-percent""/>","","","","",,,,,"",,,,"Extension.url",1,1,"",""
"dv-limit-percent","Extension.value[x]","Extension.value[x]","","","",0,1,"","","","decimal {[]} {[]}
","DV limit percentage","Value of extension - must be one of a constrained set of the data types (see [Extensibility](http://hl7.org/fhir/R4/extensibility.html) for a list).","","","","","","","","","",,,,,"",,,,"Extension.value[x]",0,1,"","ele-1:All FHIR elements must have a @value or children {hasValue() or (children().count() > id.count())}
"
"funding-rule","Extension","Extension","","","",0,*,"","","","null {[]} {[]}
","Funding Rule","Funding rules that define medication and device funding conditions, restrictions, and special requirements","","","","","","","","","",,,,,"",,,,"Extension",0,*,"ele-1
","ele-1:All FHIR elements must have a @value or children {hasValue() or (children().count() > id.count())}
ext-1:Must have either extensions or value[x], not both {extension.exists() != value.exists()}"
"funding-rule","Extension.id","Extension.id","","","",0,1,"","","","string {[]} {[]}
","Unique id for inter-element referencing","Unique id for the element within a resource (for internal references). This may be any string value that does not contain spaces.","","","","","","","","","",,,,,"",,,,"Element.id",0,1,"",""
"funding-rule","Extension.extension","Extension.extension","","","",1,*,"","","","Extension {[]} {[]}
","Extension","An Extension","","","","","","","","","",,,,,"","value:url}
","Extensions are always sliced by (at least) url",,"open","Element.extension",0,*,"","ele-1:All FHIR elements must have a @value or children {hasValue() or (children().count() > id.count())}
ext-1:Must have either extensions or value[x], not both {extension.exists() != value.exists()}"
"funding-rule","Extension.extension:type","Extension.extension","type","","",1,1,"Y","","","Extension {[]} {[]}
","Extension","An Extension","","","","","","","","","",,,,,"",,,,"Element.extension",0,*,"","ele-1:All FHIR elements must have a @value or children {hasValue() or (children().count() > id.count())}
ext-1:Must have either extensions or value[x], not both {extension.exists() != value.exists()}"
"funding-rule","Extension.extension:type.id","Extension.extension.id","","","",0,1,"","","","string {[]} {[]}
","Unique id for inter-element referencing","Unique id for the element within a resource (for internal references). This may be any string value that does not contain spaces.","","","","","","","","","",,,,,"",,,,"Element.id",0,1,"",""
"funding-rule","Extension.extension:type.extension","Extension.extension.extension","","","",0,0,"","","","Extension {[]} {[]}
","Extension","An Extension","","","","","","","","","",,,,,"","value:url}
","Extensions are always sliced by (at least) url",,"open","Element.extension",0,*,"","ele-1:All FHIR elements must have a @value or children {hasValue() or (children().count() > id.count())}
ext-1:Must have either extensions or value[x], not both {extension.exists() != value.exists()}"
"funding-rule","Extension.extension:type.url","Extension.extension.url","","","",1,1,"","","","uri {[]} {[]}
","identifies the meaning of the extension","Source of the definition for the extension code - a logical name or a URL.","The definition may point directly to a computable or human-readable definition of the extensibility codes, or it may be a logical URI as declared in some other specification. The definition SHALL be a URI for the Structure Definition defining the extension.","","","","<valueUri xmlns=""http://hl7.org/fhir"" value=""type""/>","","","","",,,,,"",,,,"Extension.url",1,1,"",""
"funding-rule","Extension.extension:type.value[x]","Extension.extension.value[x]","","","",0,1,"","","","code {[]} {[]}
","Funding type","The type of funding context (e.g., community, hospital). Typically aligns with PHARMAC schedule funding columns such as community or hospital supply.","","","","","","","","","",,,,,"",,,,"Extension.value[x]",0,1,"","ele-1:All FHIR elements must have a @value or children {hasValue() or (children().count() > id.count())}
"
"funding-rule","Extension.extension:rule","Extension.extension","rule","","",0,*,"Y","","","Extension {[]} {[]}
","Extension","An Extension","","","","","","","","","",,,,,"",,,,"Element.extension",0,*,"","ele-1:All FHIR elements must have a @value or children {hasValue() or (children().count() > id.count())}
ext-1:Must have either extensions or value[x], not both {extension.exists() != value.exists()}"
"funding-rule","Extension.extension:rule.id","Extension.extension.id","","","",0,1,"","","","string {[]} {[]}
","Unique id for inter-element referencing","Unique id for the element within a resource (for internal references). This may be any string value that does not contain spaces.","","","","","","","","","",,,,,"",,,,"Element.id",0,1,"",""
"funding-rule","Extension.extension:rule.extension","Extension.extension.extension","","","",1,*,"","","","Extension {[]} {[]}
","Extension","An Extension","","","","","","","","","",,,,,"","value:url}
","Extensions are always sliced by (at least) url",,"open","Element.extension",0,*,"","ele-1:All FHIR elements must have a @value or children {hasValue() or (children().count() > id.count())}
ext-1:Must have either extensions or value[x], not both {extension.exists() != value.exists()}"
"funding-rule","Extension.extension:rule.extension:type","Extension.extension.extension","type","","",1,1,"Y","","","Extension {[]} {[]}
","Extension","An Extension","","","","","","","","","",,,,,"",,,,"Element.extension",0,*,"","ele-1:All FHIR elements must have a @value or children {hasValue() or (children().count() > id.count())}
ext-1:Must have either extensions or value[x], not both {extension.exists() != value.exists()}"
"funding-rule","Extension.extension:rule.extension:type.id","Extension.extension.extension.id","","","",0,1,"","","","string {[]} {[]}
","Unique id for inter-element referencing","Unique id for the element within a resource (for internal references). This may be any string value that does not contain spaces.","","","","","","","","","",,,,,"",,,,"Element.id",0,1,"",""
"funding-rule","Extension.extension:rule.extension:type.extension","Extension.extension.extension.extension","","","",0,0,"","","","Extension {[]} {[]}
","Extension","An Extension","","","","","","","","","",,,,,"","value:url}
","Extensions are always sliced by (at least) url",,"open","Element.extension",0,*,"","ele-1:All FHIR elements must have a @value or children {hasValue() or (children().count() > id.count())}
ext-1:Must have either extensions or value[x], not both {extension.exists() != value.exists()}"
"funding-rule","Extension.extension:rule.extension:type.url","Extension.extension.extension.url","","","",1,1,"","","","uri {[]} {[]}
","identifies the meaning of the extension","Source of the definition for the extension code - a logical name or a URL.","The definition may point directly to a computable or human-readable definition of the extensibility codes, or it may be a logical URI as declared in some other specification. The definition SHALL be a URI for the Structure Definition defining the extension.","","","","<valueUri xmlns=""http://hl7.org/fhir"" value=""type""/>","","","","",,,,,"",,,,"Extension.url",1,1,"",""
"funding-rule","Extension.extension:rule.extension:type.value[x]","Extension.extension.extension.value[x]","","","",0,1,"","","","code {[]} {[]}
","Rule type","The type of funding rule (e.g., DoseSWt, FormReqd, FormMax, MaxCoPayment, SubRxF, Special, CaseSequence). CaseSequence indicates an ordered case within a card, with the numeric value held in the corresponding value element.","","","","","","","","","",,,,,"",,,,"Extension.value[x]",0,1,"","ele-1:All FHIR elements must have a @value or children {hasValue() or (children().count() > id.count())}
"
"funding-rule","Extension.extension:rule.extension:value","Extension.extension.extension","value","","",0,1,"Y","","","Extension {[]} {[]}
","Extension","Numeric value associated with the funding rule. For CaseSequence, this is the case sequence number (e.g., 1, 2).","","","","","","","","","",,,,,"",,,,"Element.extension",0,*,"","ele-1:All FHIR elements must have a @value or children {hasValue() or (children().count() > id.count())}
ext-1:Must have either extensions or value[x], not both {extension.exists() != value.exists()}"
"funding-rule","Extension.extension:rule.extension:value.id","Extension.extension.extension.id","","","",0,1,"","","","string {[]} {[]}
","Unique id for inter-element referencing","Unique id for the element within a resource (for internal references). This may be any string value that does not contain spaces.","","","","","","","","","",,,,,"",,,,"Element.id",0,1,"",""
"funding-rule","Extension.extension:rule.extension:value.extension","Extension.extension.extension.extension","","","",0,0,"","","","Extension {[]} {[]}
","Extension","An Extension","","","","","","","","","",,,,,"","value:url}
","Extensions are always sliced by (at least) url",,"open","Element.extension",0,*,"","ele-1:All FHIR elements must have a @value or children {hasValue() or (children().count() > id.count())}
ext-1:Must have either extensions or value[x], not both {extension.exists() != value.exists()}"
"funding-rule","Extension.extension:rule.extension:value.url","Extension.extension.extension.url","","","",1,1,"","","","uri {[]} {[]}
","identifies the meaning of the extension","Source of the definition for the extension code - a logical name or a URL.","The definition may point directly to a computable or human-readable definition of the extensibility codes, or it may be a logical URI as declared in some other specification. The definition SHALL be a URI for the Structure Definition defining the extension.","","","","<valueUri xmlns=""http://hl7.org/fhir"" value=""value""/>","","","","",,,,,"",,,,"Extension.url",1,1,"",""
"funding-rule","Extension.extension:rule.extension:value.value[x]","Extension.extension.extension.value[x]","","","",0,1,"","","","decimal {[]} {[]}
integer {[]} {[]}","Value of extension","Value of extension - must be one of a constrained set of the data types (see [Extensibility](http://hl7.org/fhir/R4/extensibility.html) for a list).","","","","","","","","","",,,,,"","type:$this}
","",,"closed","Extension.value[x]",0,1,"","ele-1:All FHIR elements must have a @value or children {hasValue() or (children().count() > id.count())}
"
"funding-rule","Extension.extension:rule.extension:value.value[x]:valueDecimal","Extension.extension.extension.value[x]","valueDecimal","","",0,1,"","","","decimal {[]} {[]}
","Rule value (decimal)","Value of extension - must be one of a constrained set of the data types (see [Extensibility](http://hl7.org/fhir/R4/extensibility.html) for a list).","","","","","","","","","",,,,,"",,,,"Extension.value[x]",0,1,"","ele-1:All FHIR elements must have a @value or children {hasValue() or (children().count() > id.count())}
"
"funding-rule","Extension.extension:rule.extension:value.value[x]:valueInteger","Extension.extension.extension.value[x]","valueInteger","","",0,1,"","","","integer {[]} {[]}
","Rule value (integer)","Value of extension - must be one of a constrained set of the data types (see [Extensibility](http://hl7.org/fhir/R4/extensibility.html) for a list).","","","","","","","","","",,,,,"",,,,"Extension.value[x]",0,1,"","ele-1:All FHIR elements must have a @value or children {hasValue() or (children().count() > id.count())}
"
"funding-rule","Extension.extension:rule.extension:attribute","Extension.extension.extension","attribute","","",0,1,"Y","","","Extension {[]} {[]}
","Extension","An Extension","","","","","","","","","",,,,,"",,,,"Element.extension",0,*,"","ele-1:All FHIR elements must have a @value or children {hasValue() or (children().count() > id.count())}
ext-1:Must have either extensions or value[x], not both {extension.exists() != value.exists()}"
"funding-rule","Extension.extension:rule.extension:attribute.id","Extension.extension.extension.id","","","",0,1,"","","","string {[]} {[]}
","Unique id for inter-element referencing","Unique id for the element within a resource (for internal references). This may be any string value that does not contain spaces.","","","","","","","","","",,,,,"",,,,"Element.id",0,1,"",""
"funding-rule","Extension.extension:rule.extension:attribute.extension","Extension.extension.extension.extension","","","",0,0,"","","","Extension {[]} {[]}
","Extension","An Extension","","","","","","","","","",,,,,"","value:url}
","Extensions are always sliced by (at least) url",,"open","Element.extension",0,*,"","ele-1:All FHIR elements must have a @value or children {hasValue() or (children().count() > id.count())}
ext-1:Must have either extensions or value[x], not both {extension.exists() != value.exists()}"
"funding-rule","Extension.extension:rule.extension:attribute.url","Extension.extension.extension.url","","","",1,1,"","","","uri {[]} {[]}
","identifies the meaning of the extension","Source of the definition for the extension code - a logical name or a URL.","The definition may point directly to a computable or human-readable definition of the extensibility codes, or it may be a logical URI as declared in some other specification. The definition SHALL be a URI for the Structure Definition defining the extension.","","","","<valueUri xmlns=""http://hl7.org/fhir"" value=""attribute""/>","","","","",,,,,"",,,,"Extension.url",1,1,"",""
"funding-rule","Extension.extension:rule.extension:attribute.value[x]","Extension.extension.extension.value[x]","","","",0,1,"","","","code {[]} {[]}
","Rule attribute","Attribute associated with the funding rule (e.g., Rx, Subsidy). This may be used to further qualify the rule type where required.","","","","","","","","","",,,,,"",,,,"Extension.value[x]",0,1,"","ele-1:All FHIR elements must have a @value or children {hasValue() or (children().count() > id.count())}
"
"funding-rule","Extension.extension:rule.extension:href","Extension.extension.extension","href","","",0,1,"Y","","","Extension {[]} {[]}
","Extension","An Extension","","","","","","","","","",,,,,"",,,,"Element.extension",0,*,"","ele-1:All FHIR elements must have a @value or children {hasValue() or (children().count() > id.count())}
ext-1:Must have either extensions or value[x], not both {extension.exists() != value.exists()}"
"funding-rule","Extension.extension:rule.extension:href.id","Extension.extension.extension.id","","","",0,1,"","","","string {[]} {[]}
","Unique id for inter-element referencing","Unique id for the element within a resource (for internal references). This may be any string value that does not contain spaces.","","","","","","","","","",,,,,"",,,,"Element.id",0,1,"",""
"funding-rule","Extension.extension:rule.extension:href.extension","Extension.extension.extension.extension","","","",0,0,"","","","Extension {[]} {[]}
","Extension","An Extension","","","","","","","","","",,,,,"","value:url}
","Extensions are always sliced by (at least) url",,"open","Element.extension",0,*,"","ele-1:All FHIR elements must have a @value or children {hasValue() or (children().count() > id.count())}
ext-1:Must have either extensions or value[x], not both {extension.exists() != value.exists()}"
"funding-rule","Extension.extension:rule.extension:href.url","Extension.extension.extension.url","","","",1,1,"","","","uri {[]} {[]}
","identifies the meaning of the extension","Source of the definition for the extension code - a logical name or a URL.","The definition may point directly to a computable or human-readable definition of the extensibility codes, or it may be a logical URI as declared in some other specification. The definition SHALL be a URI for the Structure Definition defining the extension.","","","","<valueUri xmlns=""http://hl7.org/fhir"" value=""href""/>","","","","",,,,,"",,,,"Extension.url",1,1,"",""
"funding-rule","Extension.extension:rule.extension:href.value[x]","Extension.extension.extension.value[x]","","","",0,1,"","","","code {[]} {[]}
","Rule href/reference","Reference code for special funding arrangements (e.g., SA2137)","","","","","","","","","",,,,,"",,,,"Extension.value[x]",0,1,"","ele-1:All FHIR elements must have a @value or children {hasValue() or (children().count() > id.count())}
"
"funding-rule","Extension.extension:rule.url","Extension.extension.url","","","",1,1,"","","","uri {[]} {[]}
","identifies the meaning of the extension","Source of the definition for the extension code - a logical name or a URL.","The definition may point directly to a computable or human-readable definition of the extensibility codes, or it may be a logical URI as declared in some other specification. The definition SHALL be a URI for the Structure Definition defining the extension.","","","","<valueUri xmlns=""http://hl7.org/fhir"" value=""rule""/>","","","","",,,,,"",,,,"Extension.url",1,1,"",""
"funding-rule","Extension.extension:rule.value[x]","Extension.extension.value[x]","","","",0,0,"","","","base64Binary {[]} {[]}
boolean {[]} {[]}canonical {[]} {[]}code {[]} {[]}date {[]} {[]}dateTime {[]} {[]}decimal {[]} {[]}id {[]} {[]}instant {[]} {[]}integer {[]} {[]}markdown {[]} {[]}oid {[]} {[]}positiveInt {[]} {[]}string {[]} {[]}time {[]} {[]}unsignedInt {[]} {[]}uri {[]} {[]}url {[]} {[]}uuid {[]} {[]}Address {[]} {[]}Age {[]} {[]}Annotation {[]} {[]}Attachment {[]} {[]}CodeableConcept {[]} {[]}Coding {[]} {[]}ContactPoint {[]} {[]}Count {[]} {[]}Distance {[]} {[]}Duration {[]} {[]}HumanName {[]} {[]}Identifier {[]} {[]}Money {[]} {[]}Period {[]} {[]}Quantity {[]} {[]}Range {[]} {[]}Ratio {[]} {[]}Reference {[]} {[]}SampledData {[]} {[]}Signature {[]} {[]}Timing {[]} {[]}ContactDetail {[]} {[]}Contributor {[]} {[]}DataRequirement {[]} {[]}Expression {[]} {[]}ParameterDefinition {[]} {[]}RelatedArtifact {[]} {[]}TriggerDefinition {[]} {[]}UsageContext {[]} {[]}Dosage {[]} {[]}Meta {[]} {[]}","Value of extension","Value of extension - must be one of a constrained set of the data types (see [Extensibility](http://hl7.org/fhir/R4/extensibility.html) for a list).","","","","","","","","","",,,,,"",,,,"Extension.value[x]",0,1,"","ele-1:All FHIR elements must have a @value or children {hasValue() or (children().count() > id.count())}
"
"funding-rule","Extension.url","Extension.url","","","",1,1,"","","","uri {[]} {[]}
","identifies the meaning of the extension","Source of the definition for the extension code - a logical name or a URL.","The definition may point directly to a computable or human-readable definition of the extensibility codes, or it may be a logical URI as declared in some other specification. The definition SHALL be a URI for the Structure Definition defining the extension.","","","","<valueUri xmlns=""http://hl7.org/fhir"" value=""http://schedule.pharmac.govt.nz/fhir/StructureDefinition/funding-rule""/>","","","","",,,,,"",,,,"Extension.url",1,1,"",""
"funding-rule","Extension.value[x]","Extension.value[x]","","","",0,0,"","","","base64Binary {[]} {[]}
boolean {[]} {[]}canonical {[]} {[]}code {[]} {[]}date {[]} {[]}dateTime {[]} {[]}decimal {[]} {[]}id {[]} {[]}instant {[]} {[]}integer {[]} {[]}markdown {[]} {[]}oid {[]} {[]}positiveInt {[]} {[]}string {[]} {[]}time {[]} {[]}unsignedInt {[]} {[]}uri {[]} {[]}url {[]} {[]}uuid {[]} {[]}Address {[]} {[]}Age {[]} {[]}Annotation {[]} {[]}Attachment {[]} {[]}CodeableConcept {[]} {[]}Coding {[]} {[]}ContactPoint {[]} {[]}Count {[]} {[]}Distance {[]} {[]}Duration {[]} {[]}HumanName {[]} {[]}Identifier {[]} {[]}Money {[]} {[]}Period {[]} {[]}Quantity {[]} {[]}Range {[]} {[]}Ratio {[]} {[]}Reference {[]} {[]}SampledData {[]} {[]}Signature {[]} {[]}Timing {[]} {[]}ContactDetail {[]} {[]}Contributor {[]} {[]}DataRequirement {[]} {[]}Expression {[]} {[]}ParameterDefinition {[]} {[]}RelatedArtifact {[]} {[]}TriggerDefinition {[]} {[]}UsageContext {[]} {[]}Dosage {[]} {[]}Meta {[]} {[]}","Value of extension","Value of extension - must be one of a constrained set of the data types (see [Extensibility](http://hl7.org/fhir/R4/extensibility.html) for a list).","","","","","","","","","",,,,,"",,,,"Extension.value[x]",0,1,"","ele-1:All FHIR elements must have a @value or children {hasValue() or (children().count() > id.count())}
"
"funding-subsidy-amount","Extension","Extension","","","",0,*,"","","","null {[]} {[]}
","Funding Subsidy Amount","Structured subsidy details for funding rule cases, including subsidy type, status, optional amount, and display label.","","","","","","","","","",,,,,"",,,,"Extension",0,*,"ele-1
","ele-1:All FHIR elements must have a @value or children {hasValue() or (children().count() > id.count())}
ext-1:Must have either extensions or value[x], not both {extension.exists() != value.exists()}"
"funding-subsidy-amount","Extension.id","Extension.id","","","",0,1,"","","","string {[]} {[]}
","Unique id for inter-element referencing","Unique id for the element within a resource (for internal references). This may be any string value that does not contain spaces.","","","","","","","","","",,,,,"",,,,"Element.id",0,1,"",""
"funding-subsidy-amount","Extension.extension","Extension.extension","","extensions
user content","",0,*,"","","","Extension {[]} {[]}
","Additional content defined by implementations","May be used to represent additional information that is not part of the basic definition of the element. To make the use of extensions safe and manageable, there is a strict set of governance  applied to the definition and use of extensions. Though any implementer can define an extension, there is a set of requirements that SHALL be met as part of the definition of the extension.","There can be no stigma associated with the use of extensions by any application, project, or standard - regardless of the institution or jurisdiction that uses or defines the extensions.  The use of extensions is what allows the FHIR specification to retain a core level of simplicity for everyone.","","","","","","","","",,,,,"","value:url}
","Extensions are always sliced by (at least) url",,"open","Element.extension",0,*,"","ele-1:All FHIR elements must have a @value or children {hasValue() or (children().count() > id.count())}
ext-1:Must have either extensions or value[x], not both {extension.exists() != value.exists()}"
"funding-subsidy-amount","Extension.extension:subsidyType","Extension.extension","subsidyType","","",0,1,"","","","Extension {[]} {[]}
","Extension","An Extension","","","","","","","","","",,,,,"",,,,"Element.extension",0,*,"","ele-1:All FHIR elements must have a @value or children {hasValue() or (children().count() > id.count())}
ext-1:Must have either extensions or value[x], not both {extension.exists() != value.exists()}"
"funding-subsidy-amount","Extension.extension:subsidyType.id","Extension.extension.id","","","",0,1,"","","","string {[]} {[]}
","Unique id for inter-element referencing","Unique id for the element within a resource (for internal references). This may be any string value that does not contain spaces.","","","","","","","","","",,,,,"",,,,"Element.id",0,1,"",""
"funding-subsidy-amount","Extension.extension:subsidyType.extension","Extension.extension.extension","","","",0,0,"","","","Extension {[]} {[]}
","Extension","An Extension","","","","","","","","","",,,,,"","value:url}
","Extensions are always sliced by (at least) url",,"open","Element.extension",0,*,"","ele-1:All FHIR elements must have a @value or children {hasValue() or (children().count() > id.count())}
ext-1:Must have either extensions or value[x], not both {extension.exists() != value.exists()}"
"funding-subsidy-amount","Extension.extension:subsidyType.url","Extension.extension.url","","","",1,1,"","","","uri {[]} {[]}
","identifies the meaning of the extension","Source of the definition for the extension code - a logical name or a URL.","The definition may point directly to a computable or human-readable definition of the extensibility codes, or it may be a logical URI as declared in some other specification. The definition SHALL be a URI for the Structure Definition defining the extension.","","","","<valueUri xmlns=""http://hl7.org/fhir"" value=""subsidyType""/>","","","","",,,,,"",,,,"Extension.url",1,1,"",""
"funding-subsidy-amount","Extension.extension:subsidyType.value[x]","Extension.extension.value[x]","","","",0,1,"","","","code {[]} {[]}
","Subsidy type code","Value of extension - must be one of a constrained set of the data types (see [Extensibility](http://hl7.org/fhir/R4/extensibility.html) for a list).","","","","","","","","","",,,,,"",,,,"Extension.value[x]",0,1,"","ele-1:All FHIR elements must have a @value or children {hasValue() or (children().count() > id.count())}
"
"funding-subsidy-amount","Extension.extension:subsidyStatus","Extension.extension","subsidyStatus","","",0,1,"","","","Extension {[]} {[]}
","Extension","An Extension","","","","","","","","","",,,,,"",,,,"Element.extension",0,*,"","ele-1:All FHIR elements must have a @value or children {hasValue() or (children().count() > id.count())}
ext-1:Must have either extensions or value[x], not both {extension.exists() != value.exists()}"
"funding-subsidy-amount","Extension.extension:subsidyStatus.id","Extension.extension.id","","","",0,1,"","","","string {[]} {[]}
","Unique id for inter-element referencing","Unique id for the element within a resource (for internal references). This may be any string value that does not contain spaces.","","","","","","","","","",,,,,"",,,,"Element.id",0,1,"",""
"funding-subsidy-amount","Extension.extension:subsidyStatus.extension","Extension.extension.extension","","","",0,0,"","","","Extension {[]} {[]}
","Extension","An Extension","","","","","","","","","",,,,,"","value:url}
","Extensions are always sliced by (at least) url",,"open","Element.extension",0,*,"","ele-1:All FHIR elements must have a @value or children {hasValue() or (children().count() > id.count())}
ext-1:Must have either extensions or value[x], not both {extension.exists() != value.exists()}"
"funding-subsidy-amount","Extension.extension:subsidyStatus.url","Extension.extension.url","","","",1,1,"","","","uri {[]} {[]}
","identifies the meaning of the extension","Source of the definition for the extension code - a logical name or a URL.","The definition may point directly to a computable or human-readable definition of the extensibility codes, or it may be a logical URI as declared in some other specification. The definition SHALL be a URI for the Structure Definition defining the extension.","","","","<valueUri xmlns=""http://hl7.org/fhir"" value=""subsidyStatus""/>","","","","",,,,,"",,,,"Extension.url",1,1,"",""
"funding-subsidy-amount","Extension.extension:subsidyStatus.value[x]","Extension.extension.value[x]","","","",0,1,"","","","code {[]} {[]}
","Subsidy status code","Value of extension - must be one of a constrained set of the data types (see [Extensibility](http://hl7.org/fhir/R4/extensibility.html) for a list).","","","","","","","","","",,,,,"",,,,"Extension.value[x]",0,1,"","ele-1:All FHIR elements must have a @value or children {hasValue() or (children().count() > id.count())}
"
"funding-subsidy-amount","Extension.extension:amount","Extension.extension","amount","","",0,1,"","","","Extension {[]} {[]}
","Extension","An Extension","","","","","","","","","",,,,,"",,,,"Element.extension",0,*,"","ele-1:All FHIR elements must have a @value or children {hasValue() or (children().count() > id.count())}
ext-1:Must have either extensions or value[x], not both {extension.exists() != value.exists()}"
"funding-subsidy-amount","Extension.extension:amount.id","Extension.extension.id","","","",0,1,"","","","string {[]} {[]}
","Unique id for inter-element referencing","Unique id for the element within a resource (for internal references). This may be any string value that does not contain spaces.","","","","","","","","","",,,,,"",,,,"Element.id",0,1,"",""
"funding-subsidy-amount","Extension.extension:amount.extension","Extension.extension.extension","","","",0,0,"","","","Extension {[]} {[]}
","Extension","An Extension","","","","","","","","","",,,,,"","value:url}
","Extensions are always sliced by (at least) url",,"open","Element.extension",0,*,"","ele-1:All FHIR elements must have a @value or children {hasValue() or (children().count() > id.count())}
ext-1:Must have either extensions or value[x], not both {extension.exists() != value.exists()}"
"funding-subsidy-amount","Extension.extension:amount.url","Extension.extension.url","","","",1,1,"","","","uri {[]} {[]}
","identifies the meaning of the extension","Source of the definition for the extension code - a logical name or a URL.","The definition may point directly to a computable or human-readable definition of the extensibility codes, or it may be a logical URI as declared in some other specification. The definition SHALL be a URI for the Structure Definition defining the extension.","","","","<valueUri xmlns=""http://hl7.org/fhir"" value=""amount""/>","","","","",,,,,"",,,,"Extension.url",1,1,"",""
"funding-subsidy-amount","Extension.extension:amount.value[x]","Extension.extension.value[x]","","","",0,1,"","","","Money {[]} {[]}
","Subsidy amount","Value of extension - must be one of a constrained set of the data types (see [Extensibility](http://hl7.org/fhir/R4/extensibility.html) for a list).","","","","","","","","","",,,,,"",,,,"Extension.value[x]",0,1,"","ele-1:All FHIR elements must have a @value or children {hasValue() or (children().count() > id.count())}
"
"funding-subsidy-amount","Extension.extension:display","Extension.extension","display","","",0,1,"","","","Extension {[]} {[]}
","Extension","An Extension","","","","","","","","","",,,,,"",,,,"Element.extension",0,*,"","ele-1:All FHIR elements must have a @value or children {hasValue() or (children().count() > id.count())}
ext-1:Must have either extensions or value[x], not both {extension.exists() != value.exists()}"
"funding-subsidy-amount","Extension.extension:display.id","Extension.extension.id","","","",0,1,"","","","string {[]} {[]}
","Unique id for inter-element referencing","Unique id for the element within a resource (for internal references). This may be any string value that does not contain spaces.","","","","","","","","","",,,,,"",,,,"Element.id",0,1,"",""
"funding-subsidy-amount","Extension.extension:display.extension","Extension.extension.extension","","","",0,0,"","","","Extension {[]} {[]}
","Extension","An Extension","","","","","","","","","",,,,,"","value:url}
","Extensions are always sliced by (at least) url",,"open","Element.extension",0,*,"","ele-1:All FHIR elements must have a @value or children {hasValue() or (children().count() > id.count())}
ext-1:Must have either extensions or value[x], not both {extension.exists() != value.exists()}"
"funding-subsidy-amount","Extension.extension:display.url","Extension.extension.url","","","",1,1,"","","","uri {[]} {[]}
","identifies the meaning of the extension","Source of the definition for the extension code - a logical name or a URL.","The definition may point directly to a computable or human-readable definition of the extensibility codes, or it may be a logical URI as declared in some other specification. The definition SHALL be a URI for the Structure Definition defining the extension.","","","","<valueUri xmlns=""http://hl7.org/fhir"" value=""display""/>","","","","",,,,,"",,,,"Extension.url",1,1,"",""
"funding-subsidy-amount","Extension.extension:display.value[x]","Extension.extension.value[x]","","","",0,1,"","","","string {[]} {[]}
","Subsidy label","Value of extension - must be one of a constrained set of the data types (see [Extensibility](http://hl7.org/fhir/R4/extensibility.html) for a list).","","","","","","","","","",,,,,"",,,,"Extension.value[x]",0,1,"","ele-1:All FHIR elements must have a @value or children {hasValue() or (children().count() > id.count())}
"
"funding-subsidy-amount","Extension.url","Extension.url","","","",1,1,"","","","uri {[]} {[]}
","identifies the meaning of the extension","Source of the definition for the extension code - a logical name or a URL.","The definition may point directly to a computable or human-readable definition of the extensibility codes, or it may be a logical URI as declared in some other specification. The definition SHALL be a URI for the Structure Definition defining the extension.","","","","<valueUri xmlns=""http://hl7.org/fhir"" value=""https://fhir-ig.digital.health.nz/pharmac-schedules/StructureDefinition/funding-subsidy-amount""/>","","","","",,,,,"",,,,"Extension.url",1,1,"",""
"funding-subsidy-amount","Extension.value[x]","Extension.value[x]","","","",0,0,"","","","base64Binary {[]} {[]}
boolean {[]} {[]}canonical {[]} {[]}code {[]} {[]}date {[]} {[]}dateTime {[]} {[]}decimal {[]} {[]}id {[]} {[]}instant {[]} {[]}integer {[]} {[]}markdown {[]} {[]}oid {[]} {[]}positiveInt {[]} {[]}string {[]} {[]}time {[]} {[]}unsignedInt {[]} {[]}uri {[]} {[]}url {[]} {[]}uuid {[]} {[]}Address {[]} {[]}Age {[]} {[]}Annotation {[]} {[]}Attachment {[]} {[]}CodeableConcept {[]} {[]}Coding {[]} {[]}ContactPoint {[]} {[]}Count {[]} {[]}Distance {[]} {[]}Duration {[]} {[]}HumanName {[]} {[]}Identifier {[]} {[]}Money {[]} {[]}Period {[]} {[]}Quantity {[]} {[]}Range {[]} {[]}Ratio {[]} {[]}Reference {[]} {[]}SampledData {[]} {[]}Signature {[]} {[]}Timing {[]} {[]}ContactDetail {[]} {[]}Contributor {[]} {[]}DataRequirement {[]} {[]}Expression {[]} {[]}ParameterDefinition {[]} {[]}RelatedArtifact {[]} {[]}TriggerDefinition {[]} {[]}UsageContext {[]} {[]}Dosage {[]} {[]}Meta {[]} {[]}","Value of extension","Value of extension - must be one of a constrained set of the data types (see [Extensibility](http://hl7.org/fhir/R4/extensibility.html) for a list).","","","","","","","","","",,,,,"",,,,"Extension.value[x]",0,1,"","ele-1:All FHIR elements must have a @value or children {hasValue() or (children().count() > id.count())}
"
"in-combination","Extension","Extension","","","",0,*,"","","","null {[]} {[]}
","In-Combination","Indicates whether this item is only subsidised when used in combination with other medicines or treatments.","","","","","","","","","",,,,,"",,,,"Extension",0,*,"ele-1
","ele-1:All FHIR elements must have a @value or children {hasValue() or (children().count() > id.count())}
ext-1:Must have either extensions or value[x], not both {extension.exists() != value.exists()}"
"in-combination","Extension.id","Extension.id","","","",0,1,"","","","string {[]} {[]}
","Unique id for inter-element referencing","Unique id for the element within a resource (for internal references). This may be any string value that does not contain spaces.","","","","","","","","","",,,,,"",,,,"Element.id",0,1,"",""
"in-combination","Extension.extension","Extension.extension","","","",0,0,"","","","Extension {[]} {[]}
","Extension","An Extension","","","","","","","","","",,,,,"","value:url}
","Extensions are always sliced by (at least) url",,"open","Element.extension",0,*,"","ele-1:All FHIR elements must have a @value or children {hasValue() or (children().count() > id.count())}
ext-1:Must have either extensions or value[x], not both {extension.exists() != value.exists()}"
"in-combination","Extension.url","Extension.url","","","",1,1,"","","","uri {[]} {[]}
","identifies the meaning of the extension","Source of the definition for the extension code - a logical name or a URL.","The definition may point directly to a computable or human-readable definition of the extensibility codes, or it may be a logical URI as declared in some other specification. The definition SHALL be a URI for the Structure Definition defining the extension.","","","","<valueUri xmlns=""http://hl7.org/fhir"" value=""https://fhir-ig.digital.health.nz/pharmac-schedules/StructureDefinition/in-combination""/>","","","","",,,,,"",,,,"Extension.url",1,1,"",""
"in-combination","Extension.value[x]","Extension.value[x]","","","",0,1,"","","","string {[]} {[]}
","In-combination flag","Value of extension - must be one of a constrained set of the data types (see [Extensibility](http://hl7.org/fhir/R4/extensibility.html) for a list).","","","","","","","","","",,,,,"",,,,"Extension.value[x]",0,1,"","ele-1:All FHIR elements must have a @value or children {hasValue() or (children().count() > id.count())}
"
"medication-atc","Extension","Extension","","","",0,*,"","","","null {[]} {[]}
","Medication ATC","ATC code and display for the medication.","","","","","","","","","",,,,,"",,,,"Extension",0,*,"ele-1
","ele-1:All FHIR elements must have a @value or children {hasValue() or (children().count() > id.count())}
ext-1:Must have either extensions or value[x], not both {extension.exists() != value.exists()}"
"medication-atc","Extension.id","Extension.id","","","",0,1,"","","","string {[]} {[]}
","Unique id for inter-element referencing","Unique id for the element within a resource (for internal references). This may be any string value that does not contain spaces.","","","","","","","","","",,,,,"",,,,"Element.id",0,1,"",""
"medication-atc","Extension.extension","Extension.extension","","","",0,0,"","","","Extension {[]} {[]}
","Extension","An Extension","","","","","","","","","",,,,,"","value:url}
","Extensions are always sliced by (at least) url",,"open","Element.extension",0,*,"","ele-1:All FHIR elements must have a @value or children {hasValue() or (children().count() > id.count())}
ext-1:Must have either extensions or value[x], not both {extension.exists() != value.exists()}"
"medication-atc","Extension.url","Extension.url","","","",1,1,"","","","uri {[]} {[]}
","identifies the meaning of the extension","Source of the definition for the extension code - a logical name or a URL.","The definition may point directly to a computable or human-readable definition of the extensibility codes, or it may be a logical URI as declared in some other specification. The definition SHALL be a URI for the Structure Definition defining the extension.","","","","<valueUri xmlns=""http://hl7.org/fhir"" value=""https://fhir-ig.digital.health.nz/pharmac-schedules/StructureDefinition/medication-atc""/>","","","","",,,,,"",,,,"Extension.url",1,1,"",""
"medication-atc","Extension.value[x]","Extension.value[x]","","","",0,1,"","","","CodeableConcept {[]} {[]}
","ATC code","Value of extension - must be one of a constrained set of the data types (see [Extensibility](http://hl7.org/fhir/R4/extensibility.html) for a list).","","","","","","","","","",,,,,"",,,,"Extension.value[x]",0,1,"","ele-1:All FHIR elements must have a @value or children {hasValue() or (children().count() > id.count())}
"
"medication-description","Extension","Extension","","","",0,*,"","","","null {[]} {[]}
","Medication Description","Structured description fields for medication terms.","","","","","","","","","",,,,,"",,,,"Extension",0,*,"ele-1
","ele-1:All FHIR elements must have a @value or children {hasValue() or (children().count() > id.count())}
ext-1:Must have either extensions or value[x], not both {extension.exists() != value.exists()}"
"medication-description","Extension.id","Extension.id","","","",0,1,"","","","string {[]} {[]}
","Unique id for inter-element referencing","Unique id for the element within a resource (for internal references). This may be any string value that does not contain spaces.","","","","","","","","","",,,,,"",,,,"Element.id",0,1,"",""
"medication-description","Extension.extension","Extension.extension","","extensions
user content","",0,*,"","","","Extension {[]} {[]}
","Additional content defined by implementations","May be used to represent additional information that is not part of the basic definition of the element. To make the use of extensions safe and manageable, there is a strict set of governance  applied to the definition and use of extensions. Though any implementer can define an extension, there is a set of requirements that SHALL be met as part of the definition of the extension.","There can be no stigma associated with the use of extensions by any application, project, or standard - regardless of the institution or jurisdiction that uses or defines the extensions.  The use of extensions is what allows the FHIR specification to retain a core level of simplicity for everyone.","","","","","","","","",,,,,"","value:url}
","Extensions are always sliced by (at least) url",,"open","Element.extension",0,*,"","ele-1:All FHIR elements must have a @value or children {hasValue() or (children().count() > id.count())}
ext-1:Must have either extensions or value[x], not both {extension.exists() != value.exists()}"
"medication-description","Extension.extension:type","Extension.extension","type","","",0,1,"","","","Extension {[]} {[]}
","Extension","An Extension","","","","","","","","","",,,,,"",,,,"Element.extension",0,*,"","ele-1:All FHIR elements must have a @value or children {hasValue() or (children().count() > id.count())}
ext-1:Must have either extensions or value[x], not both {extension.exists() != value.exists()}"
"medication-description","Extension.extension:type.id","Extension.extension.id","","","",0,1,"","","","string {[]} {[]}
","Unique id for inter-element referencing","Unique id for the element within a resource (for internal references). This may be any string value that does not contain spaces.","","","","","","","","","",,,,,"",,,,"Element.id",0,1,"",""
"medication-description","Extension.extension:type.extension","Extension.extension.extension","","","",0,0,"","","","Extension {[]} {[]}
","Extension","An Extension","","","","","","","","","",,,,,"","value:url}
","Extensions are always sliced by (at least) url",,"open","Element.extension",0,*,"","ele-1:All FHIR elements must have a @value or children {hasValue() or (children().count() > id.count())}
ext-1:Must have either extensions or value[x], not both {extension.exists() != value.exists()}"
"medication-description","Extension.extension:type.url","Extension.extension.url","","","",1,1,"","","","uri {[]} {[]}
","identifies the meaning of the extension","Source of the definition for the extension code - a logical name or a URL.","The definition may point directly to a computable or human-readable definition of the extensibility codes, or it may be a logical URI as declared in some other specification. The definition SHALL be a URI for the Structure Definition defining the extension.","","","","<valueUri xmlns=""http://hl7.org/fhir"" value=""type""/>","","","","",,,,,"",,,,"Extension.url",1,1,"",""
"medication-description","Extension.extension:type.value[x]","Extension.extension.value[x]","","","",0,1,"","","","CodeableConcept {[]} {[]}
","Description type","Value of extension - must be one of a constrained set of the data types (see [Extensibility](http://hl7.org/fhir/R4/extensibility.html) for a list).","","","","","","","","","",,,,,"",,,,"Extension.value[x]",0,1,"","ele-1:All FHIR elements must have a @value or children {hasValue() or (children().count() > id.count())}
"
"medication-description","Extension.extension:term","Extension.extension","term","","",0,1,"","","","Extension {[]} {[]}
","Extension","An Extension","","","","","","","","","",,,,,"",,,,"Element.extension",0,*,"","ele-1:All FHIR elements must have a @value or children {hasValue() or (children().count() > id.count())}
ext-1:Must have either extensions or value[x], not both {extension.exists() != value.exists()}"
"medication-description","Extension.extension:term.id","Extension.extension.id","","","",0,1,"","","","string {[]} {[]}
","Unique id for inter-element referencing","Unique id for the element within a resource (for internal references). This may be any string value that does not contain spaces.","","","","","","","","","",,,,,"",,,,"Element.id",0,1,"",""
"medication-description","Extension.extension:term.extension","Extension.extension.extension","","","",0,0,"","","","Extension {[]} {[]}
","Extension","An Extension","","","","","","","","","",,,,,"","value:url}
","Extensions are always sliced by (at least) url",,"open","Element.extension",0,*,"","ele-1:All FHIR elements must have a @value or children {hasValue() or (children().count() > id.count())}
ext-1:Must have either extensions or value[x], not both {extension.exists() != value.exists()}"
"medication-description","Extension.extension:term.url","Extension.extension.url","","","",1,1,"","","","uri {[]} {[]}
","identifies the meaning of the extension","Source of the definition for the extension code - a logical name or a URL.","The definition may point directly to a computable or human-readable definition of the extensibility codes, or it may be a logical URI as declared in some other specification. The definition SHALL be a URI for the Structure Definition defining the extension.","","","","<valueUri xmlns=""http://hl7.org/fhir"" value=""term""/>","","","","",,,,,"",,,,"Extension.url",1,1,"",""
"medication-description","Extension.extension:term.value[x]","Extension.extension.value[x]","","","",0,1,"","","","CodeableConcept {[]} {[]}
","Description term","Value of extension - must be one of a constrained set of the data types (see [Extensibility](http://hl7.org/fhir/R4/extensibility.html) for a list).","","","","","","","","","",,,,,"",,,,"Extension.value[x]",0,1,"","ele-1:All FHIR elements must have a @value or children {hasValue() or (children().count() > id.count())}
"
"medication-description","Extension.url","Extension.url","","","",1,1,"","","","uri {[]} {[]}
","identifies the meaning of the extension","Source of the definition for the extension code - a logical name or a URL.","The definition may point directly to a computable or human-readable definition of the extensibility codes, or it may be a logical URI as declared in some other specification. The definition SHALL be a URI for the Structure Definition defining the extension.","","","","<valueUri xmlns=""http://hl7.org/fhir"" value=""https://fhir-ig.digital.health.nz/pharmac-schedules/StructureDefinition/medication-description""/>","","","","",,,,,"",,,,"Extension.url",1,1,"",""
"medication-description","Extension.value[x]","Extension.value[x]","","","",0,0,"","","","base64Binary {[]} {[]}
boolean {[]} {[]}canonical {[]} {[]}code {[]} {[]}date {[]} {[]}dateTime {[]} {[]}decimal {[]} {[]}id {[]} {[]}instant {[]} {[]}integer {[]} {[]}markdown {[]} {[]}oid {[]} {[]}positiveInt {[]} {[]}string {[]} {[]}time {[]} {[]}unsignedInt {[]} {[]}uri {[]} {[]}url {[]} {[]}uuid {[]} {[]}Address {[]} {[]}Age {[]} {[]}Annotation {[]} {[]}Attachment {[]} {[]}CodeableConcept {[]} {[]}Coding {[]} {[]}ContactPoint {[]} {[]}Count {[]} {[]}Distance {[]} {[]}Duration {[]} {[]}HumanName {[]} {[]}Identifier {[]} {[]}Money {[]} {[]}Period {[]} {[]}Quantity {[]} {[]}Range {[]} {[]}Ratio {[]} {[]}Reference {[]} {[]}SampledData {[]} {[]}Signature {[]} {[]}Timing {[]} {[]}ContactDetail {[]} {[]}Contributor {[]} {[]}DataRequirement {[]} {[]}Expression {[]} {[]}ParameterDefinition {[]} {[]}RelatedArtifact {[]} {[]}TriggerDefinition {[]} {[]}UsageContext {[]} {[]}Dosage {[]} {[]}Meta {[]} {[]}","Value of extension","Value of extension - must be one of a constrained set of the data types (see [Extensibility](http://hl7.org/fhir/R4/extensibility.html) for a list).","","","","","","","","","",,,,,"",,,,"Extension.value[x]",0,1,"","ele-1:All FHIR elements must have a @value or children {hasValue() or (children().count() > id.count())}
"
"medication-legal-class","Extension","Extension","","","",0,*,"","","","null {[]} {[]}
","Medication Legal Class","Structured legal class code for a medication.","","","","","","","","","",,,,,"",,,,"Extension",0,*,"ele-1
","ele-1:All FHIR elements must have a @value or children {hasValue() or (children().count() > id.count())}
ext-1:Must have either extensions or value[x], not both {extension.exists() != value.exists()}"
"medication-legal-class","Extension.id","Extension.id","","","",0,1,"","","","string {[]} {[]}
","Unique id for inter-element referencing","Unique id for the element within a resource (for internal references). This may be any string value that does not contain spaces.","","","","","","","","","",,,,,"",,,,"Element.id",0,1,"",""
"medication-legal-class","Extension.extension","Extension.extension","","extensions
user content","",0,*,"","","","Extension {[]} {[]}
","Additional content defined by implementations","May be used to represent additional information that is not part of the basic definition of the element. To make the use of extensions safe and manageable, there is a strict set of governance  applied to the definition and use of extensions. Though any implementer can define an extension, there is a set of requirements that SHALL be met as part of the definition of the extension.","There can be no stigma associated with the use of extensions by any application, project, or standard - regardless of the institution or jurisdiction that uses or defines the extensions.  The use of extensions is what allows the FHIR specification to retain a core level of simplicity for everyone.","","","","","","","","",,,,,"","value:url}
","Extensions are always sliced by (at least) url",,"open","Element.extension",0,*,"","ele-1:All FHIR elements must have a @value or children {hasValue() or (children().count() > id.count())}
ext-1:Must have either extensions or value[x], not both {extension.exists() != value.exists()}"
"medication-legal-class","Extension.extension:code","Extension.extension","code","","",0,1,"","","","Extension {[]} {[]}
","Extension","An Extension","","","","","","","","","",,,,,"",,,,"Element.extension",0,*,"","ele-1:All FHIR elements must have a @value or children {hasValue() or (children().count() > id.count())}
ext-1:Must have either extensions or value[x], not both {extension.exists() != value.exists()}"
"medication-legal-class","Extension.extension:code.id","Extension.extension.id","","","",0,1,"","","","string {[]} {[]}
","Unique id for inter-element referencing","Unique id for the element within a resource (for internal references). This may be any string value that does not contain spaces.","","","","","","","","","",,,,,"",,,,"Element.id",0,1,"",""
"medication-legal-class","Extension.extension:code.extension","Extension.extension.extension","","","",0,0,"","","","Extension {[]} {[]}
","Extension","An Extension","","","","","","","","","",,,,,"","value:url}
","Extensions are always sliced by (at least) url",,"open","Element.extension",0,*,"","ele-1:All FHIR elements must have a @value or children {hasValue() or (children().count() > id.count())}
ext-1:Must have either extensions or value[x], not both {extension.exists() != value.exists()}"
"medication-legal-class","Extension.extension:code.url","Extension.extension.url","","","",1,1,"","","","uri {[]} {[]}
","identifies the meaning of the extension","Source of the definition for the extension code - a logical name or a URL.","The definition may point directly to a computable or human-readable definition of the extensibility codes, or it may be a logical URI as declared in some other specification. The definition SHALL be a URI for the Structure Definition defining the extension.","","","","<valueUri xmlns=""http://hl7.org/fhir"" value=""code""/>","","","","",,,,,"",,,,"Extension.url",1,1,"",""
"medication-legal-class","Extension.extension:code.value[x]","Extension.extension.value[x]","","","",0,1,"","","","CodeableConcept {[]} {[]}
","Legal class code","Value of extension - must be one of a constrained set of the data types (see [Extensibility](http://hl7.org/fhir/R4/extensibility.html) for a list).","","","","","","","","","",,,,,"",,,,"Extension.value[x]",0,1,"","ele-1:All FHIR elements must have a @value or children {hasValue() or (children().count() > id.count())}
"
"medication-legal-class","Extension.url","Extension.url","","","",1,1,"","","","uri {[]} {[]}
","identifies the meaning of the extension","Source of the definition for the extension code - a logical name or a URL.","The definition may point directly to a computable or human-readable definition of the extensibility codes, or it may be a logical URI as declared in some other specification. The definition SHALL be a URI for the Structure Definition defining the extension.","","","","<valueUri xmlns=""http://hl7.org/fhir"" value=""https://fhir-ig.digital.health.nz/pharmac-schedules/StructureDefinition/medication-legal-class""/>","","","","",,,,,"",,,,"Extension.url",1,1,"",""
"medication-legal-class","Extension.value[x]","Extension.value[x]","","","",0,0,"","","","base64Binary {[]} {[]}
boolean {[]} {[]}canonical {[]} {[]}code {[]} {[]}date {[]} {[]}dateTime {[]} {[]}decimal {[]} {[]}id {[]} {[]}instant {[]} {[]}integer {[]} {[]}markdown {[]} {[]}oid {[]} {[]}positiveInt {[]} {[]}string {[]} {[]}time {[]} {[]}unsignedInt {[]} {[]}uri {[]} {[]}url {[]} {[]}uuid {[]} {[]}Address {[]} {[]}Age {[]} {[]}Annotation {[]} {[]}Attachment {[]} {[]}CodeableConcept {[]} {[]}Coding {[]} {[]}ContactPoint {[]} {[]}Count {[]} {[]}Distance {[]} {[]}Duration {[]} {[]}HumanName {[]} {[]}Identifier {[]} {[]}Money {[]} {[]}Period {[]} {[]}Quantity {[]} {[]}Range {[]} {[]}Ratio {[]} {[]}Reference {[]} {[]}SampledData {[]} {[]}Signature {[]} {[]}Timing {[]} {[]}ContactDetail {[]} {[]}Contributor {[]} {[]}DataRequirement {[]} {[]}Expression {[]} {[]}ParameterDefinition {[]} {[]}RelatedArtifact {[]} {[]}TriggerDefinition {[]} {[]}UsageContext {[]} {[]}Dosage {[]} {[]}Meta {[]} {[]}","Value of extension","Value of extension - must be one of a constrained set of the data types (see [Extensibility](http://hl7.org/fhir/R4/extensibility.html) for a list).","","","","","","","","","",,,,,"",,,,"Extension.value[x]",0,1,"","ele-1:All FHIR elements must have a @value or children {hasValue() or (children().count() > id.count())}
"
"medication-legal-classification","Extension","Extension","","","",0,*,"","","","null {[]} {[]}
","Medication Legal Classification","Legal classification for a medication.","","","","","","","","","",,,,,"",,,,"Extension",0,*,"ele-1
","ele-1:All FHIR elements must have a @value or children {hasValue() or (children().count() > id.count())}
ext-1:Must have either extensions or value[x], not both {extension.exists() != value.exists()}"
"medication-legal-classification","Extension.id","Extension.id","","","",0,1,"","","","string {[]} {[]}
","Unique id for inter-element referencing","Unique id for the element within a resource (for internal references). This may be any string value that does not contain spaces.","","","","","","","","","",,,,,"",,,,"Element.id",0,1,"",""
"medication-legal-classification","Extension.extension","Extension.extension","","","",0,0,"","","","Extension {[]} {[]}
","Extension","An Extension","","","","","","","","","",,,,,"","value:url}
","Extensions are always sliced by (at least) url",,"open","Element.extension",0,*,"","ele-1:All FHIR elements must have a @value or children {hasValue() or (children().count() > id.count())}
ext-1:Must have either extensions or value[x], not both {extension.exists() != value.exists()}"
"medication-legal-classification","Extension.url","Extension.url","","","",1,1,"","","","uri {[]} {[]}
","identifies the meaning of the extension","Source of the definition for the extension code - a logical name or a URL.","The definition may point directly to a computable or human-readable definition of the extensibility codes, or it may be a logical URI as declared in some other specification. The definition SHALL be a URI for the Structure Definition defining the extension.","","","","<valueUri xmlns=""http://hl7.org/fhir"" value=""https://fhir-ig.digital.health.nz/pharmac-schedules/StructureDefinition/medication-legal-classification""/>","","","","",,,,,"",,,,"Extension.url",1,1,"",""
"medication-legal-classification","Extension.value[x]","Extension.value[x]","","","",0,1,"","","","string {[]} {[]}
","Legal classification Text.","Value of extension - must be one of a constrained set of the data types (see [Extensibility](http://hl7.org/fhir/R4/extensibility.html) for a list).","","","","","","","","","",,,,,"",,,,"Extension.value[x]",0,1,"","ele-1:All FHIR elements must have a @value or children {hasValue() or (children().count() > id.count())}
"
"medication-nzmt-type","Extension","Extension","","","",0,*,"","","","null {[]} {[]}
","Medication NZMT Type","NZMT concept type for the medication code (for example CTPP).","","","","","","","","","",,,,,"",,,,"Extension",0,*,"ele-1
","ele-1:All FHIR elements must have a @value or children {hasValue() or (children().count() > id.count())}
ext-1:Must have either extensions or value[x], not both {extension.exists() != value.exists()}"
"medication-nzmt-type","Extension.id","Extension.id","","","",0,1,"","","","string {[]} {[]}
","Unique id for inter-element referencing","Unique id for the element within a resource (for internal references). This may be any string value that does not contain spaces.","","","","","","","","","",,,,,"",,,,"Element.id",0,1,"",""
"medication-nzmt-type","Extension.extension","Extension.extension","","","",0,0,"","","","Extension {[]} {[]}
","Extension","An Extension","","","","","","","","","",,,,,"","value:url}
","Extensions are always sliced by (at least) url",,"open","Element.extension",0,*,"","ele-1:All FHIR elements must have a @value or children {hasValue() or (children().count() > id.count())}
ext-1:Must have either extensions or value[x], not both {extension.exists() != value.exists()}"
"medication-nzmt-type","Extension.url","Extension.url","","","",1,1,"","","","uri {[]} {[]}
","identifies the meaning of the extension","Source of the definition for the extension code - a logical name or a URL.","The definition may point directly to a computable or human-readable definition of the extensibility codes, or it may be a logical URI as declared in some other specification. The definition SHALL be a URI for the Structure Definition defining the extension.","","","","<valueUri xmlns=""http://hl7.org/fhir"" value=""https://fhir-ig.digital.health.nz/pharmac-schedules/StructureDefinition/medication-nzmt-type""/>","","","","",,,,,"",,,,"Extension.url",1,1,"",""
"medication-nzmt-type","Extension.value[x]","Extension.value[x]","","","",0,1,"","","","CodeableConcept {[]} {[]}
","NZMT type code","Value of extension - must be one of a constrained set of the data types (see [Extensibility](http://hl7.org/fhir/R4/extensibility.html) for a list).","","","","","","","","","",,,,,"",,,,"Extension.value[x]",0,1,"","ele-1:All FHIR elements must have a @value or children {hasValue() or (children().count() > id.count())}
"
"medication-pack","Extension","Extension","","","",0,*,"","","","null {[]} {[]}
","Medication Pack","Pack details including NZMT medicine code, quantity, and size.","","","","","","","","","",,,,,"",,,,"Extension",0,*,"ele-1
","ele-1:All FHIR elements must have a @value or children {hasValue() or (children().count() > id.count())}
ext-1:Must have either extensions or value[x], not both {extension.exists() != value.exists()}"
"medication-pack","Extension.id","Extension.id","","","",0,1,"","","","string {[]} {[]}
","Unique id for inter-element referencing","Unique id for the element within a resource (for internal references). This may be any string value that does not contain spaces.","","","","","","","","","",,,,,"",,,,"Element.id",0,1,"",""
"medication-pack","Extension.extension","Extension.extension","","extensions
user content","",0,*,"","","","Extension {[]} {[]}
","Additional content defined by implementations","May be used to represent additional information that is not part of the basic definition of the element. To make the use of extensions safe and manageable, there is a strict set of governance  applied to the definition and use of extensions. Though any implementer can define an extension, there is a set of requirements that SHALL be met as part of the definition of the extension.","There can be no stigma associated with the use of extensions by any application, project, or standard - regardless of the institution or jurisdiction that uses or defines the extensions.  The use of extensions is what allows the FHIR specification to retain a core level of simplicity for everyone.","","","","","","","","",,,,,"","value:url}
","Extensions are always sliced by (at least) url",,"open","Element.extension",0,*,"","ele-1:All FHIR elements must have a @value or children {hasValue() or (children().count() > id.count())}
ext-1:Must have either extensions or value[x], not both {extension.exists() != value.exists()}"
"medication-pack","Extension.extension:nzmtMedicineCode","Extension.extension","nzmtMedicineCode","","",0,1,"","","","Extension {[]} {[]}
","Extension","An Extension","","","","","","","","","",,,,,"",,,,"Element.extension",0,*,"","ele-1:All FHIR elements must have a @value or children {hasValue() or (children().count() > id.count())}
ext-1:Must have either extensions or value[x], not both {extension.exists() != value.exists()}"
"medication-pack","Extension.extension:nzmtMedicineCode.id","Extension.extension.id","","","",0,1,"","","","string {[]} {[]}
","Unique id for inter-element referencing","Unique id for the element within a resource (for internal references). This may be any string value that does not contain spaces.","","","","","","","","","",,,,,"",,,,"Element.id",0,1,"",""
"medication-pack","Extension.extension:nzmtMedicineCode.extension","Extension.extension.extension","","","",0,0,"","","","Extension {[]} {[]}
","Extension","An Extension","","","","","","","","","",,,,,"","value:url}
","Extensions are always sliced by (at least) url",,"open","Element.extension",0,*,"","ele-1:All FHIR elements must have a @value or children {hasValue() or (children().count() > id.count())}
ext-1:Must have either extensions or value[x], not both {extension.exists() != value.exists()}"
"medication-pack","Extension.extension:nzmtMedicineCode.url","Extension.extension.url","","","",1,1,"","","","uri {[]} {[]}
","identifies the meaning of the extension","Source of the definition for the extension code - a logical name or a URL.","The definition may point directly to a computable or human-readable definition of the extensibility codes, or it may be a logical URI as declared in some other specification. The definition SHALL be a URI for the Structure Definition defining the extension.","","","","<valueUri xmlns=""http://hl7.org/fhir"" value=""nzmtMedicineCode""/>","","","","",,,,,"",,,,"Extension.url",1,1,"",""
"medication-pack","Extension.extension:nzmtMedicineCode.value[x]","Extension.extension.value[x]","","","",0,1,"","","","CodeableConcept {[]} {[]}
","NZMT medicine code","Value of extension - must be one of a constrained set of the data types (see [Extensibility](http://hl7.org/fhir/R4/extensibility.html) for a list).","","","","","","","","","",,,,,"",,,,"Extension.value[x]",0,1,"","ele-1:All FHIR elements must have a @value or children {hasValue() or (children().count() > id.count())}
"
"medication-pack","Extension.extension:quantity","Extension.extension","quantity","","",0,1,"","","","Extension {[]} {[]}
","Extension","An Extension","","","","","","","","","",,,,,"",,,,"Element.extension",0,*,"","ele-1:All FHIR elements must have a @value or children {hasValue() or (children().count() > id.count())}
ext-1:Must have either extensions or value[x], not both {extension.exists() != value.exists()}"
"medication-pack","Extension.extension:quantity.id","Extension.extension.id","","","",0,1,"","","","string {[]} {[]}
","Unique id for inter-element referencing","Unique id for the element within a resource (for internal references). This may be any string value that does not contain spaces.","","","","","","","","","",,,,,"",,,,"Element.id",0,1,"",""
"medication-pack","Extension.extension:quantity.extension","Extension.extension.extension","","","",0,0,"","","","Extension {[]} {[]}
","Extension","An Extension","","","","","","","","","",,,,,"","value:url}
","Extensions are always sliced by (at least) url",,"open","Element.extension",0,*,"","ele-1:All FHIR elements must have a @value or children {hasValue() or (children().count() > id.count())}
ext-1:Must have either extensions or value[x], not both {extension.exists() != value.exists()}"
"medication-pack","Extension.extension:quantity.url","Extension.extension.url","","","",1,1,"","","","uri {[]} {[]}
","identifies the meaning of the extension","Source of the definition for the extension code - a logical name or a URL.","The definition may point directly to a computable or human-readable definition of the extensibility codes, or it may be a logical URI as declared in some other specification. The definition SHALL be a URI for the Structure Definition defining the extension.","","","","<valueUri xmlns=""http://hl7.org/fhir"" value=""quantity""/>","","","","",,,,,"",,,,"Extension.url",1,1,"",""
"medication-pack","Extension.extension:quantity.value[x]","Extension.extension.value[x]","","","",0,1,"","","","Quantity {[]} {[]}
","Pack quantity","Value of extension - must be one of a constrained set of the data types (see [Extensibility](http://hl7.org/fhir/R4/extensibility.html) for a list).","","","","","","","","","",,,,,"",,,,"Extension.value[x]",0,1,"","ele-1:All FHIR elements must have a @value or children {hasValue() or (children().count() > id.count())}
"
"medication-pack","Extension.extension:size","Extension.extension","size","","",0,1,"","","","Extension {[]} {[]}
","Extension","An Extension","","","","","","","","","",,,,,"",,,,"Element.extension",0,*,"","ele-1:All FHIR elements must have a @value or children {hasValue() or (children().count() > id.count())}
ext-1:Must have either extensions or value[x], not both {extension.exists() != value.exists()}"
"medication-pack","Extension.extension:size.id","Extension.extension.id","","","",0,1,"","","","string {[]} {[]}
","Unique id for inter-element referencing","Unique id for the element within a resource (for internal references). This may be any string value that does not contain spaces.","","","","","","","","","",,,,,"",,,,"Element.id",0,1,"",""
"medication-pack","Extension.extension:size.extension","Extension.extension.extension","","","",0,0,"","","","Extension {[]} {[]}
","Extension","An Extension","","","","","","","","","",,,,,"","value:url}
","Extensions are always sliced by (at least) url",,"open","Element.extension",0,*,"","ele-1:All FHIR elements must have a @value or children {hasValue() or (children().count() > id.count())}
ext-1:Must have either extensions or value[x], not both {extension.exists() != value.exists()}"
"medication-pack","Extension.extension:size.url","Extension.extension.url","","","",1,1,"","","","uri {[]} {[]}
","identifies the meaning of the extension","Source of the definition for the extension code - a logical name or a URL.","The definition may point directly to a computable or human-readable definition of the extensibility codes, or it may be a logical URI as declared in some other specification. The definition SHALL be a URI for the Structure Definition defining the extension.","","","","<valueUri xmlns=""http://hl7.org/fhir"" value=""size""/>","","","","",,,,,"",,,,"Extension.url",1,1,"",""
"medication-pack","Extension.extension:size.value[x]","Extension.extension.value[x]","","","",0,1,"","","","Quantity {[]} {[]}
","Pack size","Value of extension - must be one of a constrained set of the data types (see [Extensibility](http://hl7.org/fhir/R4/extensibility.html) for a list).","","","","","","","","","",,,,,"",,,,"Extension.value[x]",0,1,"","ele-1:All FHIR elements must have a @value or children {hasValue() or (children().count() > id.count())}
"
"medication-pack","Extension.url","Extension.url","","","",1,1,"","","","uri {[]} {[]}
","identifies the meaning of the extension","Source of the definition for the extension code - a logical name or a URL.","The definition may point directly to a computable or human-readable definition of the extensibility codes, or it may be a logical URI as declared in some other specification. The definition SHALL be a URI for the Structure Definition defining the extension.","","","","<valueUri xmlns=""http://hl7.org/fhir"" value=""https://fhir-ig.digital.health.nz/pharmac-schedules/StructureDefinition/medication-pack""/>","","","","",,,,,"",,,,"Extension.url",1,1,"",""
"medication-pack","Extension.value[x]","Extension.value[x]","","","",0,0,"","","","base64Binary {[]} {[]}
boolean {[]} {[]}canonical {[]} {[]}code {[]} {[]}date {[]} {[]}dateTime {[]} {[]}decimal {[]} {[]}id {[]} {[]}instant {[]} {[]}integer {[]} {[]}markdown {[]} {[]}oid {[]} {[]}positiveInt {[]} {[]}string {[]} {[]}time {[]} {[]}unsignedInt {[]} {[]}uri {[]} {[]}url {[]} {[]}uuid {[]} {[]}Address {[]} {[]}Age {[]} {[]}Annotation {[]} {[]}Attachment {[]} {[]}CodeableConcept {[]} {[]}Coding {[]} {[]}ContactPoint {[]} {[]}Count {[]} {[]}Distance {[]} {[]}Duration {[]} {[]}HumanName {[]} {[]}Identifier {[]} {[]}Money {[]} {[]}Period {[]} {[]}Quantity {[]} {[]}Range {[]} {[]}Ratio {[]} {[]}Reference {[]} {[]}SampledData {[]} {[]}Signature {[]} {[]}Timing {[]} {[]}ContactDetail {[]} {[]}Contributor {[]} {[]}DataRequirement {[]} {[]}Expression {[]} {[]}ParameterDefinition {[]} {[]}RelatedArtifact {[]} {[]}TriggerDefinition {[]} {[]}UsageContext {[]} {[]}Dosage {[]} {[]}Meta {[]} {[]}","Value of extension","Value of extension - must be one of a constrained set of the data types (see [Extensibility](http://hl7.org/fhir/R4/extensibility.html) for a list).","","","","","","","","","",,,,,"",,,,"Extension.value[x]",0,1,"","ele-1:All FHIR elements must have a @value or children {hasValue() or (children().count() > id.count())}
"
"medication-price","Extension","Extension","","","",0,*,"","","","null {[]} {[]}
","Medication Price","Medication-level schedule date and display price information.","","","","","","","","","",,,,,"",,,,"Extension",0,*,"ele-1
","ele-1:All FHIR elements must have a @value or children {hasValue() or (children().count() > id.count())}
ext-1:Must have either extensions or value[x], not both {extension.exists() != value.exists()}"
"medication-price","Extension.id","Extension.id","","","",0,1,"","","","string {[]} {[]}
","Unique id for inter-element referencing","Unique id for the element within a resource (for internal references). This may be any string value that does not contain spaces.","","","","","","","","","",,,,,"",,,,"Element.id",0,1,"",""
"medication-price","Extension.extension","Extension.extension","","extensions
user content","",0,*,"","","","Extension {[]} {[]}
","Additional content defined by implementations","May be used to represent additional information that is not part of the basic definition of the element. To make the use of extensions safe and manageable, there is a strict set of governance  applied to the definition and use of extensions. Though any implementer can define an extension, there is a set of requirements that SHALL be met as part of the definition of the extension.","There can be no stigma associated with the use of extensions by any application, project, or standard - regardless of the institution or jurisdiction that uses or defines the extensions.  The use of extensions is what allows the FHIR specification to retain a core level of simplicity for everyone.","","","","","","","","",,,,,"","value:url}
","Extensions are always sliced by (at least) url",,"open","Element.extension",0,*,"","ele-1:All FHIR elements must have a @value or children {hasValue() or (children().count() > id.count())}
ext-1:Must have either extensions or value[x], not both {extension.exists() != value.exists()}"
"medication-price","Extension.extension:scheduleDate","Extension.extension","scheduleDate","","",0,1,"","","","Extension {[]} {[]}
","Extension","An Extension","","","","","","","","","",,,,,"",,,,"Element.extension",0,*,"","ele-1:All FHIR elements must have a @value or children {hasValue() or (children().count() > id.count())}
ext-1:Must have either extensions or value[x], not both {extension.exists() != value.exists()}"
"medication-price","Extension.extension:scheduleDate.id","Extension.extension.id","","","",0,1,"","","","string {[]} {[]}
","Unique id for inter-element referencing","Unique id for the element within a resource (for internal references). This may be any string value that does not contain spaces.","","","","","","","","","",,,,,"",,,,"Element.id",0,1,"",""
"medication-price","Extension.extension:scheduleDate.extension","Extension.extension.extension","","","",0,0,"","","","Extension {[]} {[]}
","Extension","An Extension","","","","","","","","","",,,,,"","value:url}
","Extensions are always sliced by (at least) url",,"open","Element.extension",0,*,"","ele-1:All FHIR elements must have a @value or children {hasValue() or (children().count() > id.count())}
ext-1:Must have either extensions or value[x], not both {extension.exists() != value.exists()}"
"medication-price","Extension.extension:scheduleDate.url","Extension.extension.url","","","",1,1,"","","","uri {[]} {[]}
","identifies the meaning of the extension","Source of the definition for the extension code - a logical name or a URL.","The definition may point directly to a computable or human-readable definition of the extensibility codes, or it may be a logical URI as declared in some other specification. The definition SHALL be a URI for the Structure Definition defining the extension.","","","","<valueUri xmlns=""http://hl7.org/fhir"" value=""scheduleDate""/>","","","","",,,,,"",,,,"Extension.url",1,1,"",""
"medication-price","Extension.extension:scheduleDate.value[x]","Extension.extension.value[x]","","","",0,1,"","","","date {[]} {[]}
","Schedule date","Value of extension - must be one of a constrained set of the data types (see [Extensibility](http://hl7.org/fhir/R4/extensibility.html) for a list).","","","","","","","","","",,,,,"",,,,"Extension.value[x]",0,1,"","ele-1:All FHIR elements must have a @value or children {hasValue() or (children().count() > id.count())}
"
"medication-price","Extension.extension:price","Extension.extension","price","","",0,1,"","","","Extension {[]} {[]}
","Extension","An Extension","","","","","","","","","",,,,,"",,,,"Element.extension",0,*,"","ele-1:All FHIR elements must have a @value or children {hasValue() or (children().count() > id.count())}
ext-1:Must have either extensions or value[x], not both {extension.exists() != value.exists()}"
"medication-price","Extension.extension:price.id","Extension.extension.id","","","",0,1,"","","","string {[]} {[]}
","Unique id for inter-element referencing","Unique id for the element within a resource (for internal references). This may be any string value that does not contain spaces.","","","","","","","","","",,,,,"",,,,"Element.id",0,1,"",""
"medication-price","Extension.extension:price.extension","Extension.extension.extension","","","",0,0,"","","","Extension {[]} {[]}
","Extension","An Extension","","","","","","","","","",,,,,"","value:url}
","Extensions are always sliced by (at least) url",,"open","Element.extension",0,*,"","ele-1:All FHIR elements must have a @value or children {hasValue() or (children().count() > id.count())}
ext-1:Must have either extensions or value[x], not both {extension.exists() != value.exists()}"
"medication-price","Extension.extension:price.url","Extension.extension.url","","","",1,1,"","","","uri {[]} {[]}
","identifies the meaning of the extension","Source of the definition for the extension code - a logical name or a URL.","The definition may point directly to a computable or human-readable definition of the extensibility codes, or it may be a logical URI as declared in some other specification. The definition SHALL be a URI for the Structure Definition defining the extension.","","","","<valueUri xmlns=""http://hl7.org/fhir"" value=""price""/>","","","","",,,,,"",,,,"Extension.url",1,1,"",""
"medication-price","Extension.extension:price.value[x]","Extension.extension.value[x]","","","",0,1,"","","","Money {[]} {[]}
","Medication price","Value of extension - must be one of a constrained set of the data types (see [Extensibility](http://hl7.org/fhir/R4/extensibility.html) for a list).","","","","","","","","","",,,,,"",,,,"Extension.value[x]",0,1,"","ele-1:All FHIR elements must have a @value or children {hasValue() or (children().count() > id.count())}
"
"medication-price","Extension.url","Extension.url","","","",1,1,"","","","uri {[]} {[]}
","identifies the meaning of the extension","Source of the definition for the extension code - a logical name or a URL.","The definition may point directly to a computable or human-readable definition of the extensibility codes, or it may be a logical URI as declared in some other specification. The definition SHALL be a URI for the Structure Definition defining the extension.","","","","<valueUri xmlns=""http://hl7.org/fhir"" value=""https://fhir-ig.digital.health.nz/pharmac-schedules/StructureDefinition/medication-price""/>","","","","",,,,,"",,,,"Extension.url",1,1,"",""
"medication-price","Extension.value[x]","Extension.value[x]","","","",0,0,"","","","base64Binary {[]} {[]}
boolean {[]} {[]}canonical {[]} {[]}code {[]} {[]}date {[]} {[]}dateTime {[]} {[]}decimal {[]} {[]}id {[]} {[]}instant {[]} {[]}integer {[]} {[]}markdown {[]} {[]}oid {[]} {[]}positiveInt {[]} {[]}string {[]} {[]}time {[]} {[]}unsignedInt {[]} {[]}uri {[]} {[]}url {[]} {[]}uuid {[]} {[]}Address {[]} {[]}Age {[]} {[]}Annotation {[]} {[]}Attachment {[]} {[]}CodeableConcept {[]} {[]}Coding {[]} {[]}ContactPoint {[]} {[]}Count {[]} {[]}Distance {[]} {[]}Duration {[]} {[]}HumanName {[]} {[]}Identifier {[]} {[]}Money {[]} {[]}Period {[]} {[]}Quantity {[]} {[]}Range {[]} {[]}Ratio {[]} {[]}Reference {[]} {[]}SampledData {[]} {[]}Signature {[]} {[]}Timing {[]} {[]}ContactDetail {[]} {[]}Contributor {[]} {[]}DataRequirement {[]} {[]}Expression {[]} {[]}ParameterDefinition {[]} {[]}RelatedArtifact {[]} {[]}TriggerDefinition {[]} {[]}UsageContext {[]} {[]}Dosage {[]} {[]}Meta {[]} {[]}","Value of extension","Value of extension - must be one of a constrained set of the data types (see [Extensibility](http://hl7.org/fhir/R4/extensibility.html) for a list).","","","","","","","","","",,,,,"",,,,"Extension.value[x]",0,1,"","ele-1:All FHIR elements must have a @value or children {hasValue() or (children().count() > id.count())}
"
"pharmac-charge-item-definition-funding-rules","ChargeItemDefinition","ChargeItemDefinition","","","",0,*,"","","","null {[]} {[]}
","Definition of properties and rules about how the price and the applicability of a ChargeItem can be determined","The ChargeItemDefinition resource provides the properties that apply to the (billing) codes necessary to calculate costs and prices. The properties may differ largely depending on type and realm, therefore this resource gives only a rough structure and requires profiling for each type of billing code system.","","","","","","","","","",,,,,"",,,,"ChargeItemDefinition",0,*,"","cid-0:Name should be usable as an identifier for the module by machine processing applications such as code generation {name.matches('[A-Z]([A-Za-z0-9_]){0,254}')}
dom-2:If the resource is contained in another resource, it SHALL NOT contain nested Resources {contained.contained.empty()}dom-3:If the resource is contained in another resource, it SHALL be referred to from elsewhere in the resource or SHALL refer to the containing resource {contained.where((('#'+id in (%resource.descendants().reference | %resource.descendants().as(canonical) | %resource.descendants().as(uri) | %resource.descendants().as(url))) or descendants().where(reference = '#').exists() or descendants().where(as(canonical) = '#').exists() or descendants().where(as(canonical) = '#').exists()).not()).trace('unmatched', id).empty()}dom-4:If a resource is contained in another resource, it SHALL NOT have a meta.versionId or a meta.lastUpdated {contained.meta.versionId.empty() and contained.meta.lastUpdated.empty()}dom-5:If a resource is contained in another resource, it SHALL NOT have a security label {contained.meta.security.empty()}dom-6:A resource should have narrative for robust management {text.`div`.exists()}"
"pharmac-charge-item-definition-funding-rules","ChargeItemDefinition.id","ChargeItemDefinition.id","","","",0,1,"","","Y","id {[]} {[]}
","Logical id of this artifact","The logical id of the resource, as used in the URL for the resource. Once assigned, this value never changes.","The only time that a resource does not have an id is when it is being submitted to the server using a create operation.","","","","","","","","",,,,,"",,,,"Resource.id",0,1,"",""
"pharmac-charge-item-definition-funding-rules","ChargeItemDefinition.meta","ChargeItemDefinition.meta","","","",0,1,"","","Y","Meta {[]} {[]}
","Metadata about the resource","The metadata about the resource. This is content that is maintained by the infrastructure. Changes to the content might not always be associated with version changes to the resource.","","","","","","","","","",,,,,"",,,,"Resource.meta",0,1,"","ele-1:All FHIR elements must have a @value or children {hasValue() or (children().count() > id.count())}
"
"pharmac-charge-item-definition-funding-rules","ChargeItemDefinition.implicitRules","ChargeItemDefinition.implicitRules","","","",0,1,"","Y","Y","uri {[]} {[]}
","A set of rules under which this content was created","A reference to a set of rules that were followed when the resource was constructed, and which must be understood when processing the content. Often, this is a reference to an implementation guide that defines the special rules along with other profiles etc.","Asserting this rule set restricts the content to be only understood by a limited set of trading partners. This inherently limits the usefulness of the data in the long term. However, the existing health eco-system is highly fractured, and not yet ready to define, collect, and exchange data in a generally computable sense. Wherever possible, implementers and/or specification writers should avoid using this element. Often, when used, the URL is a reference to an implementation guide that defines these special rules as part of it's narrative along with other profiles, value sets, etc.","","","","","","","","",,,,,"",,,,"Resource.implicitRules",0,1,"","ele-1:All FHIR elements must have a @value or children {hasValue() or (children().count() > id.count())}
"
"pharmac-charge-item-definition-funding-rules","ChargeItemDefinition.language","ChargeItemDefinition.language","","","",0,1,"","","","code {[]} {[]}
","Language of the resource content","The base language in which the resource is written.","Language is provided to support indexing and accessibility (typically, services such as text to speech use the language tag). The html language tag in the narrative applies  to the narrative. The language tag on the resource may be used to specify the language of other presentations generated from the data in the resource. Not all the content has to be in the base language. The Resource.language should not be assumed to apply to the narrative automatically. If a language is specified, it should it also be specified on the div element in the html (see rules in HTML5 for information about the relationship between xml:lang and the html lang attribute).","","","","","","","","",,"preferred","A human language.","http://hl7.org/fhir/ValueSet/languages|4.0.1","",,,,"Resource.language",0,1,"","ele-1:All FHIR elements must have a @value or children {hasValue() or (children().count() > id.count())}
"
"pharmac-charge-item-definition-funding-rules","ChargeItemDefinition.text","ChargeItemDefinition.text","","narrative
htmlxhtmldisplay","",0,1,"","","","Narrative {[]} {[]}
","Text summary of the resource, for human interpretation","A human-readable narrative that contains a summary of the resource and can be used to represent the content of the resource to a human. The narrative need not encode all the structured data, but is required to contain sufficient detail to make it ""clinically safe"" for a human to just read the narrative. Resource definitions may define what content should be represented in the narrative to ensure clinical safety.","Contained resources do not have narrative. Resources that are not contained SHOULD have a narrative. In some cases, a resource may only have text with little or no additional discrete data (as long as all minOccurs=1 elements are satisfied).  This may be necessary for data from legacy systems where information is captured as a ""text blob"" or where text is additionally entered raw or narrated and encoded information is added later.","","","","","","","","",,,,,"",,,,"DomainResource.text",0,1,"","ele-1:All FHIR elements must have a @value or children {hasValue() or (children().count() > id.count())}
"
"pharmac-charge-item-definition-funding-rules","ChargeItemDefinition.contained","ChargeItemDefinition.contained","","inline resources
anonymous resourcescontained resources","",0,*,"","","","Resource {[]} {[]}
","Contained, inline Resources","These resources do not have an independent existence apart from the resource that contains them - they cannot be identified independently, and nor can they have their own independent transaction scope.","This should never be done when the content can be identified properly, as once identification is lost, it is extremely difficult (and context dependent) to restore it again. Contained resources may have profiles and tags In their meta elements, but SHALL NOT have security labels.","","","","","","","","",,,,,"",,,,"DomainResource.contained",0,*,"",""
"pharmac-charge-item-definition-funding-rules","ChargeItemDefinition.extension","ChargeItemDefinition.extension","","","",2,*,"","","","Extension {[]} {[]}
","Extension","An Extension","","","","","","","","","",,,,,"","value:url}
","",,"open","DomainResource.extension",0,*,"","ele-1:All FHIR elements must have a @value or children {hasValue() or (children().count() > id.count())}
ext-1:Must have either extensions or value[x], not both {extension.exists() != value.exists()}"
"pharmac-charge-item-definition-funding-rules","ChargeItemDefinition.extension:effectiveDate","ChargeItemDefinition.extension","effectiveDate","","",1,1,"Y","","","Extension {[CanonicalType[https://fhir-ig.digital.health.nz/pharmac-schedules/StructureDefinition/pricing-effective-date]]} {[]}
","Effective date for this funding rule","The date from which this funding rule becomes effective","","","","","","","","","",,,,,"",,,,"DomainResource.extension",0,*,"ele-1
","ele-1:All FHIR elements must have a @value or children {hasValue() or (children().count() > id.count())}
ext-1:Must have either extensions or value[x], not both {extension.exists() != value.exists()}"
"pharmac-charge-item-definition-funding-rules","ChargeItemDefinition.extension:expiryDate","ChargeItemDefinition.extension","expiryDate","","",0,1,"Y","","","Extension {[CanonicalType[https://fhir-ig.digital.health.nz/pharmac-schedules/StructureDefinition/pricing-expiry-date]]} {[]}
","Expiry date for this funding rule","The date on which this funding rule expires (optional)","","","","","","","","","",,,,,"",,,,"DomainResource.extension",0,*,"ele-1
","ele-1:All FHIR elements must have a @value or children {hasValue() or (children().count() > id.count())}
ext-1:Must have either extensions or value[x], not both {extension.exists() != value.exists()}"
"pharmac-charge-item-definition-funding-rules","ChargeItemDefinition.extension:authorizationForm","ChargeItemDefinition.extension","authorizationForm","","",0,0,"Y","","","Extension {[CanonicalType[https://fhir-ig.digital.health.nz/pharmac-schedules/StructureDefinition/authorization-form]]} {[]}
","Authorization Form","The special authorization form code required for this medication (e.g., 'SA2535'). This identifies the specific PHARMAC authorization form that prescribers must complete for patient eligibility.","","","","","","","","","",,,,,"",,,,"DomainResource.extension",0,*,"ele-1
","ele-1:All FHIR elements must have a @value or children {hasValue() or (children().count() > id.count())}
ext-1:Must have either extensions or value[x], not both {extension.exists() != value.exists()}"
"pharmac-charge-item-definition-funding-rules","ChargeItemDefinition.extension:authorizationTitle","ChargeItemDefinition.extension","authorizationTitle","","",0,0,"Y","","","Extension {[CanonicalType[https://fhir-ig.digital.health.nz/pharmac-schedules/StructureDefinition/authorization-title]]} {[]}
","Authorization Title","A human-readable title for the authorization requirement (e.g., 'Budesonide - Special Authorization Required'). This provides context for the authorization need.","","","","","","","","","",,,,,"",,,,"DomainResource.extension",0,*,"ele-1
","ele-1:All FHIR elements must have a @value or children {hasValue() or (children().count() > id.count())}
ext-1:Must have either extensions or value[x], not both {extension.exists() != value.exists()}"
"pharmac-charge-item-definition-funding-rules","ChargeItemDefinition.extension:authorizationCaseCount","ChargeItemDefinition.extension","authorizationCaseCount","","",0,0,"Y","","","Extension {[CanonicalType[https://fhir-ig.digital.health.nz/pharmac-schedules/StructureDefinition/authorization-case-count]]} {[]}
","Authorization Case Count","The number of authorization cases or approval criteria specified in the authorization requirement. This indicates how many different clinical scenarios or conditions have distinct approval pathways.","","","","","","","","","",,,,,"",,,,"DomainResource.extension",0,*,"ele-1
","ele-1:All FHIR elements must have a @value or children {hasValue() or (children().count() > id.count())}
ext-1:Must have either extensions or value[x], not both {extension.exists() != value.exists()}"
"pharmac-charge-item-definition-funding-rules","ChargeItemDefinition.extension:deviceDefinition","ChargeItemDefinition.extension","deviceDefinition","","",0,*,"Y","","","Extension {[CanonicalType[https://fhir-ig.digital.health.nz/pharmac-schedules/StructureDefinition/device-definition-reference]]} {[]}
","Device Definition Reference","Reference to the DeviceDefinition that these funding rules apply to","","","","","","","","","",,,,,"",,,,"DomainResource.extension",0,*,"ele-1
","ele-1:All FHIR elements must have a @value or children {hasValue() or (children().count() > id.count())}
ext-1:Must have either extensions or value[x], not both {extension.exists() != value.exists()}"
"pharmac-charge-item-definition-funding-rules","ChargeItemDefinition.extension:fundingRule","ChargeItemDefinition.extension","fundingRule","","",1,*,"Y","","","Extension {[CanonicalType[http://schedule.pharmac.govt.nz/fhir/StructureDefinition/funding-rule]]} {[]}
","Funding rules and conditions (REQUIRED)","Funding rules that define conditions, restrictions, case sequences, and funding mechanism types (e.g., Prescription, BSO, Rural PSO). This is the primary defining characteristic of this profile.","","","","","","","","","",,,,,"",,,,"DomainResource.extension",0,*,"ele-1
","ele-1:All FHIR elements must have a @value or children {hasValue() or (children().count() > id.count())}
ext-1:Must have either extensions or value[x], not both {extension.exists() != value.exists()}"
"pharmac-charge-item-definition-funding-rules","ChargeItemDefinition.extension:fundingRule.id","ChargeItemDefinition.extension.id","","","",0,1,"","","","string {[]} {[]}
","Unique id for inter-element referencing","Unique id for the element within a resource (for internal references). This may be any string value that does not contain spaces.","","","","","","","","","",,,,,"",,,,"Element.id",0,1,"",""
"pharmac-charge-item-definition-funding-rules","ChargeItemDefinition.extension:fundingRule.extension","ChargeItemDefinition.extension.extension","","","",1,*,"","","","Extension {[]} {[]}
","Extension","An Extension","","","","","","","","","",,,,,"","value:url}
","Extensions are always sliced by (at least) url",,"open","Element.extension",0,*,"","ele-1:All FHIR elements must have a @value or children {hasValue() or (children().count() > id.count())}
ext-1:Must have either extensions or value[x], not both {extension.exists() != value.exists()}"
"pharmac-charge-item-definition-funding-rules","ChargeItemDefinition.extension:fundingRule.extension:type","ChargeItemDefinition.extension.extension","type","","",1,1,"Y","","","Extension {[]} {[]}
","Funding type (e.g., community, hospital)","The type of funding context - typically 'community' or 'hospital'","","","","","","","","","",,,,,"",,,,"Element.extension",0,*,"","ele-1:All FHIR elements must have a @value or children {hasValue() or (children().count() > id.count())}
ext-1:Must have either extensions or value[x], not both {extension.exists() != value.exists()}"
"pharmac-charge-item-definition-funding-rules","ChargeItemDefinition.extension:fundingRule.extension:type.id","ChargeItemDefinition.extension.extension.id","","","",0,1,"","","","string {[]} {[]}
","Unique id for inter-element referencing","Unique id for the element within a resource (for internal references). This may be any string value that does not contain spaces.","","","","","","","","","",,,,,"",,,,"Element.id",0,1,"",""
"pharmac-charge-item-definition-funding-rules","ChargeItemDefinition.extension:fundingRule.extension:type.extension","ChargeItemDefinition.extension.extension.extension","","","",0,0,"","","","Extension {[]} {[]}
","Extension","An Extension","","","","","","","","","",,,,,"","value:url}
","Extensions are always sliced by (at least) url",,"open","Element.extension",0,*,"","ele-1:All FHIR elements must have a @value or children {hasValue() or (children().count() > id.count())}
ext-1:Must have either extensions or value[x], not both {extension.exists() != value.exists()}"
"pharmac-charge-item-definition-funding-rules","ChargeItemDefinition.extension:fundingRule.extension:type.url","ChargeItemDefinition.extension.extension.url","","","",1,1,"","","","uri {[]} {[]}
","identifies the meaning of the extension","Source of the definition for the extension code - a logical name or a URL.","The definition may point directly to a computable or human-readable definition of the extensibility codes, or it may be a logical URI as declared in some other specification. The definition SHALL be a URI for the Structure Definition defining the extension.","","","","<valueUri xmlns=""http://hl7.org/fhir"" value=""type""/>","","","","",,,,,"",,,,"Extension.url",1,1,"",""
"pharmac-charge-item-definition-funding-rules","ChargeItemDefinition.extension:fundingRule.extension:type.value[x]","ChargeItemDefinition.extension.extension.value[x]","","","",0,1,"","","","code {[]} {[]}
","Funding type","The type of funding context (e.g., community, hospital). Typically aligns with PHARMAC schedule funding columns such as community or hospital supply.","","","","","","","","","",,,,,"",,,,"Extension.value[x]",0,1,"","ele-1:All FHIR elements must have a @value or children {hasValue() or (children().count() > id.count())}
"
"pharmac-charge-item-definition-funding-rules","ChargeItemDefinition.extension:fundingRule.extension:rule","ChargeItemDefinition.extension.extension","rule","","",0,*,"Y","","","Extension {[]} {[]}
","Specific funding rules","Array of specific funding rules including case sequences, funding mechanisms, and other conditions","","","","","","","","","",,,,,"",,,,"Element.extension",0,*,"","ele-1:All FHIR elements must have a @value or children {hasValue() or (children().count() > id.count())}
ext-1:Must have either extensions or value[x], not both {extension.exists() != value.exists()}"
"pharmac-charge-item-definition-funding-rules","ChargeItemDefinition.extension:fundingRule.extension:rule.id","ChargeItemDefinition.extension.extension.id","","","",0,1,"","","","string {[]} {[]}
","Unique id for inter-element referencing","Unique id for the element within a resource (for internal references). This may be any string value that does not contain spaces.","","","","","","","","","",,,,,"",,,,"Element.id",0,1,"",""
"pharmac-charge-item-definition-funding-rules","ChargeItemDefinition.extension:fundingRule.extension:rule.extension","ChargeItemDefinition.extension.extension.extension","","","",1,*,"","","","Extension {[]} {[]}
","Extension","An Extension","","","","","","","","","",,,,,"","value:url}
","Extensions are always sliced by (at least) url",,"open","Element.extension",0,*,"","ele-1:All FHIR elements must have a @value or children {hasValue() or (children().count() > id.count())}
ext-1:Must have either extensions or value[x], not both {extension.exists() != value.exists()}"
"pharmac-charge-item-definition-funding-rules","ChargeItemDefinition.extension:fundingRule.extension:rule.extension:type","ChargeItemDefinition.extension.extension.extension","type","","",1,1,"Y","","","Extension {[]} {[]}
","Rule type (e.g., CaseSequence, FundingMechanism)","The type of funding rule - common types include CaseSequence (ordered case number), FundingMechanism (Prescription, BSO, RuralPSO)","","","","","","","","","",,,,,"",,,,"Element.extension",0,*,"","ele-1:All FHIR elements must have a @value or children {hasValue() or (children().count() > id.count())}
ext-1:Must have either extensions or value[x], not both {extension.exists() != value.exists()}"
"pharmac-charge-item-definition-funding-rules","ChargeItemDefinition.extension:fundingRule.extension:rule.extension:type.id","ChargeItemDefinition.extension.extension.extension.id","","","",0,1,"","","","string {[]} {[]}
","Unique id for inter-element referencing","Unique id for the element within a resource (for internal references). This may be any string value that does not contain spaces.","","","","","","","","","",,,,,"",,,,"Element.id",0,1,"",""
"pharmac-charge-item-definition-funding-rules","ChargeItemDefinition.extension:fundingRule.extension:rule.extension:type.extension","ChargeItemDefinition.extension.extension.extension.extension","","","",0,0,"","","","Extension {[]} {[]}
","Extension","An Extension","","","","","","","","","",,,,,"","value:url}
","Extensions are always sliced by (at least) url",,"open","Element.extension",0,*,"","ele-1:All FHIR elements must have a @value or children {hasValue() or (children().count() > id.count())}
ext-1:Must have either extensions or value[x], not both {extension.exists() != value.exists()}"
"pharmac-charge-item-definition-funding-rules","ChargeItemDefinition.extension:fundingRule.extension:rule.extension:type.url","ChargeItemDefinition.extension.extension.extension.url","","","",1,1,"","","","uri {[]} {[]}
","identifies the meaning of the extension","Source of the definition for the extension code - a logical name or a URL.","The definition may point directly to a computable or human-readable definition of the extensibility codes, or it may be a logical URI as declared in some other specification. The definition SHALL be a URI for the Structure Definition defining the extension.","","","","<valueUri xmlns=""http://hl7.org/fhir"" value=""type""/>","","","","",,,,,"",,,,"Extension.url",1,1,"",""
"pharmac-charge-item-definition-funding-rules","ChargeItemDefinition.extension:fundingRule.extension:rule.extension:type.value[x]","ChargeItemDefinition.extension.extension.extension.value[x]","","","",0,1,"","","","code {[]} {[]}
","Rule type","The type of funding rule (e.g., DoseSWt, FormReqd, FormMax, MaxCoPayment, SubRxF, Special, CaseSequence). CaseSequence indicates an ordered case within a card, with the numeric value held in the corresponding value element.","","","","","","","","","",,,,,"",,,,"Extension.value[x]",0,1,"","ele-1:All FHIR elements must have a @value or children {hasValue() or (children().count() > id.count())}
"
"pharmac-charge-item-definition-funding-rules","ChargeItemDefinition.extension:fundingRule.extension:rule.extension:value","ChargeItemDefinition.extension.extension.extension","value","","",0,1,"Y","","","Extension {[]} {[]}
","Rule value (e.g., case sequence number)","Numeric value associated with the funding rule, such as the case sequence number (1, 2, etc.)","","","","","","","","","",,,,,"",,,,"Element.extension",0,*,"","ele-1:All FHIR elements must have a @value or children {hasValue() or (children().count() > id.count())}
ext-1:Must have either extensions or value[x], not both {extension.exists() != value.exists()}"
"pharmac-charge-item-definition-funding-rules","ChargeItemDefinition.extension:fundingRule.extension:rule.extension:value.id","ChargeItemDefinition.extension.extension.extension.id","","","",0,1,"","","","string {[]} {[]}
","Unique id for inter-element referencing","Unique id for the element within a resource (for internal references). This may be any string value that does not contain spaces.","","","","","","","","","",,,,,"",,,,"Element.id",0,1,"",""
"pharmac-charge-item-definition-funding-rules","ChargeItemDefinition.extension:fundingRule.extension:rule.extension:value.extension","ChargeItemDefinition.extension.extension.extension.extension","","","",0,0,"","","","Extension {[]} {[]}
","Extension","An Extension","","","","","","","","","",,,,,"","value:url}
","Extensions are always sliced by (at least) url",,"open","Element.extension",0,*,"","ele-1:All FHIR elements must have a @value or children {hasValue() or (children().count() > id.count())}
ext-1:Must have either extensions or value[x], not both {extension.exists() != value.exists()}"
"pharmac-charge-item-definition-funding-rules","ChargeItemDefinition.extension:fundingRule.extension:rule.extension:value.url","ChargeItemDefinition.extension.extension.extension.url","","","",1,1,"","","","uri {[]} {[]}
","identifies the meaning of the extension","Source of the definition for the extension code - a logical name or a URL.","The definition may point directly to a computable or human-readable definition of the extensibility codes, or it may be a logical URI as declared in some other specification. The definition SHALL be a URI for the Structure Definition defining the extension.","","","","<valueUri xmlns=""http://hl7.org/fhir"" value=""value""/>","","","","",,,,,"",,,,"Extension.url",1,1,"",""
"pharmac-charge-item-definition-funding-rules","ChargeItemDefinition.extension:fundingRule.extension:rule.extension:value.value[x]","ChargeItemDefinition.extension.extension.extension.value[x]","","","",0,1,"","","","decimal {[]} {[]}
integer {[]} {[]}","Value of extension","Value of extension - must be one of a constrained set of the data types (see [Extensibility](http://hl7.org/fhir/R4/extensibility.html) for a list).","","","","","","","","","",,,,,"","type:$this}
","",,"closed","Extension.value[x]",0,1,"","ele-1:All FHIR elements must have a @value or children {hasValue() or (children().count() > id.count())}
"
"pharmac-charge-item-definition-funding-rules","ChargeItemDefinition.extension:fundingRule.extension:rule.extension:value.value[x]:valueDecimal","ChargeItemDefinition.extension.extension.extension.value[x]","valueDecimal","","",0,1,"","","","decimal {[]} {[]}
","Rule value (decimal)","Value of extension - must be one of a constrained set of the data types (see [Extensibility](http://hl7.org/fhir/R4/extensibility.html) for a list).","","","","","","","","","",,,,,"",,,,"Extension.value[x]",0,1,"","ele-1:All FHIR elements must have a @value or children {hasValue() or (children().count() > id.count())}
"
"pharmac-charge-item-definition-funding-rules","ChargeItemDefinition.extension:fundingRule.extension:rule.extension:value.value[x]:valueInteger","ChargeItemDefinition.extension.extension.extension.value[x]","valueInteger","","",0,1,"","","","integer {[]} {[]}
","Rule value (integer)","Value of extension - must be one of a constrained set of the data types (see [Extensibility](http://hl7.org/fhir/R4/extensibility.html) for a list).","","","","","","","","","",,,,,"",,,,"Extension.value[x]",0,1,"","ele-1:All FHIR elements must have a @value or children {hasValue() or (children().count() > id.count())}
"
"pharmac-charge-item-definition-funding-rules","ChargeItemDefinition.extension:fundingRule.extension:rule.extension:attribute","ChargeItemDefinition.extension.extension.extension","attribute","","",0,1,"Y","","","Extension {[]} {[]}
","Rule attribute (e.g., Prescription, BSO, RuralPSO)","Attribute code that qualifies the rule type, such as the specific funding mechanism","","","","","","","","","",,,,,"",,,,"Element.extension",0,*,"","ele-1:All FHIR elements must have a @value or children {hasValue() or (children().count() > id.count())}
ext-1:Must have either extensions or value[x], not both {extension.exists() != value.exists()}"
"pharmac-charge-item-definition-funding-rules","ChargeItemDefinition.extension:fundingRule.extension:rule.extension:attribute.id","ChargeItemDefinition.extension.extension.extension.id","","","",0,1,"","","","string {[]} {[]}
","Unique id for inter-element referencing","Unique id for the element within a resource (for internal references). This may be any string value that does not contain spaces.","","","","","","","","","",,,,,"",,,,"Element.id",0,1,"",""
"pharmac-charge-item-definition-funding-rules","ChargeItemDefinition.extension:fundingRule.extension:rule.extension:attribute.extension","ChargeItemDefinition.extension.extension.extension.extension","","","",0,0,"","","","Extension {[]} {[]}
","Extension","An Extension","","","","","","","","","",,,,,"","value:url}
","Extensions are always sliced by (at least) url",,"open","Element.extension",0,*,"","ele-1:All FHIR elements must have a @value or children {hasValue() or (children().count() > id.count())}
ext-1:Must have either extensions or value[x], not both {extension.exists() != value.exists()}"
"pharmac-charge-item-definition-funding-rules","ChargeItemDefinition.extension:fundingRule.extension:rule.extension:attribute.url","ChargeItemDefinition.extension.extension.extension.url","","","",1,1,"","","","uri {[]} {[]}
","identifies the meaning of the extension","Source of the definition for the extension code - a logical name or a URL.","The definition may point directly to a computable or human-readable definition of the extensibility codes, or it may be a logical URI as declared in some other specification. The definition SHALL be a URI for the Structure Definition defining the extension.","","","","<valueUri xmlns=""http://hl7.org/fhir"" value=""attribute""/>","","","","",,,,,"",,,,"Extension.url",1,1,"",""
"pharmac-charge-item-definition-funding-rules","ChargeItemDefinition.extension:fundingRule.extension:rule.extension:attribute.value[x]","ChargeItemDefinition.extension.extension.extension.value[x]","","","",0,1,"","","","code {[]} {[]}
","Rule attribute","Attribute associated with the funding rule (e.g., Rx, Subsidy). This may be used to further qualify the rule type where required.","","","","","","","","","",,,,,"",,,,"Extension.value[x]",0,1,"","ele-1:All FHIR elements must have a @value or children {hasValue() or (children().count() > id.count())}
"
"pharmac-charge-item-definition-funding-rules","ChargeItemDefinition.extension:fundingRule.extension:rule.extension:href","ChargeItemDefinition.extension.extension.extension","href","","",0,1,"Y","","","Extension {[]} {[]}
","Extension","An Extension","","","","","","","","","",,,,,"",,,,"Element.extension",0,*,"","ele-1:All FHIR elements must have a @value or children {hasValue() or (children().count() > id.count())}
ext-1:Must have either extensions or value[x], not both {extension.exists() != value.exists()}"
"pharmac-charge-item-definition-funding-rules","ChargeItemDefinition.extension:fundingRule.extension:rule.extension:href.id","ChargeItemDefinition.extension.extension.extension.id","","","",0,1,"","","","string {[]} {[]}
","Unique id for inter-element referencing","Unique id for the element within a resource (for internal references). This may be any string value that does not contain spaces.","","","","","","","","","",,,,,"",,,,"Element.id",0,1,"",""
"pharmac-charge-item-definition-funding-rules","ChargeItemDefinition.extension:fundingRule.extension:rule.extension:href.extension","ChargeItemDefinition.extension.extension.extension.extension","","","",0,0,"","","","Extension {[]} {[]}
","Extension","An Extension","","","","","","","","","",,,,,"","value:url}
","Extensions are always sliced by (at least) url",,"open","Element.extension",0,*,"","ele-1:All FHIR elements must have a @value or children {hasValue() or (children().count() > id.count())}
ext-1:Must have either extensions or value[x], not both {extension.exists() != value.exists()}"
"pharmac-charge-item-definition-funding-rules","ChargeItemDefinition.extension:fundingRule.extension:rule.extension:href.url","ChargeItemDefinition.extension.extension.extension.url","","","",1,1,"","","","uri {[]} {[]}
","identifies the meaning of the extension","Source of the definition for the extension code - a logical name or a URL.","The definition may point directly to a computable or human-readable definition of the extensibility codes, or it may be a logical URI as declared in some other specification. The definition SHALL be a URI for the Structure Definition defining the extension.","","","","<valueUri xmlns=""http://hl7.org/fhir"" value=""href""/>","","","","",,,,,"",,,,"Extension.url",1,1,"",""
"pharmac-charge-item-definition-funding-rules","ChargeItemDefinition.extension:fundingRule.extension:rule.extension:href.value[x]","ChargeItemDefinition.extension.extension.extension.value[x]","","","",0,1,"","","","code {[]} {[]}
","Rule href/reference","Reference code for special funding arrangements (e.g., SA2137)","","","","","","","","","",,,,,"",,,,"Extension.value[x]",0,1,"","ele-1:All FHIR elements must have a @value or children {hasValue() or (children().count() > id.count())}
"
"pharmac-charge-item-definition-funding-rules","ChargeItemDefinition.extension:fundingRule.extension:rule.url","ChargeItemDefinition.extension.extension.url","","","",1,1,"","","","uri {[]} {[]}
","identifies the meaning of the extension","Source of the definition for the extension code - a logical name or a URL.","The definition may point directly to a computable or human-readable definition of the extensibility codes, or it may be a logical URI as declared in some other specification. The definition SHALL be a URI for the Structure Definition defining the extension.","","","","<valueUri xmlns=""http://hl7.org/fhir"" value=""rule""/>","","","","",,,,,"",,,,"Extension.url",1,1,"",""
"pharmac-charge-item-definition-funding-rules","ChargeItemDefinition.extension:fundingRule.extension:rule.value[x]","ChargeItemDefinition.extension.extension.value[x]","","","",0,0,"","","","base64Binary {[]} {[]}
boolean {[]} {[]}canonical {[]} {[]}code {[]} {[]}date {[]} {[]}dateTime {[]} {[]}decimal {[]} {[]}id {[]} {[]}instant {[]} {[]}integer {[]} {[]}markdown {[]} {[]}oid {[]} {[]}positiveInt {[]} {[]}string {[]} {[]}time {[]} {[]}unsignedInt {[]} {[]}uri {[]} {[]}url {[]} {[]}uuid {[]} {[]}Address {[]} {[]}Age {[]} {[]}Annotation {[]} {[]}Attachment {[]} {[]}CodeableConcept {[]} {[]}Coding {[]} {[]}ContactPoint {[]} {[]}Count {[]} {[]}Distance {[]} {[]}Duration {[]} {[]}HumanName {[]} {[]}Identifier {[]} {[]}Money {[]} {[]}Period {[]} {[]}Quantity {[]} {[]}Range {[]} {[]}Ratio {[]} {[]}Reference {[]} {[]}SampledData {[]} {[]}Signature {[]} {[]}Timing {[]} {[]}ContactDetail {[]} {[]}Contributor {[]} {[]}DataRequirement {[]} {[]}Expression {[]} {[]}ParameterDefinition {[]} {[]}RelatedArtifact {[]} {[]}TriggerDefinition {[]} {[]}UsageContext {[]} {[]}Dosage {[]} {[]}Meta {[]} {[]}","Value of extension","Value of extension - must be one of a constrained set of the data types (see [Extensibility](http://hl7.org/fhir/R4/extensibility.html) for a list).","","","","","","","","","",,,,,"",,,,"Extension.value[x]",0,1,"","ele-1:All FHIR elements must have a @value or children {hasValue() or (children().count() > id.count())}
"
"pharmac-charge-item-definition-funding-rules","ChargeItemDefinition.extension:fundingRule.url","ChargeItemDefinition.extension.url","","","",1,1,"","","","uri {[]} {[]}
","identifies the meaning of the extension","Source of the definition for the extension code - a logical name or a URL.","The definition may point directly to a computable or human-readable definition of the extensibility codes, or it may be a logical URI as declared in some other specification. The definition SHALL be a URI for the Structure Definition defining the extension.","","","","<valueUri xmlns=""http://hl7.org/fhir"" value=""http://schedule.pharmac.govt.nz/fhir/StructureDefinition/funding-rule""/>","","","","",,,,,"",,,,"Extension.url",1,1,"",""
"pharmac-charge-item-definition-funding-rules","ChargeItemDefinition.extension:fundingRule.value[x]","ChargeItemDefinition.extension.value[x]","","","",0,0,"","","","base64Binary {[]} {[]}
boolean {[]} {[]}canonical {[]} {[]}code {[]} {[]}date {[]} {[]}dateTime {[]} {[]}decimal {[]} {[]}id {[]} {[]}instant {[]} {[]}integer {[]} {[]}markdown {[]} {[]}oid {[]} {[]}positiveInt {[]} {[]}string {[]} {[]}time {[]} {[]}unsignedInt {[]} {[]}uri {[]} {[]}url {[]} {[]}uuid {[]} {[]}Address {[]} {[]}Age {[]} {[]}Annotation {[]} {[]}Attachment {[]} {[]}CodeableConcept {[]} {[]}Coding {[]} {[]}ContactPoint {[]} {[]}Count {[]} {[]}Distance {[]} {[]}Duration {[]} {[]}HumanName {[]} {[]}Identifier {[]} {[]}Money {[]} {[]}Period {[]} {[]}Quantity {[]} {[]}Range {[]} {[]}Ratio {[]} {[]}Reference {[]} {[]}SampledData {[]} {[]}Signature {[]} {[]}Timing {[]} {[]}ContactDetail {[]} {[]}Contributor {[]} {[]}DataRequirement {[]} {[]}Expression {[]} {[]}ParameterDefinition {[]} {[]}RelatedArtifact {[]} {[]}TriggerDefinition {[]} {[]}UsageContext {[]} {[]}Dosage {[]} {[]}Meta {[]} {[]}","Value of extension","Value of extension - must be one of a constrained set of the data types (see [Extensibility](http://hl7.org/fhir/R4/extensibility.html) for a list).","","","","","","","","","",,,,,"",,,,"Extension.value[x]",0,1,"","ele-1:All FHIR elements must have a @value or children {hasValue() or (children().count() > id.count())}
"
"pharmac-charge-item-definition-funding-rules","ChargeItemDefinition.extension:costBrandSource","ChargeItemDefinition.extension","costBrandSource","","",0,0,"","","","Extension {[CanonicalType[https://fhir-ig.digital.health.nz/pharmac-schedules/StructureDefinition/cost-brand-source]]} {[]}
","Cost Brand Source","Indicates whether pricing for this item is sourced from a cost brand.","","","","","","","","","",,,,,"",,,,"DomainResource.extension",0,*,"ele-1
","ele-1:All FHIR elements must have a @value or children {hasValue() or (children().count() > id.count())}
ext-1:Must have either extensions or value[x], not both {extension.exists() != value.exists()}"
"pharmac-charge-item-definition-funding-rules","ChargeItemDefinition.extension:wastageClaimable","ChargeItemDefinition.extension","wastageClaimable","","",0,0,"","","","Extension {[CanonicalType[https://fhir-ig.digital.health.nz/pharmac-schedules/StructureDefinition/wastage-claimable]]} {[]}
","Wastage Claimable","Indicates whether wastage for this item may be claimed.","","","","","","","","","",,,,,"",,,,"DomainResource.extension",0,*,"ele-1
","ele-1:All FHIR elements must have a @value or children {hasValue() or (children().count() > id.count())}
ext-1:Must have either extensions or value[x], not both {extension.exists() != value.exists()}"
"pharmac-charge-item-definition-funding-rules","ChargeItemDefinition.extension:contractType","ChargeItemDefinition.extension","contractType","","",0,0,"","","","Extension {[CanonicalType[https://fhir-ig.digital.health.nz/pharmac-schedules/StructureDefinition/contract-type]]} {[]}
","Contract Type","Type of PHARMAC contract that applies to this item (for example, sole-supply, preferred).","","","","","","","","","",,,,,"",,,,"DomainResource.extension",0,*,"ele-1
","ele-1:All FHIR elements must have a @value or children {hasValue() or (children().count() > id.count())}
ext-1:Must have either extensions or value[x], not both {extension.exists() != value.exists()}"
"pharmac-charge-item-definition-funding-rules","ChargeItemDefinition.extension:dvLimitPercent","ChargeItemDefinition.extension","dvLimitPercent","","",0,0,"","","","Extension {[CanonicalType[https://fhir-ig.digital.health.nz/pharmac-schedules/StructureDefinition/dv-limit-percent]]} {[]}
","Daily Volume Limit Percent","Percentage daily volume limit that applies to this item.","","","","","","","","","",,,,,"",,,,"DomainResource.extension",0,*,"ele-1
","ele-1:All FHIR elements must have a @value or children {hasValue() or (children().count() > id.count())}
ext-1:Must have either extensions or value[x], not both {extension.exists() != value.exists()}"
"pharmac-charge-item-definition-funding-rules","ChargeItemDefinition.extension:brandSwitchFee","ChargeItemDefinition.extension","brandSwitchFee","","",0,0,"","","","Extension {[CanonicalType[https://fhir-ig.digital.health.nz/pharmac-schedules/StructureDefinition/brand-switch-fee]]} {[]}
","Brand Switch Fee","Indicates whether a brand switch fee applies for this item.","","","","","","","","","",,,,,"",,,,"DomainResource.extension",0,*,"ele-1
","ele-1:All FHIR elements must have a @value or children {hasValue() or (children().count() > id.count())}
ext-1:Must have either extensions or value[x], not both {extension.exists() != value.exists()}"
"pharmac-charge-item-definition-funding-rules","ChargeItemDefinition.extension:statim","ChargeItemDefinition.extension","statim","","",0,0,"","","","Extension {[CanonicalType[https://fhir-ig.digital.health.nz/pharmac-schedules/StructureDefinition/statim]]} {[]}
","Statim (Urgent Dispensing)","Indicates whether stat (urgent) dispensing rules apply for this item.","","","","","","","","","",,,,,"",,,,"DomainResource.extension",0,*,"ele-1
","ele-1:All FHIR elements must have a @value or children {hasValue() or (children().count() > id.count())}
ext-1:Must have either extensions or value[x], not both {extension.exists() != value.exists()}"
"pharmac-charge-item-definition-funding-rules","ChargeItemDefinition.extension:inCombination","ChargeItemDefinition.extension","inCombination","","",0,0,"","","","Extension {[CanonicalType[https://fhir-ig.digital.health.nz/pharmac-schedules/StructureDefinition/in-combination]]} {[]}
","In-Combination","Indicates whether this item is only subsidised when used in combination with other medicines or treatments.","","","","","","","","","",,,,,"",,,,"DomainResource.extension",0,*,"ele-1
","ele-1:All FHIR elements must have a @value or children {hasValue() or (children().count() > id.count())}
ext-1:Must have either extensions or value[x], not both {extension.exists() != value.exists()}"
"pharmac-charge-item-definition-funding-rules","ChargeItemDefinition.extension:authorizationSchema","ChargeItemDefinition.extension","authorizationSchema","","",0,1,"Y","","","Extension {[CanonicalType[https://fhir-ig.digital.health.nz/pharmac-schedules/StructureDefinition/authorization-schema]]} {[]}
","Optional JSON schema for authorization/funding validation","Base64-encoded JSON schema document that describes the structured format for funding/authorization case submissions.","","","","","","","","","",,,,,"",,,,"DomainResource.extension",0,*,"ele-1
","ele-1:All FHIR elements must have a @value or children {hasValue() or (children().count() > id.count())}
ext-1:Must have either extensions or value[x], not both {extension.exists() != value.exists()}"
"pharmac-charge-item-definition-funding-rules","ChargeItemDefinition.extension:fundingSubsidyAmount","ChargeItemDefinition.extension","fundingSubsidyAmount","","",0,1,"Y","","","Extension {[CanonicalType[https://fhir-ig.digital.health.nz/pharmac-schedules/StructureDefinition/funding-subsidy-amount]]} {[]}
","Funding Subsidy Amount","Structured subsidy details for funding rule cases, including subsidy type, status, optional amount, and display label.","","","","","","","","","",,,,,"",,,,"DomainResource.extension",0,*,"ele-1
","ele-1:All FHIR elements must have a @value or children {hasValue() or (children().count() > id.count())}
ext-1:Must have either extensions or value[x], not both {extension.exists() != value.exists()}"
"pharmac-charge-item-definition-funding-rules","ChargeItemDefinition.extension:scheduleFundingAttributes","ChargeItemDefinition.extension","scheduleFundingAttributes","","",0,1,"Y","","","Extension {[CanonicalType[https://fhir-ig.digital.health.nz/pharmac-schedules/StructureDefinition/schedule-funding-attributes]]} {[]}
","Schedule Funding Attributes","Grouped funding attributes for schedule records, including contract and dispensing flags, co-payment markers, and related indicators.","","","","","","","","","",,,,,"",,,,"DomainResource.extension",0,*,"ele-1
","ele-1:All FHIR elements must have a @value or children {hasValue() or (children().count() > id.count())}
ext-1:Must have either extensions or value[x], not both {extension.exists() != value.exists()}"
"pharmac-charge-item-definition-funding-rules","ChargeItemDefinition.extension:scheduleFundingAttributes.id","ChargeItemDefinition.extension.id","","","",0,1,"","","","string {[]} {[]}
","Unique id for inter-element referencing","Unique id for the element within a resource (for internal references). This may be any string value that does not contain spaces.","","","","","","","","","",,,,,"",,,,"Element.id",0,1,"",""
"pharmac-charge-item-definition-funding-rules","ChargeItemDefinition.extension:scheduleFundingAttributes.extension","ChargeItemDefinition.extension.extension","","extensions
user content","",0,*,"","","","Extension {[]} {[]}
","Additional content defined by implementations","May be used to represent additional information that is not part of the basic definition of the element. To make the use of extensions safe and manageable, there is a strict set of governance  applied to the definition and use of extensions. Though any implementer can define an extension, there is a set of requirements that SHALL be met as part of the definition of the extension.","There can be no stigma associated with the use of extensions by any application, project, or standard - regardless of the institution or jurisdiction that uses or defines the extensions.  The use of extensions is what allows the FHIR specification to retain a core level of simplicity for everyone.","","","","","","","","",,,,,"","value:url}
","Extensions are always sliced by (at least) url",,"open","Element.extension",0,*,"","ele-1:All FHIR elements must have a @value or children {hasValue() or (children().count() > id.count())}
ext-1:Must have either extensions or value[x], not both {extension.exists() != value.exists()}"
"pharmac-charge-item-definition-funding-rules","ChargeItemDefinition.extension:scheduleFundingAttributes.extension:productMultiple","ChargeItemDefinition.extension.extension","productMultiple","","",0,1,"","","","Extension {[]} {[]}
","Product multiple applies","Indicates whether this pack uses product multiples when calculating pricing or claims.","","","","","","","","","",,,,,"",,,,"Element.extension",0,*,"","ele-1:All FHIR elements must have a @value or children {hasValue() or (children().count() > id.count())}
ext-1:Must have either extensions or value[x], not both {extension.exists() != value.exists()}"
"pharmac-charge-item-definition-funding-rules","ChargeItemDefinition.extension:scheduleFundingAttributes.extension:productMultiple.id","ChargeItemDefinition.extension.extension.id","","","",0,1,"","","","string {[]} {[]}
","Unique id for inter-element referencing","Unique id for the element within a resource (for internal references). This may be any string value that does not contain spaces.","","","","","","","","","",,,,,"",,,,"Element.id",0,1,"",""
"pharmac-charge-item-definition-funding-rules","ChargeItemDefinition.extension:scheduleFundingAttributes.extension:productMultiple.extension","ChargeItemDefinition.extension.extension.extension","","","",0,0,"","","","Extension {[]} {[]}
","Extension","An Extension","","","","","","","","","",,,,,"","value:url}
","Extensions are always sliced by (at least) url",,"open","Element.extension",0,*,"","ele-1:All FHIR elements must have a @value or children {hasValue() or (children().count() > id.count())}
ext-1:Must have either extensions or value[x], not both {extension.exists() != value.exists()}"
"pharmac-charge-item-definition-funding-rules","ChargeItemDefinition.extension:scheduleFundingAttributes.extension:productMultiple.url","ChargeItemDefinition.extension.extension.url","","","",1,1,"","","","uri {[]} {[]}
","identifies the meaning of the extension","Source of the definition for the extension code - a logical name or a URL.","The definition may point directly to a computable or human-readable definition of the extensibility codes, or it may be a logical URI as declared in some other specification. The definition SHALL be a URI for the Structure Definition defining the extension.","","","","<valueUri xmlns=""http://hl7.org/fhir"" value=""productMultiple""/>","","","","",,,,,"",,,,"Extension.url",1,1,"",""
"pharmac-charge-item-definition-funding-rules","ChargeItemDefinition.extension:scheduleFundingAttributes.extension:productMultiple.value[x]","ChargeItemDefinition.extension.extension.value[x]","","","",0,1,"","","","boolean {[]} {[]}
","Product multiple flag","Value of extension - must be one of a constrained set of the data types (see [Extensibility](http://hl7.org/fhir/R4/extensibility.html) for a list).","","","","","","","","","",,,,,"",,,,"Extension.value[x]",0,1,"","ele-1:All FHIR elements must have a @value or children {hasValue() or (children().count() > id.count())}
"
"pharmac-charge-item-definition-funding-rules","ChargeItemDefinition.extension:scheduleFundingAttributes.extension:productMultiplier","ChargeItemDefinition.extension.extension","productMultiplier","","",0,1,"","","","Extension {[]} {[]}
","Product multiplier value","Numeric multiplier applied when calculating pricing or claims for this pack.","","","","","","","","","",,,,,"",,,,"Element.extension",0,*,"","ele-1:All FHIR elements must have a @value or children {hasValue() or (children().count() > id.count())}
ext-1:Must have either extensions or value[x], not both {extension.exists() != value.exists()}"
"pharmac-charge-item-definition-funding-rules","ChargeItemDefinition.extension:scheduleFundingAttributes.extension:productMultiplier.id","ChargeItemDefinition.extension.extension.id","","","",0,1,"","","","string {[]} {[]}
","Unique id for inter-element referencing","Unique id for the element within a resource (for internal references). This may be any string value that does not contain spaces.","","","","","","","","","",,,,,"",,,,"Element.id",0,1,"",""
"pharmac-charge-item-definition-funding-rules","ChargeItemDefinition.extension:scheduleFundingAttributes.extension:productMultiplier.extension","ChargeItemDefinition.extension.extension.extension","","","",0,0,"","","","Extension {[]} {[]}
","Extension","An Extension","","","","","","","","","",,,,,"","value:url}
","Extensions are always sliced by (at least) url",,"open","Element.extension",0,*,"","ele-1:All FHIR elements must have a @value or children {hasValue() or (children().count() > id.count())}
ext-1:Must have either extensions or value[x], not both {extension.exists() != value.exists()}"
"pharmac-charge-item-definition-funding-rules","ChargeItemDefinition.extension:scheduleFundingAttributes.extension:productMultiplier.url","ChargeItemDefinition.extension.extension.url","","","",1,1,"","","","uri {[]} {[]}
","identifies the meaning of the extension","Source of the definition for the extension code - a logical name or a URL.","The definition may point directly to a computable or human-readable definition of the extensibility codes, or it may be a logical URI as declared in some other specification. The definition SHALL be a URI for the Structure Definition defining the extension.","","","","<valueUri xmlns=""http://hl7.org/fhir"" value=""productMultiplier""/>","","","","",,,,,"",,,,"Extension.url",1,1,"",""
"pharmac-charge-item-definition-funding-rules","ChargeItemDefinition.extension:scheduleFundingAttributes.extension:productMultiplier.value[x]","ChargeItemDefinition.extension.extension.value[x]","","","",0,1,"","","","integer {[]} {[]}
","Product multiplier value","Value of extension - must be one of a constrained set of the data types (see [Extensibility](http://hl7.org/fhir/R4/extensibility.html) for a list).","","","","","","","","","",,,,,"",,,,"Extension.value[x]",0,1,"","ele-1:All FHIR elements must have a @value or children {hasValue() or (children().count() > id.count())}
"
"pharmac-charge-item-definition-funding-rules","ChargeItemDefinition.extension:scheduleFundingAttributes.extension:originalPack","ChargeItemDefinition.extension.extension","originalPack","","",0,1,"","","","Extension {[]} {[]}
","Original pack flag","Indicates whether this pack represents the original pack supplied by the manufacturer.","","","","","","","","","",,,,,"",,,,"Element.extension",0,*,"","ele-1:All FHIR elements must have a @value or children {hasValue() or (children().count() > id.count())}
ext-1:Must have either extensions or value[x], not both {extension.exists() != value.exists()}"
"pharmac-charge-item-definition-funding-rules","ChargeItemDefinition.extension:scheduleFundingAttributes.extension:originalPack.id","ChargeItemDefinition.extension.extension.id","","","",0,1,"","","","string {[]} {[]}
","Unique id for inter-element referencing","Unique id for the element within a resource (for internal references). This may be any string value that does not contain spaces.","","","","","","","","","",,,,,"",,,,"Element.id",0,1,"",""
"pharmac-charge-item-definition-funding-rules","ChargeItemDefinition.extension:scheduleFundingAttributes.extension:originalPack.extension","ChargeItemDefinition.extension.extension.extension","","","",0,0,"","","","Extension {[]} {[]}
","Extension","An Extension","","","","","","","","","",,,,,"","value:url}
","Extensions are always sliced by (at least) url",,"open","Element.extension",0,*,"","ele-1:All FHIR elements must have a @value or children {hasValue() or (children().count() > id.count())}
ext-1:Must have either extensions or value[x], not both {extension.exists() != value.exists()}"
"pharmac-charge-item-definition-funding-rules","ChargeItemDefinition.extension:scheduleFundingAttributes.extension:originalPack.url","ChargeItemDefinition.extension.extension.url","","","",1,1,"","","","uri {[]} {[]}
","identifies the meaning of the extension","Source of the definition for the extension code - a logical name or a URL.","The definition may point directly to a computable or human-readable definition of the extensibility codes, or it may be a logical URI as declared in some other specification. The definition SHALL be a URI for the Structure Definition defining the extension.","","","","<valueUri xmlns=""http://hl7.org/fhir"" value=""originalPack""/>","","","","",,,,,"",,,,"Extension.url",1,1,"",""
"pharmac-charge-item-definition-funding-rules","ChargeItemDefinition.extension:scheduleFundingAttributes.extension:originalPack.value[x]","ChargeItemDefinition.extension.extension.value[x]","","","",0,1,"","","","boolean {[]} {[]}
","Original pack flag","Value of extension - must be one of a constrained set of the data types (see [Extensibility](http://hl7.org/fhir/R4/extensibility.html) for a list).","","","","","","","","","",,,,,"",,,,"Extension.value[x]",0,1,"","ele-1:All FHIR elements must have a @value or children {hasValue() or (children().count() > id.count())}
"
"pharmac-charge-item-definition-funding-rules","ChargeItemDefinition.extension:scheduleFundingAttributes.extension:safetyListMedicine","ChargeItemDefinition.extension.extension","safetyListMedicine","","",0,1,"","","","Extension {[]} {[]}
","Safety list medicine flag","Indicates whether this medication is on a PHARMAC safety list.","","","","","","","","","",,,,,"",,,,"Element.extension",0,*,"","ele-1:All FHIR elements must have a @value or children {hasValue() or (children().count() > id.count())}
ext-1:Must have either extensions or value[x], not both {extension.exists() != value.exists()}"
"pharmac-charge-item-definition-funding-rules","ChargeItemDefinition.extension:scheduleFundingAttributes.extension:safetyListMedicine.id","ChargeItemDefinition.extension.extension.id","","","",0,1,"","","","string {[]} {[]}
","Unique id for inter-element referencing","Unique id for the element within a resource (for internal references). This may be any string value that does not contain spaces.","","","","","","","","","",,,,,"",,,,"Element.id",0,1,"",""
"pharmac-charge-item-definition-funding-rules","ChargeItemDefinition.extension:scheduleFundingAttributes.extension:safetyListMedicine.extension","ChargeItemDefinition.extension.extension.extension","","","",0,0,"","","","Extension {[]} {[]}
","Extension","An Extension","","","","","","","","","",,,,,"","value:url}
","Extensions are always sliced by (at least) url",,"open","Element.extension",0,*,"","ele-1:All FHIR elements must have a @value or children {hasValue() or (children().count() > id.count())}
ext-1:Must have either extensions or value[x], not both {extension.exists() != value.exists()}"
"pharmac-charge-item-definition-funding-rules","ChargeItemDefinition.extension:scheduleFundingAttributes.extension:safetyListMedicine.url","ChargeItemDefinition.extension.extension.url","","","",1,1,"","","","uri {[]} {[]}
","identifies the meaning of the extension","Source of the definition for the extension code - a logical name or a URL.","The definition may point directly to a computable or human-readable definition of the extensibility codes, or it may be a logical URI as declared in some other specification. The definition SHALL be a URI for the Structure Definition defining the extension.","","","","<valueUri xmlns=""http://hl7.org/fhir"" value=""safetyListMedicine""/>","","","","",,,,,"",,,,"Extension.url",1,1,"",""
"pharmac-charge-item-definition-funding-rules","ChargeItemDefinition.extension:scheduleFundingAttributes.extension:safetyListMedicine.value[x]","ChargeItemDefinition.extension.extension.value[x]","","","",0,1,"","","","boolean {[]} {[]}
","Safety list medicine flag","Value of extension - must be one of a constrained set of the data types (see [Extensibility](http://hl7.org/fhir/R4/extensibility.html) for a list).","","","","","","","","","",,,,,"",,,,"Extension.value[x]",0,1,"","ele-1:All FHIR elements must have a @value or children {hasValue() or (children().count() > id.count())}
"
"pharmac-charge-item-definition-funding-rules","ChargeItemDefinition.extension:scheduleFundingAttributes.extension:costBrandSource","ChargeItemDefinition.extension.extension","costBrandSource","","",0,1,"","","","Extension {[]} {[]}
","Extension","An Extension","","","","","","","","","",,,,,"",,,,"Element.extension",0,*,"","ele-1:All FHIR elements must have a @value or children {hasValue() or (children().count() > id.count())}
ext-1:Must have either extensions or value[x], not both {extension.exists() != value.exists()}"
"pharmac-charge-item-definition-funding-rules","ChargeItemDefinition.extension:scheduleFundingAttributes.extension:costBrandSource.id","ChargeItemDefinition.extension.extension.id","","","",0,1,"","","","string {[]} {[]}
","Unique id for inter-element referencing","Unique id for the element within a resource (for internal references). This may be any string value that does not contain spaces.","","","","","","","","","",,,,,"",,,,"Element.id",0,1,"",""
"pharmac-charge-item-definition-funding-rules","ChargeItemDefinition.extension:scheduleFundingAttributes.extension:costBrandSource.extension","ChargeItemDefinition.extension.extension.extension","","","",0,0,"","","","Extension {[]} {[]}
","Extension","An Extension","","","","","","","","","",,,,,"","value:url}
","Extensions are always sliced by (at least) url",,"open","Element.extension",0,*,"","ele-1:All FHIR elements must have a @value or children {hasValue() or (children().count() > id.count())}
ext-1:Must have either extensions or value[x], not both {extension.exists() != value.exists()}"
"pharmac-charge-item-definition-funding-rules","ChargeItemDefinition.extension:scheduleFundingAttributes.extension:costBrandSource.url","ChargeItemDefinition.extension.extension.url","","","",1,1,"","","","uri {[]} {[]}
","identifies the meaning of the extension","Source of the definition for the extension code - a logical name or a URL.","The definition may point directly to a computable or human-readable definition of the extensibility codes, or it may be a logical URI as declared in some other specification. The definition SHALL be a URI for the Structure Definition defining the extension.","","","","<valueUri xmlns=""http://hl7.org/fhir"" value=""costBrandSource""/>","","","","",,,,,"",,,,"Extension.url",1,1,"",""
"pharmac-charge-item-definition-funding-rules","ChargeItemDefinition.extension:scheduleFundingAttributes.extension:costBrandSource.value[x]","ChargeItemDefinition.extension.extension.value[x]","","","",0,1,"","","","boolean {[]} {[]}
","Cost brand source flag","Value of extension - must be one of a constrained set of the data types (see [Extensibility](http://hl7.org/fhir/R4/extensibility.html) for a list).","","","","","","","","","",,,,,"",,,,"Extension.value[x]",0,1,"","ele-1:All FHIR elements must have a @value or children {hasValue() or (children().count() > id.count())}
"
"pharmac-charge-item-definition-funding-rules","ChargeItemDefinition.extension:scheduleFundingAttributes.extension:wastageClaimable","ChargeItemDefinition.extension.extension","wastageClaimable","","",0,1,"","","","Extension {[]} {[]}
","Extension","An Extension","","","","","","","","","",,,,,"",,,,"Element.extension",0,*,"","ele-1:All FHIR elements must have a @value or children {hasValue() or (children().count() > id.count())}
ext-1:Must have either extensions or value[x], not both {extension.exists() != value.exists()}"
"pharmac-charge-item-definition-funding-rules","ChargeItemDefinition.extension:scheduleFundingAttributes.extension:wastageClaimable.id","ChargeItemDefinition.extension.extension.id","","","",0,1,"","","","string {[]} {[]}
","Unique id for inter-element referencing","Unique id for the element within a resource (for internal references). This may be any string value that does not contain spaces.","","","","","","","","","",,,,,"",,,,"Element.id",0,1,"",""
"pharmac-charge-item-definition-funding-rules","ChargeItemDefinition.extension:scheduleFundingAttributes.extension:wastageClaimable.extension","ChargeItemDefinition.extension.extension.extension","","","",0,0,"","","","Extension {[]} {[]}
","Extension","An Extension","","","","","","","","","",,,,,"","value:url}
","Extensions are always sliced by (at least) url",,"open","Element.extension",0,*,"","ele-1:All FHIR elements must have a @value or children {hasValue() or (children().count() > id.count())}
ext-1:Must have either extensions or value[x], not both {extension.exists() != value.exists()}"
"pharmac-charge-item-definition-funding-rules","ChargeItemDefinition.extension:scheduleFundingAttributes.extension:wastageClaimable.url","ChargeItemDefinition.extension.extension.url","","","",1,1,"","","","uri {[]} {[]}
","identifies the meaning of the extension","Source of the definition for the extension code - a logical name or a URL.","The definition may point directly to a computable or human-readable definition of the extensibility codes, or it may be a logical URI as declared in some other specification. The definition SHALL be a URI for the Structure Definition defining the extension.","","","","<valueUri xmlns=""http://hl7.org/fhir"" value=""wastageClaimable""/>","","","","",,,,,"",,,,"Extension.url",1,1,"",""
"pharmac-charge-item-definition-funding-rules","ChargeItemDefinition.extension:scheduleFundingAttributes.extension:wastageClaimable.value[x]","ChargeItemDefinition.extension.extension.value[x]","","","",0,1,"","","","boolean {[]} {[]}
","Wastage claimable flag","Value of extension - must be one of a constrained set of the data types (see [Extensibility](http://hl7.org/fhir/R4/extensibility.html) for a list).","","","","","","","","","",,,,,"",,,,"Extension.value[x]",0,1,"","ele-1:All FHIR elements must have a @value or children {hasValue() or (children().count() > id.count())}
"
"pharmac-charge-item-definition-funding-rules","ChargeItemDefinition.extension:scheduleFundingAttributes.extension:contractType","ChargeItemDefinition.extension.extension","contractType","","",0,1,"","","","Extension {[]} {[]}
","Extension","An Extension","","","","","","","","","",,,,,"",,,,"Element.extension",0,*,"","ele-1:All FHIR elements must have a @value or children {hasValue() or (children().count() > id.count())}
ext-1:Must have either extensions or value[x], not both {extension.exists() != value.exists()}"
"pharmac-charge-item-definition-funding-rules","ChargeItemDefinition.extension:scheduleFundingAttributes.extension:contractType.id","ChargeItemDefinition.extension.extension.id","","","",0,1,"","","","string {[]} {[]}
","Unique id for inter-element referencing","Unique id for the element within a resource (for internal references). This may be any string value that does not contain spaces.","","","","","","","","","",,,,,"",,,,"Element.id",0,1,"",""
"pharmac-charge-item-definition-funding-rules","ChargeItemDefinition.extension:scheduleFundingAttributes.extension:contractType.extension","ChargeItemDefinition.extension.extension.extension","","","",0,0,"","","","Extension {[]} {[]}
","Extension","An Extension","","","","","","","","","",,,,,"","value:url}
","Extensions are always sliced by (at least) url",,"open","Element.extension",0,*,"","ele-1:All FHIR elements must have a @value or children {hasValue() or (children().count() > id.count())}
ext-1:Must have either extensions or value[x], not both {extension.exists() != value.exists()}"
"pharmac-charge-item-definition-funding-rules","ChargeItemDefinition.extension:scheduleFundingAttributes.extension:contractType.url","ChargeItemDefinition.extension.extension.url","","","",1,1,"","","","uri {[]} {[]}
","identifies the meaning of the extension","Source of the definition for the extension code - a logical name or a URL.","The definition may point directly to a computable or human-readable definition of the extensibility codes, or it may be a logical URI as declared in some other specification. The definition SHALL be a URI for the Structure Definition defining the extension.","","","","<valueUri xmlns=""http://hl7.org/fhir"" value=""contractType""/>","","","","",,,,,"",,,,"Extension.url",1,1,"",""
"pharmac-charge-item-definition-funding-rules","ChargeItemDefinition.extension:scheduleFundingAttributes.extension:contractType.value[x]","ChargeItemDefinition.extension.extension.value[x]","","","",0,1,"","","","string {[]} {[]}
","Contract type","Value of extension - must be one of a constrained set of the data types (see [Extensibility](http://hl7.org/fhir/R4/extensibility.html) for a list).","","","","","","","","","",,,,,"",,,,"Extension.value[x]",0,1,"","ele-1:All FHIR elements must have a @value or children {hasValue() or (children().count() > id.count())}
"
"pharmac-charge-item-definition-funding-rules","ChargeItemDefinition.extension:scheduleFundingAttributes.extension:dvLimitPercent","ChargeItemDefinition.extension.extension","dvLimitPercent","","",0,1,"","","","Extension {[]} {[]}
","Extension","An Extension","","","","","","","","","",,,,,"",,,,"Element.extension",0,*,"","ele-1:All FHIR elements must have a @value or children {hasValue() or (children().count() > id.count())}
ext-1:Must have either extensions or value[x], not both {extension.exists() != value.exists()}"
"pharmac-charge-item-definition-funding-rules","ChargeItemDefinition.extension:scheduleFundingAttributes.extension:dvLimitPercent.id","ChargeItemDefinition.extension.extension.id","","","",0,1,"","","","string {[]} {[]}
","Unique id for inter-element referencing","Unique id for the element within a resource (for internal references). This may be any string value that does not contain spaces.","","","","","","","","","",,,,,"",,,,"Element.id",0,1,"",""
"pharmac-charge-item-definition-funding-rules","ChargeItemDefinition.extension:scheduleFundingAttributes.extension:dvLimitPercent.extension","ChargeItemDefinition.extension.extension.extension","","","",0,0,"","","","Extension {[]} {[]}
","Extension","An Extension","","","","","","","","","",,,,,"","value:url}
","Extensions are always sliced by (at least) url",,"open","Element.extension",0,*,"","ele-1:All FHIR elements must have a @value or children {hasValue() or (children().count() > id.count())}
ext-1:Must have either extensions or value[x], not both {extension.exists() != value.exists()}"
"pharmac-charge-item-definition-funding-rules","ChargeItemDefinition.extension:scheduleFundingAttributes.extension:dvLimitPercent.url","ChargeItemDefinition.extension.extension.url","","","",1,1,"","","","uri {[]} {[]}
","identifies the meaning of the extension","Source of the definition for the extension code - a logical name or a URL.","The definition may point directly to a computable or human-readable definition of the extensibility codes, or it may be a logical URI as declared in some other specification. The definition SHALL be a URI for the Structure Definition defining the extension.","","","","<valueUri xmlns=""http://hl7.org/fhir"" value=""dvLimitPercent""/>","","","","",,,,,"",,,,"Extension.url",1,1,"",""
"pharmac-charge-item-definition-funding-rules","ChargeItemDefinition.extension:scheduleFundingAttributes.extension:dvLimitPercent.value[x]","ChargeItemDefinition.extension.extension.value[x]","","","",0,1,"","","","decimal {[]} {[]}
","DV limit percentage","Value of extension - must be one of a constrained set of the data types (see [Extensibility](http://hl7.org/fhir/R4/extensibility.html) for a list).","","","","","","","","","",,,,,"",,,,"Extension.value[x]",0,1,"","ele-1:All FHIR elements must have a @value or children {hasValue() or (children().count() > id.count())}
"
"pharmac-charge-item-definition-funding-rules","ChargeItemDefinition.extension:scheduleFundingAttributes.extension:brandSwitchFee","ChargeItemDefinition.extension.extension","brandSwitchFee","","",0,1,"","","","Extension {[]} {[]}
","Extension","An Extension","","","","","","","","","",,,,,"",,,,"Element.extension",0,*,"","ele-1:All FHIR elements must have a @value or children {hasValue() or (children().count() > id.count())}
ext-1:Must have either extensions or value[x], not both {extension.exists() != value.exists()}"
"pharmac-charge-item-definition-funding-rules","ChargeItemDefinition.extension:scheduleFundingAttributes.extension:brandSwitchFee.id","ChargeItemDefinition.extension.extension.id","","","",0,1,"","","","string {[]} {[]}
","Unique id for inter-element referencing","Unique id for the element within a resource (for internal references). This may be any string value that does not contain spaces.","","","","","","","","","",,,,,"",,,,"Element.id",0,1,"",""
"pharmac-charge-item-definition-funding-rules","ChargeItemDefinition.extension:scheduleFundingAttributes.extension:brandSwitchFee.extension","ChargeItemDefinition.extension.extension.extension","","","",0,0,"","","","Extension {[]} {[]}
","Extension","An Extension","","","","","","","","","",,,,,"","value:url}
","Extensions are always sliced by (at least) url",,"open","Element.extension",0,*,"","ele-1:All FHIR elements must have a @value or children {hasValue() or (children().count() > id.count())}
ext-1:Must have either extensions or value[x], not both {extension.exists() != value.exists()}"
"pharmac-charge-item-definition-funding-rules","ChargeItemDefinition.extension:scheduleFundingAttributes.extension:brandSwitchFee.url","ChargeItemDefinition.extension.extension.url","","","",1,1,"","","","uri {[]} {[]}
","identifies the meaning of the extension","Source of the definition for the extension code - a logical name or a URL.","The definition may point directly to a computable or human-readable definition of the extensibility codes, or it may be a logical URI as declared in some other specification. The definition SHALL be a URI for the Structure Definition defining the extension.","","","","<valueUri xmlns=""http://hl7.org/fhir"" value=""brandSwitchFee""/>","","","","",,,,,"",,,,"Extension.url",1,1,"",""
"pharmac-charge-item-definition-funding-rules","ChargeItemDefinition.extension:scheduleFundingAttributes.extension:brandSwitchFee.value[x]","ChargeItemDefinition.extension.extension.value[x]","","","",0,1,"","","","boolean {[]} {[]}
","Brand switch fee flag","Value of extension - must be one of a constrained set of the data types (see [Extensibility](http://hl7.org/fhir/R4/extensibility.html) for a list).","","","","","","","","","",,,,,"",,,,"Extension.value[x]",0,1,"","ele-1:All FHIR elements must have a @value or children {hasValue() or (children().count() > id.count())}
"
"pharmac-charge-item-definition-funding-rules","ChargeItemDefinition.extension:scheduleFundingAttributes.extension:statim","ChargeItemDefinition.extension.extension","statim","","",0,1,"","","","Extension {[]} {[]}
","Extension","An Extension","","","","","","","","","",,,,,"",,,,"Element.extension",0,*,"","ele-1:All FHIR elements must have a @value or children {hasValue() or (children().count() > id.count())}
ext-1:Must have either extensions or value[x], not both {extension.exists() != value.exists()}"
"pharmac-charge-item-definition-funding-rules","ChargeItemDefinition.extension:scheduleFundingAttributes.extension:statim.id","ChargeItemDefinition.extension.extension.id","","","",0,1,"","","","string {[]} {[]}
","Unique id for inter-element referencing","Unique id for the element within a resource (for internal references). This may be any string value that does not contain spaces.","","","","","","","","","",,,,,"",,,,"Element.id",0,1,"",""
"pharmac-charge-item-definition-funding-rules","ChargeItemDefinition.extension:scheduleFundingAttributes.extension:statim.extension","ChargeItemDefinition.extension.extension.extension","","","",0,0,"","","","Extension {[]} {[]}
","Extension","An Extension","","","","","","","","","",,,,,"","value:url}
","Extensions are always sliced by (at least) url",,"open","Element.extension",0,*,"","ele-1:All FHIR elements must have a @value or children {hasValue() or (children().count() > id.count())}
ext-1:Must have either extensions or value[x], not both {extension.exists() != value.exists()}"
"pharmac-charge-item-definition-funding-rules","ChargeItemDefinition.extension:scheduleFundingAttributes.extension:statim.url","ChargeItemDefinition.extension.extension.url","","","",1,1,"","","","uri {[]} {[]}
","identifies the meaning of the extension","Source of the definition for the extension code - a logical name or a URL.","The definition may point directly to a computable or human-readable definition of the extensibility codes, or it may be a logical URI as declared in some other specification. The definition SHALL be a URI for the Structure Definition defining the extension.","","","","<valueUri xmlns=""http://hl7.org/fhir"" value=""statim""/>","","","","",,,,,"",,,,"Extension.url",1,1,"",""
"pharmac-charge-item-definition-funding-rules","ChargeItemDefinition.extension:scheduleFundingAttributes.extension:statim.value[x]","ChargeItemDefinition.extension.extension.value[x]","","","",0,1,"","","","string {[]} {[]}
","Statim applicability","Value of extension - must be one of a constrained set of the data types (see [Extensibility](http://hl7.org/fhir/R4/extensibility.html) for a list).","","","","","","","","","",,,,,"",,,,"Extension.value[x]",0,1,"","ele-1:All FHIR elements must have a @value or children {hasValue() or (children().count() > id.count())}
"
"pharmac-charge-item-definition-funding-rules","ChargeItemDefinition.extension:scheduleFundingAttributes.extension:inCombination","ChargeItemDefinition.extension.extension","inCombination","","",0,1,"","","","Extension {[]} {[]}
","Extension","An Extension","","","","","","","","","",,,,,"",,,,"Element.extension",0,*,"","ele-1:All FHIR elements must have a @value or children {hasValue() or (children().count() > id.count())}
ext-1:Must have either extensions or value[x], not both {extension.exists() != value.exists()}"
"pharmac-charge-item-definition-funding-rules","ChargeItemDefinition.extension:scheduleFundingAttributes.extension:inCombination.id","ChargeItemDefinition.extension.extension.id","","","",0,1,"","","","string {[]} {[]}
","Unique id for inter-element referencing","Unique id for the element within a resource (for internal references). This may be any string value that does not contain spaces.","","","","","","","","","",,,,,"",,,,"Element.id",0,1,"",""
"pharmac-charge-item-definition-funding-rules","ChargeItemDefinition.extension:scheduleFundingAttributes.extension:inCombination.extension","ChargeItemDefinition.extension.extension.extension","","","",0,0,"","","","Extension {[]} {[]}
","Extension","An Extension","","","","","","","","","",,,,,"","value:url}
","Extensions are always sliced by (at least) url",,"open","Element.extension",0,*,"","ele-1:All FHIR elements must have a @value or children {hasValue() or (children().count() > id.count())}
ext-1:Must have either extensions or value[x], not both {extension.exists() != value.exists()}"
"pharmac-charge-item-definition-funding-rules","ChargeItemDefinition.extension:scheduleFundingAttributes.extension:inCombination.url","ChargeItemDefinition.extension.extension.url","","","",1,1,"","","","uri {[]} {[]}
","identifies the meaning of the extension","Source of the definition for the extension code - a logical name or a URL.","The definition may point directly to a computable or human-readable definition of the extensibility codes, or it may be a logical URI as declared in some other specification. The definition SHALL be a URI for the Structure Definition defining the extension.","","","","<valueUri xmlns=""http://hl7.org/fhir"" value=""inCombination""/>","","","","",,,,,"",,,,"Extension.url",1,1,"",""
"pharmac-charge-item-definition-funding-rules","ChargeItemDefinition.extension:scheduleFundingAttributes.extension:inCombination.value[x]","ChargeItemDefinition.extension.extension.value[x]","","","",0,1,"","","","code {[]} {[]}
","In-combination funding flag","Value of extension - must be one of a constrained set of the data types (see [Extensibility](http://hl7.org/fhir/R4/extensibility.html) for a list).","","","","","","","","","",,,,,"",,,,"Extension.value[x]",0,1,"","ele-1:All FHIR elements must have a @value or children {hasValue() or (children().count() > id.count())}
"
"pharmac-charge-item-definition-funding-rules","ChargeItemDefinition.extension:scheduleFundingAttributes.extension:section29","ChargeItemDefinition.extension.extension","section29","","",0,1,"","","","Extension {[]} {[]}
","Extension","An Extension","","","","","","","","","",,,,,"",,,,"Element.extension",0,*,"","ele-1:All FHIR elements must have a @value or children {hasValue() or (children().count() > id.count())}
ext-1:Must have either extensions or value[x], not both {extension.exists() != value.exists()}"
"pharmac-charge-item-definition-funding-rules","ChargeItemDefinition.extension:scheduleFundingAttributes.extension:section29.id","ChargeItemDefinition.extension.extension.id","","","",0,1,"","","","string {[]} {[]}
","Unique id for inter-element referencing","Unique id for the element within a resource (for internal references). This may be any string value that does not contain spaces.","","","","","","","","","",,,,,"",,,,"Element.id",0,1,"",""
"pharmac-charge-item-definition-funding-rules","ChargeItemDefinition.extension:scheduleFundingAttributes.extension:section29.extension","ChargeItemDefinition.extension.extension.extension","","","",0,0,"","","","Extension {[]} {[]}
","Extension","An Extension","","","","","","","","","",,,,,"","value:url}
","Extensions are always sliced by (at least) url",,"open","Element.extension",0,*,"","ele-1:All FHIR elements must have a @value or children {hasValue() or (children().count() > id.count())}
ext-1:Must have either extensions or value[x], not both {extension.exists() != value.exists()}"
"pharmac-charge-item-definition-funding-rules","ChargeItemDefinition.extension:scheduleFundingAttributes.extension:section29.url","ChargeItemDefinition.extension.extension.url","","","",1,1,"","","","uri {[]} {[]}
","identifies the meaning of the extension","Source of the definition for the extension code - a logical name or a URL.","The definition may point directly to a computable or human-readable definition of the extensibility codes, or it may be a logical URI as declared in some other specification. The definition SHALL be a URI for the Structure Definition defining the extension.","","","","<valueUri xmlns=""http://hl7.org/fhir"" value=""section29""/>","","","","",,,,,"",,,,"Extension.url",1,1,"",""
"pharmac-charge-item-definition-funding-rules","ChargeItemDefinition.extension:scheduleFundingAttributes.extension:section29.value[x]","ChargeItemDefinition.extension.extension.value[x]","","","",0,1,"","","","boolean {[]} {[]}
","Section 29 applicability","Value of extension - must be one of a constrained set of the data types (see [Extensibility](http://hl7.org/fhir/R4/extensibility.html) for a list).","","","","","","","","","",,,,,"",,,,"Extension.value[x]",0,1,"","ele-1:All FHIR elements must have a @value or children {hasValue() or (children().count() > id.count())}
"
"pharmac-charge-item-definition-funding-rules","ChargeItemDefinition.extension:scheduleFundingAttributes.extension:coPaymentMin","ChargeItemDefinition.extension.extension","coPaymentMin","","",0,1,"","","","Extension {[]} {[]}
","Extension","An Extension","","","","","","","","","",,,,,"",,,,"Element.extension",0,*,"","ele-1:All FHIR elements must have a @value or children {hasValue() or (children().count() > id.count())}
ext-1:Must have either extensions or value[x], not both {extension.exists() != value.exists()}"
"pharmac-charge-item-definition-funding-rules","ChargeItemDefinition.extension:scheduleFundingAttributes.extension:coPaymentMin.id","ChargeItemDefinition.extension.extension.id","","","",0,1,"","","","string {[]} {[]}
","Unique id for inter-element referencing","Unique id for the element within a resource (for internal references). This may be any string value that does not contain spaces.","","","","","","","","","",,,,,"",,,,"Element.id",0,1,"",""
"pharmac-charge-item-definition-funding-rules","ChargeItemDefinition.extension:scheduleFundingAttributes.extension:coPaymentMin.extension","ChargeItemDefinition.extension.extension.extension","","","",0,0,"","","","Extension {[]} {[]}
","Extension","An Extension","","","","","","","","","",,,,,"","value:url}
","Extensions are always sliced by (at least) url",,"open","Element.extension",0,*,"","ele-1:All FHIR elements must have a @value or children {hasValue() or (children().count() > id.count())}
ext-1:Must have either extensions or value[x], not both {extension.exists() != value.exists()}"
"pharmac-charge-item-definition-funding-rules","ChargeItemDefinition.extension:scheduleFundingAttributes.extension:coPaymentMin.url","ChargeItemDefinition.extension.extension.url","","","",1,1,"","","","uri {[]} {[]}
","identifies the meaning of the extension","Source of the definition for the extension code - a logical name or a URL.","The definition may point directly to a computable or human-readable definition of the extensibility codes, or it may be a logical URI as declared in some other specification. The definition SHALL be a URI for the Structure Definition defining the extension.","","","","<valueUri xmlns=""http://hl7.org/fhir"" value=""coPaymentMin""/>","","","","",,,,,"",,,,"Extension.url",1,1,"",""
"pharmac-charge-item-definition-funding-rules","ChargeItemDefinition.extension:scheduleFundingAttributes.extension:coPaymentMin.value[x]","ChargeItemDefinition.extension.extension.value[x]","","","",0,1,"","","","code {[]} {[]}
","Co-payment minimum applicability","Value of extension - must be one of a constrained set of the data types (see [Extensibility](http://hl7.org/fhir/R4/extensibility.html) for a list).","","","","","","","","","",,,,,"",,,,"Extension.value[x]",0,1,"","ele-1:All FHIR elements must have a @value or children {hasValue() or (children().count() > id.count())}
"
"pharmac-charge-item-definition-funding-rules","ChargeItemDefinition.extension:scheduleFundingAttributes.extension:coPaymentMax","ChargeItemDefinition.extension.extension","coPaymentMax","","",0,1,"","","","Extension {[]} {[]}
","Extension","An Extension","","","","","","","","","",,,,,"",,,,"Element.extension",0,*,"","ele-1:All FHIR elements must have a @value or children {hasValue() or (children().count() > id.count())}
ext-1:Must have either extensions or value[x], not both {extension.exists() != value.exists()}"
"pharmac-charge-item-definition-funding-rules","ChargeItemDefinition.extension:scheduleFundingAttributes.extension:coPaymentMax.id","ChargeItemDefinition.extension.extension.id","","","",0,1,"","","","string {[]} {[]}
","Unique id for inter-element referencing","Unique id for the element within a resource (for internal references). This may be any string value that does not contain spaces.","","","","","","","","","",,,,,"",,,,"Element.id",0,1,"",""
"pharmac-charge-item-definition-funding-rules","ChargeItemDefinition.extension:scheduleFundingAttributes.extension:coPaymentMax.extension","ChargeItemDefinition.extension.extension.extension","","","",0,0,"","","","Extension {[]} {[]}
","Extension","An Extension","","","","","","","","","",,,,,"","value:url}
","Extensions are always sliced by (at least) url",,"open","Element.extension",0,*,"","ele-1:All FHIR elements must have a @value or children {hasValue() or (children().count() > id.count())}
ext-1:Must have either extensions or value[x], not both {extension.exists() != value.exists()}"
"pharmac-charge-item-definition-funding-rules","ChargeItemDefinition.extension:scheduleFundingAttributes.extension:coPaymentMax.url","ChargeItemDefinition.extension.extension.url","","","",1,1,"","","","uri {[]} {[]}
","identifies the meaning of the extension","Source of the definition for the extension code - a logical name or a URL.","The definition may point directly to a computable or human-readable definition of the extensibility codes, or it may be a logical URI as declared in some other specification. The definition SHALL be a URI for the Structure Definition defining the extension.","","","","<valueUri xmlns=""http://hl7.org/fhir"" value=""coPaymentMax""/>","","","","",,,,,"",,,,"Extension.url",1,1,"",""
"pharmac-charge-item-definition-funding-rules","ChargeItemDefinition.extension:scheduleFundingAttributes.extension:coPaymentMax.value[x]","ChargeItemDefinition.extension.extension.value[x]","","","",0,1,"","","","code {[]} {[]}
","Co-payment maximum applicability","Value of extension - must be one of a constrained set of the data types (see [Extensibility](http://hl7.org/fhir/R4/extensibility.html) for a list).","","","","","","","","","",,,,,"",,,,"Extension.value[x]",0,1,"","ele-1:All FHIR elements must have a @value or children {hasValue() or (children().count() > id.count())}
"
"pharmac-charge-item-definition-funding-rules","ChargeItemDefinition.extension:scheduleFundingAttributes.url","ChargeItemDefinition.extension.url","","","",1,1,"","","","uri {[]} {[]}
","identifies the meaning of the extension","Source of the definition for the extension code - a logical name or a URL.","The definition may point directly to a computable or human-readable definition of the extensibility codes, or it may be a logical URI as declared in some other specification. The definition SHALL be a URI for the Structure Definition defining the extension.","","","","<valueUri xmlns=""http://hl7.org/fhir"" value=""https://fhir-ig.digital.health.nz/pharmac-schedules/StructureDefinition/schedule-funding-attributes""/>","","","","",,,,,"",,,,"Extension.url",1,1,"",""
"pharmac-charge-item-definition-funding-rules","ChargeItemDefinition.extension:scheduleFundingAttributes.value[x]","ChargeItemDefinition.extension.value[x]","","","",0,0,"","","","base64Binary {[]} {[]}
boolean {[]} {[]}canonical {[]} {[]}code {[]} {[]}date {[]} {[]}dateTime {[]} {[]}decimal {[]} {[]}id {[]} {[]}instant {[]} {[]}integer {[]} {[]}markdown {[]} {[]}oid {[]} {[]}positiveInt {[]} {[]}string {[]} {[]}time {[]} {[]}unsignedInt {[]} {[]}uri {[]} {[]}url {[]} {[]}uuid {[]} {[]}Address {[]} {[]}Age {[]} {[]}Annotation {[]} {[]}Attachment {[]} {[]}CodeableConcept {[]} {[]}Coding {[]} {[]}ContactPoint {[]} {[]}Count {[]} {[]}Distance {[]} {[]}Duration {[]} {[]}HumanName {[]} {[]}Identifier {[]} {[]}Money {[]} {[]}Period {[]} {[]}Quantity {[]} {[]}Range {[]} {[]}Ratio {[]} {[]}Reference {[]} {[]}SampledData {[]} {[]}Signature {[]} {[]}Timing {[]} {[]}ContactDetail {[]} {[]}Contributor {[]} {[]}DataRequirement {[]} {[]}Expression {[]} {[]}ParameterDefinition {[]} {[]}RelatedArtifact {[]} {[]}TriggerDefinition {[]} {[]}UsageContext {[]} {[]}Dosage {[]} {[]}Meta {[]} {[]}","Value of extension","Value of extension - must be one of a constrained set of the data types (see [Extensibility](http://hl7.org/fhir/R4/extensibility.html) for a list).","","","","","","","","","",,,,,"",,,,"Extension.value[x]",0,1,"","ele-1:All FHIR elements must have a @value or children {hasValue() or (children().count() > id.count())}
"
"pharmac-charge-item-definition-funding-rules","ChargeItemDefinition.extension:PricingSection29","ChargeItemDefinition.extension","PricingSection29","","",0,1,"","","","Extension {[CanonicalType[https://fhir-ig.digital.health.nz/pharmac-schedules/StructureDefinition/pricing-section-29]]} {[]}
","Pricing Section 29","Indicates whether Section 29 applies to this pricing record.","","","","","","","","","",,,,,"",,,,"DomainResource.extension",0,*,"ele-1
","ele-1:All FHIR elements must have a @value or children {hasValue() or (children().count() > id.count())}
ext-1:Must have either extensions or value[x], not both {extension.exists() != value.exists()}"
"pharmac-charge-item-definition-funding-rules","ChargeItemDefinition.extension:PricingNotCombined","ChargeItemDefinition.extension","PricingNotCombined","","",0,1,"","","","Extension {[CanonicalType[https://fhir-ig.digital.health.nz/pharmac-schedules/StructureDefinition/pricing-not-combined]]} {[]}
","Pricing Not Combined","Indicates whether Not Combined applies to this pricing record.","","","","","","","","","",,,,,"",,,,"DomainResource.extension",0,*,"ele-1
","ele-1:All FHIR elements must have a @value or children {hasValue() or (children().count() > id.count())}
ext-1:Must have either extensions or value[x], not both {extension.exists() != value.exists()}"
"pharmac-charge-item-definition-funding-rules","ChargeItemDefinition.extension:PricingCoPaymentMax","ChargeItemDefinition.extension","PricingCoPaymentMax","","",0,1,"","","","Extension {[CanonicalType[https://fhir-ig.digital.health.nz/pharmac-schedules/StructureDefinition/pricing-copayment-max]]} {[]}
","Pricing Co-Payment Max","Indicates whether Co-Payment Max applies to this pricing record.","","","","","","","","","",,,,,"",,,,"DomainResource.extension",0,*,"ele-1
","ele-1:All FHIR elements must have a @value or children {hasValue() or (children().count() > id.count())}
ext-1:Must have either extensions or value[x], not both {extension.exists() != value.exists()}"
"pharmac-charge-item-definition-funding-rules","ChargeItemDefinition.modifierExtension","ChargeItemDefinition.modifierExtension","","extensions
user content","",0,*,"","Y","","Extension {[]} {[]}
","Extensions that cannot be ignored","May be used to represent additional information that is not part of the basic definition of the resource and that modifies the understanding of the element that contains it and/or the understanding of the containing element's descendants. Usually modifier elements provide negation or qualification. To make the use of extensions safe and manageable, there is a strict set of governance applied to the definition and use of extensions. Though any implementer is allowed to define an extension, there is a set of requirements that SHALL be met as part of the definition of the extension. Applications processing a resource are required to check for modifier extensions.

Modifier extensions SHALL NOT change the meaning of any elements on Resource or DomainResource (including cannot change the meaning of modifierExtension itself).","There can be no stigma associated with the use of extensions by any application, project, or standard - regardless of the institution or jurisdiction that uses or defines the extensions.  The use of extensions is what allows the FHIR specification to retain a core level of simplicity for everyone.","Modifier extensions allow for extensions that *cannot* be safely ignored to be clearly distinguished from the vast majority of extensions which can be safely ignored.  This promotes interoperability by eliminating the need for implementers to prohibit the presence of extensions. For further information, see the [definition of modifier extensions](http://hl7.org/fhir/R4/extensibility.html#modifierExtension).","","","","","","","",,,,,"",,,,"DomainResource.modifierExtension",0,*,"","ele-1:All FHIR elements must have a @value or children {hasValue() or (children().count() > id.count())}
ext-1:Must have either extensions or value[x], not both {extension.exists() != value.exists()}"
"pharmac-charge-item-definition-funding-rules","ChargeItemDefinition.url","ChargeItemDefinition.url","","","",1,1,"Y","","Y","uri {[]} {[]}
","Canonical identifier for this funding rule definition","Unique canonical URL for this funding rule definition","Can be a urn:uuid: or a urn:oid: but real http: addresses are preferred.  Multiple instances may share the same URL if they have a distinct version.

The determination of when to create a new version of a resource (same url, new version) vs. defining a new artifact is up to the author.  Considerations for making this decision are found in [Technical and Business Versions](http://hl7.org/fhir/R4/resource.html#versions). 

In some cases, the resource can no longer be found at the stated url, but the url itself cannot change. Implementations can use the [meta.source](http://hl7.org/fhir/R4/resource.html#meta) element to indicate where the current master source of the resource can be found.","Allows the charge item definition to be referenced by a single globally unique identifier.","","","","","","","",,,,,"",,,,"ChargeItemDefinition.url",1,1,"","ele-1:All FHIR elements must have a @value or children {hasValue() or (children().count() > id.count())}
"
"pharmac-charge-item-definition-funding-rules","ChargeItemDefinition.identifier","ChargeItemDefinition.identifier","","","",0,*,"","","Y","Identifier {[]} {[]}
","Additional identifier for the charge item definition","A formal identifier that is used to identify this charge item definition when it is represented in other formats, or referenced in a specification, model, design or an instance.","Typically, this is used for identifiers that can go in an HL7 V3 II (instance identifier) data type, and can then identify this charge item definition outside of FHIR, where it is not possible to use the logical URI.","Allows externally provided and/or usable business identifiers to be easily associated with the module.","","","","","","","",,,,,"",,,,"ChargeItemDefinition.identifier",0,*,"","ele-1:All FHIR elements must have a @value or children {hasValue() or (children().count() > id.count())}
"
"pharmac-charge-item-definition-funding-rules","ChargeItemDefinition.version","ChargeItemDefinition.version","","","",0,1,"Y","","Y","string {[]} {[]}
","Version of this pricing definition","The business version of this pricing definition","There may be different charge item definition instances that have the same identifier but different versions.  The version can be appended to the url in a reference to allow a reference to a particular business version of the charge item definition with the format [url]|[version].","","","","","","","","",,,,,"",,,,"ChargeItemDefinition.version",0,1,"","ele-1:All FHIR elements must have a @value or children {hasValue() or (children().count() > id.count())}
"
"pharmac-charge-item-definition-funding-rules","ChargeItemDefinition.title","ChargeItemDefinition.title","","","",0,1,"Y","","Y","string {[]} {[]}
","Funding mechanism name","A short, descriptive, user-friendly title for the charge item definition.","This name does not need to be machine-processing friendly and may contain punctuation, white-space, etc.","","","","","","","","",,,,,"",,,,"ChargeItemDefinition.title",0,1,"","ele-1:All FHIR elements must have a @value or children {hasValue() or (children().count() > id.count())}
"
"pharmac-charge-item-definition-funding-rules","ChargeItemDefinition.derivedFromUri","ChargeItemDefinition.derivedFromUri","","","",0,*,"","","Y","uri {[]} {[]}
","Underlying externally-defined charge item definition","The URL pointing to an externally-defined charge item definition that is adhered to in whole or in part by this definition.","","","","","","","","","",,,,,"",,,,"ChargeItemDefinition.derivedFromUri",0,*,"","ele-1:All FHIR elements must have a @value or children {hasValue() or (children().count() > id.count())}
"
"pharmac-charge-item-definition-funding-rules","ChargeItemDefinition.partOf","ChargeItemDefinition.partOf","","container
","",0,*,"","","Y","canonical {[]} {[CanonicalType[http://hl7.org/fhir/StructureDefinition/ChargeItemDefinition|4.0.1]]}
","A larger definition of which this particular definition is a component or step","A larger definition of which this particular definition is a component or step.","","","","","","","","","",,,,,"",,,,"ChargeItemDefinition.partOf",0,*,"","ele-1:All FHIR elements must have a @value or children {hasValue() or (children().count() > id.count())}
"
"pharmac-charge-item-definition-funding-rules","ChargeItemDefinition.replaces","ChargeItemDefinition.replaces","","supersedes
priorrenewed order","",0,*,"","","Y","canonical {[]} {[CanonicalType[http://hl7.org/fhir/StructureDefinition/ChargeItemDefinition|4.0.1]]}
","Completed or terminated request(s) whose function is taken by this new request","As new versions of a protocol or guideline are defined, allows identification of what versions are replaced by a new instance.","","","","","","","","","",,,,,"",,,,"ChargeItemDefinition.replaces",0,*,"","ele-1:All FHIR elements must have a @value or children {hasValue() or (children().count() > id.count())}
"
"pharmac-charge-item-definition-funding-rules","ChargeItemDefinition.status","ChargeItemDefinition.status","","","",1,1,"Y","Y","Y","code {[]} {[]}
","Status of this pricing definition","The current state of the ChargeItemDefinition.","Allows filtering of charge item definitions that are appropriate for use versus not.","","","","","","","","",,"required","The lifecycle status of an artifact.","http://hl7.org/fhir/ValueSet/publication-status|4.0.1","",,,,"ChargeItemDefinition.status",1,1,"","ele-1:All FHIR elements must have a @value or children {hasValue() or (children().count() > id.count())}
"
"pharmac-charge-item-definition-funding-rules","ChargeItemDefinition.experimental","ChargeItemDefinition.experimental","","","",0,1,"","","Y","boolean {[]} {[]}
","For testing purposes, not real usage","A Boolean value to indicate that this charge item definition is authored for testing purposes (or education/evaluation/marketing) and is not intended to be used for genuine usage.","Allows filtering of charge item definitions that are appropriate for use versus not.","Enables experimental content to be developed following the same lifecycle that would be used for a production-level charge item definition.","","","","","","","",,,,,"",,,,"ChargeItemDefinition.experimental",0,1,"","ele-1:All FHIR elements must have a @value or children {hasValue() or (children().count() > id.count())}
"
"pharmac-charge-item-definition-funding-rules","ChargeItemDefinition.date","ChargeItemDefinition.date","","Revision Date
","",0,1,"","","Y","dateTime {[]} {[]}
","Date last changed","The date  (and optionally time) when the charge item definition was published. The date must change when the business version changes and it must change if the status code changes. In addition, it should change when the substantive content of the charge item definition changes.","Note that this is not the same as the resource last-modified-date, since the resource may be a secondary representation of the charge item definition. Additional specific dates may be added as extensions or be found by consulting Provenances associated with past versions of the resource.","","","","","","","","",,,,,"",,,,"ChargeItemDefinition.date",0,1,"","ele-1:All FHIR elements must have a @value or children {hasValue() or (children().count() > id.count())}
"
"pharmac-charge-item-definition-funding-rules","ChargeItemDefinition.publisher","ChargeItemDefinition.publisher","","","",0,1,"Y","","Y","string {[]} {[]}
","Organization responsible for this pricing","The organization (typically PHARMAC) responsible for publishing and maintaining this pricing definition","Usually an organization but may be an individual. The publisher (or steward) of the charge item definition is the organization or individual primarily responsible for the maintenance and upkeep of the charge item definition. This is not necessarily the same individual or organization that developed and initially authored the content. The publisher is the primary point of contact for questions or issues with the charge item definition. This item SHOULD be populated unless the information is available from context.","Helps establish the ""authority/credibility"" of the charge item definition.  May also allow for contact.","","","","","","","",,,,,"",,,,"ChargeItemDefinition.publisher",0,1,"","ele-1:All FHIR elements must have a @value or children {hasValue() or (children().count() > id.count())}
"
"pharmac-charge-item-definition-funding-rules","ChargeItemDefinition.contact","ChargeItemDefinition.contact","","","",0,*,"Y","","Y","ContactDetail {[]} {[]}
","Contact details for the publisher","Contact information for inquiries or issues related to this pricing","May be a web site, an email address, a telephone number, etc.","","","","","","","","",,,,,"",,,,"ChargeItemDefinition.contact",0,*,"","ele-1:All FHIR elements must have a @value or children {hasValue() or (children().count() > id.count())}
"
"pharmac-charge-item-definition-funding-rules","ChargeItemDefinition.description","ChargeItemDefinition.description","","","",0,1,"Y","","Y","markdown {[]} {[]}
","Description of funding rules and conditions","A free text natural language description of the charge item definition from a consumer's perspective.","This description can be used to capture details such as why the charge item definition was built, comments about misuse, instructions for clinical use and interpretation, literature references, examples from the paper world, etc. It is not a rendering of the charge item definition as conveyed in the 'text' field of the resource itself. This item SHOULD be populated unless the information is available from context (e.g. the language of the charge item definition is presumed to be the predominant language in the place the charge item definition was created).","","","","","","","","",,,,,"",,,,"ChargeItemDefinition.description",0,1,"","ele-1:All FHIR elements must have a @value or children {hasValue() or (children().count() > id.count())}
"
"pharmac-charge-item-definition-funding-rules","ChargeItemDefinition.useContext","ChargeItemDefinition.useContext","","","",0,*,"","","Y","UsageContext {[]} {[]}
","The context that the content is intended to support","The content was developed with a focus and intent of supporting the contexts that are listed. These contexts may be general categories (gender, age, ...) or may be references to specific programs (insurance plans, studies, ...) and may be used to assist with indexing and searching for appropriate charge item definition instances.","When multiple useContexts are specified, there is no expectation that all or any of the contexts apply.","Assist in searching for appropriate content.","","","","","","","",,,,,"",,,,"ChargeItemDefinition.useContext",0,*,"","ele-1:All FHIR elements must have a @value or children {hasValue() or (children().count() > id.count())}
"
"pharmac-charge-item-definition-funding-rules","ChargeItemDefinition.jurisdiction","ChargeItemDefinition.jurisdiction","","","",0,*,"","","Y","CodeableConcept {[]} {[]}
","Intended jurisdiction for charge item definition (if applicable)","A legal or geographic region in which the charge item definition is intended to be used.","It may be possible for the charge item definition to be used in jurisdictions other than those for which it was originally designed or intended.","","","","","","","","",,"extensible","Countries and regions within which this artifact is targeted for use.","http://hl7.org/fhir/ValueSet/jurisdiction|4.0.1","",,,,"ChargeItemDefinition.jurisdiction",0,*,"","ele-1:All FHIR elements must have a @value or children {hasValue() or (children().count() > id.count())}
"
"pharmac-charge-item-definition-funding-rules","ChargeItemDefinition.copyright","ChargeItemDefinition.copyright","","License
Restrictions","",0,1,"","","","markdown {[]} {[]}
","Use and/or publishing restrictions","A copyright statement relating to the charge item definition and/or its contents. Copyright statements are generally legal restrictions on the use and publishing of the charge item definition.","","Consumers must be able to determine any legal restrictions on the use of the charge item definition and/or its content.","","","","","","","",,,,,"",,,,"ChargeItemDefinition.copyright",0,1,"","ele-1:All FHIR elements must have a @value or children {hasValue() or (children().count() > id.count())}
"
"pharmac-charge-item-definition-funding-rules","ChargeItemDefinition.approvalDate","ChargeItemDefinition.approvalDate","","","",0,1,"","","","date {[]} {[]}
","When the charge item definition was approved by publisher","The date on which the resource content was approved by the publisher. Approval happens once when the content is officially approved for usage.","The 'date' element may be more recent than the approval date because of minor changes or editorial corrections.","","","","","","","","",,,,,"",,,,"ChargeItemDefinition.approvalDate",0,1,"","ele-1:All FHIR elements must have a @value or children {hasValue() or (children().count() > id.count())}
"
"pharmac-charge-item-definition-funding-rules","ChargeItemDefinition.lastReviewDate","ChargeItemDefinition.lastReviewDate","","","",0,1,"","","","date {[]} {[]}
","When the charge item definition was last reviewed","The date on which the resource content was last reviewed. Review happens periodically after approval but does not change the original approval date.","If specified, this date follows the original approval date.","Gives a sense of how ""current"" the content is.  Resources that have not been reviewed in a long time may have a risk of being less appropriate/relevant.","","","","","","","",,,,,"",,,,"ChargeItemDefinition.lastReviewDate",0,1,"","ele-1:All FHIR elements must have a @value or children {hasValue() or (children().count() > id.count())}
"
"pharmac-charge-item-definition-funding-rules","ChargeItemDefinition.effectivePeriod","ChargeItemDefinition.effectivePeriod","","","",0,1,"","","Y","Period {[]} {[]}
","When the charge item definition is expected to be used","The period during which the charge item definition content was or is planned to be in active use.","The effective period for a charge item definition  determines when the content is applicable for usage and is independent of publication and review dates. For example, a measure intended to be used for the year 2016 might be published in 2015.","Allows establishing a transition before a resource comes into effect and also allows for a sunsetting  process when new versions of the charge item definition are or are expected to be used instead.","","","","","","","",,,,,"",,,,"ChargeItemDefinition.effectivePeriod",0,1,"","ele-1:All FHIR elements must have a @value or children {hasValue() or (children().count() > id.count())}
"
"pharmac-charge-item-definition-funding-rules","ChargeItemDefinition.code","ChargeItemDefinition.code","","","",0,0,"Y","","Y","CodeableConcept {[]} {[]}
","Not used for funding rule definitions","Optional code for classifying this definition, such as a special authorization form code","","","","","","","","","",,"example","Billing Code defined by this ChargeItemDefinition.","http://hl7.org/fhir/ValueSet/chargeitem-billingcodes|4.0.1","",,,,"ChargeItemDefinition.code",0,1,"","ele-1:All FHIR elements must have a @value or children {hasValue() or (children().count() > id.count())}
"
"pharmac-charge-item-definition-funding-rules","ChargeItemDefinition.instance","ChargeItemDefinition.instance","","","",0,*,"Y","","","Reference {[]} {[CanonicalType[http://hl7.org/fhir/StructureDefinition/Medication], CanonicalType[http://hl7.org/fhir/StructureDefinition/Device]]}
","References to Medication or Device resources","Optional references to specific Medication or Device resources that these funding rules apply to. May be absent for generic funding mechanism definitions.","In case of highly customized, individually produced or fitted devices/substances, the pricing information may be different for each instance of the product. This reference links pricing details to specific product instances.","","","","","","","","",,,,,"",,,,"ChargeItemDefinition.instance",0,*,"","ele-1:All FHIR elements must have a @value or children {hasValue() or (children().count() > id.count())}
"
"pharmac-charge-item-definition-funding-rules","ChargeItemDefinition.applicability","ChargeItemDefinition.applicability","","","",0,*,"Y","","","BackboneElement {[]} {[]}
","Applicability rules for this pricing","Rules or conditions that determine when this pricing applies (e.g., patient eligibility, prescriber requirements, clinical criteria)","The applicability conditions can be used to ascertain whether a billing item is allowed in a specific context. E.g. some billing codes may only be applicable in out-patient settings, only to male/female patients or only to children.","","","","","","","","",,,,,"",,,,"ChargeItemDefinition.applicability",0,*,"","ele-1:All FHIR elements must have a @value or children {hasValue() or (children().count() > id.count())}
"
"pharmac-charge-item-definition-funding-rules","ChargeItemDefinition.applicability.id","ChargeItemDefinition.applicability.id","","","",0,1,"","","","string {[]} {[]}
","Unique id for inter-element referencing","Unique id for the element within a resource (for internal references). This may be any string value that does not contain spaces.","","","","","","","","","",,,,,"",,,,"Element.id",0,1,"",""
"pharmac-charge-item-definition-funding-rules","ChargeItemDefinition.applicability.extension","ChargeItemDefinition.applicability.extension","","extensions
user content","",0,*,"","","","Extension {[]} {[]}
","Additional content defined by implementations","May be used to represent additional information that is not part of the basic definition of the element. To make the use of extensions safe and manageable, there is a strict set of governance  applied to the definition and use of extensions. Though any implementer can define an extension, there is a set of requirements that SHALL be met as part of the definition of the extension.","There can be no stigma associated with the use of extensions by any application, project, or standard - regardless of the institution or jurisdiction that uses or defines the extensions.  The use of extensions is what allows the FHIR specification to retain a core level of simplicity for everyone.","","","","","","","","",,,,,"",,,,"Element.extension",0,*,"","ele-1:All FHIR elements must have a @value or children {hasValue() or (children().count() > id.count())}
ext-1:Must have either extensions or value[x], not both {extension.exists() != value.exists()}"
"pharmac-charge-item-definition-funding-rules","ChargeItemDefinition.applicability.modifierExtension","ChargeItemDefinition.applicability.modifierExtension","","extensions
user contentmodifiers","",0,*,"","Y","Y","Extension {[]} {[]}
","Extensions that cannot be ignored even if unrecognized","May be used to represent additional information that is not part of the basic definition of the element and that modifies the understanding of the element in which it is contained and/or the understanding of the containing element's descendants. Usually modifier elements provide negation or qualification. To make the use of extensions safe and manageable, there is a strict set of governance applied to the definition and use of extensions. Though any implementer can define an extension, there is a set of requirements that SHALL be met as part of the definition of the extension. Applications processing a resource are required to check for modifier extensions.

Modifier extensions SHALL NOT change the meaning of any elements on Resource or DomainResource (including cannot change the meaning of modifierExtension itself).","There can be no stigma associated with the use of extensions by any application, project, or standard - regardless of the institution or jurisdiction that uses or defines the extensions.  The use of extensions is what allows the FHIR specification to retain a core level of simplicity for everyone.","Modifier extensions allow for extensions that *cannot* be safely ignored to be clearly distinguished from the vast majority of extensions which can be safely ignored.  This promotes interoperability by eliminating the need for implementers to prohibit the presence of extensions. For further information, see the [definition of modifier extensions](http://hl7.org/fhir/R4/extensibility.html#modifierExtension).","","","","","","","",,,,,"",,,,"BackboneElement.modifierExtension",0,*,"","ele-1:All FHIR elements must have a @value or children {hasValue() or (children().count() > id.count())}
ext-1:Must have either extensions or value[x], not both {extension.exists() != value.exists()}"
"pharmac-charge-item-definition-funding-rules","ChargeItemDefinition.applicability.description","ChargeItemDefinition.applicability.description","","","",1,1,"","","","string {[]} {[]}
","Natural language description of the rule","A human-readable description of when this applicability rule applies","","","","","","","","","",,,,,"",,,,"ChargeItemDefinition.applicability.description",0,1,"","ele-1:All FHIR elements must have a @value or children {hasValue() or (children().count() > id.count())}
"
"pharmac-charge-item-definition-funding-rules","ChargeItemDefinition.applicability.language","ChargeItemDefinition.applicability.language","","","",0,1,"","","","string {[]} {[]}
","Expression language","The language in which the expression is written (e.g., 'text/cql' for Clinical Quality Language)","","","","","","","","","",,,,,"",,,,"ChargeItemDefinition.applicability.language",0,1,"","ele-1:All FHIR elements must have a @value or children {hasValue() or (children().count() > id.count())}
"
"pharmac-charge-item-definition-funding-rules","ChargeItemDefinition.applicability.expression","ChargeItemDefinition.applicability.expression","","","",0,1,"","","","string {[]} {[]}
","Expression code","The formal expression defining the condition (e.g., CQL expression for clinical criteria)","Please note that FHIRPath Expressions can only be evaluated in the scope of the current ChargeItem resource to which this definition is being applied.
FHIRPath expressions can traverse into other resources linked from the ChargeItem resource, however, testing rules such as that a billing code may be billed only once per encounter need a wider scope. In such scenarios, CQL may be the appropriate choice.","","","","","","","","",,,,,"",,,,"ChargeItemDefinition.applicability.expression",0,1,"","ele-1:All FHIR elements must have a @value or children {hasValue() or (children().count() > id.count())}
"
"pharmac-charge-item-definition-funding-rules","ChargeItemDefinition.propertyGroup","ChargeItemDefinition.propertyGroup","","","",0,*,"Y","","","BackboneElement {[]} {[]}
","Subsidy/reimbursement amounts (optional)","Optional group of pricing properties that specify the subsidy or reimbursement amount for this funding mechanism. Typically contains a single priceComponent of type 'discount' representing the PHARMAC subsidy.","","","","","","","","","",,,,,"",,,,"ChargeItemDefinition.propertyGroup",0,*,"","ele-1:All FHIR elements must have a @value or children {hasValue() or (children().count() > id.count())}
"
"pharmac-charge-item-definition-funding-rules","ChargeItemDefinition.propertyGroup.id","ChargeItemDefinition.propertyGroup.id","","","",0,1,"","","","string {[]} {[]}
","Unique id for inter-element referencing","Unique id for the element within a resource (for internal references). This may be any string value that does not contain spaces.","","","","","","","","","",,,,,"",,,,"Element.id",0,1,"",""
"pharmac-charge-item-definition-funding-rules","ChargeItemDefinition.propertyGroup.extension","ChargeItemDefinition.propertyGroup.extension","","extensions
user content","",0,*,"","","","Extension {[]} {[]}
","Additional content defined by implementations","May be used to represent additional information that is not part of the basic definition of the element. To make the use of extensions safe and manageable, there is a strict set of governance  applied to the definition and use of extensions. Though any implementer can define an extension, there is a set of requirements that SHALL be met as part of the definition of the extension.","There can be no stigma associated with the use of extensions by any application, project, or standard - regardless of the institution or jurisdiction that uses or defines the extensions.  The use of extensions is what allows the FHIR specification to retain a core level of simplicity for everyone.","","","","","","","","",,,,,"",,,,"Element.extension",0,*,"","ele-1:All FHIR elements must have a @value or children {hasValue() or (children().count() > id.count())}
ext-1:Must have either extensions or value[x], not both {extension.exists() != value.exists()}"
"pharmac-charge-item-definition-funding-rules","ChargeItemDefinition.propertyGroup.modifierExtension","ChargeItemDefinition.propertyGroup.modifierExtension","","extensions
user contentmodifiers","",0,*,"","Y","Y","Extension {[]} {[]}
","Extensions that cannot be ignored even if unrecognized","May be used to represent additional information that is not part of the basic definition of the element and that modifies the understanding of the element in which it is contained and/or the understanding of the containing element's descendants. Usually modifier elements provide negation or qualification. To make the use of extensions safe and manageable, there is a strict set of governance applied to the definition and use of extensions. Though any implementer can define an extension, there is a set of requirements that SHALL be met as part of the definition of the extension. Applications processing a resource are required to check for modifier extensions.

Modifier extensions SHALL NOT change the meaning of any elements on Resource or DomainResource (including cannot change the meaning of modifierExtension itself).","There can be no stigma associated with the use of extensions by any application, project, or standard - regardless of the institution or jurisdiction that uses or defines the extensions.  The use of extensions is what allows the FHIR specification to retain a core level of simplicity for everyone.","Modifier extensions allow for extensions that *cannot* be safely ignored to be clearly distinguished from the vast majority of extensions which can be safely ignored.  This promotes interoperability by eliminating the need for implementers to prohibit the presence of extensions. For further information, see the [definition of modifier extensions](http://hl7.org/fhir/R4/extensibility.html#modifierExtension).","","","","","","","",,,,,"",,,,"BackboneElement.modifierExtension",0,*,"","ele-1:All FHIR elements must have a @value or children {hasValue() or (children().count() > id.count())}
ext-1:Must have either extensions or value[x], not both {extension.exists() != value.exists()}"
"pharmac-charge-item-definition-funding-rules","ChargeItemDefinition.propertyGroup.applicability","ChargeItemDefinition.propertyGroup.applicability","","","",0,*,"","","","BackboneElement {[]} {[]}
","Applicability for this property group","Description of when this funding amount applies (e.g., 'Case 1 - community pharmacy prescription')","The applicability conditions can be used to ascertain whether a billing item is allowed in a specific context. E.g. some billing codes may only be applicable in out-patient settings, only to male/female patients or only to children.","","","","","","","","",,,,,"",,,,"ChargeItemDefinition.propertyGroup.applicability",0,*,"","ele-1:All FHIR elements must have a @value or children {hasValue() or (children().count() > id.count())}
"
"pharmac-charge-item-definition-funding-rules","ChargeItemDefinition.propertyGroup.applicability.id","ChargeItemDefinition.propertyGroup.applicability.id","","","",0,1,"","","","string {[]} {[]}
","Unique id for inter-element referencing","Unique id for the element within a resource (for internal references). This may be any string value that does not contain spaces.","","","","","","","","","",,,,,"",,,,"Element.id",0,1,"",""
"pharmac-charge-item-definition-funding-rules","ChargeItemDefinition.propertyGroup.applicability.extension","ChargeItemDefinition.propertyGroup.applicability.extension","","extensions
user content","",0,*,"","","","Extension {[]} {[]}
","Additional content defined by implementations","May be used to represent additional information that is not part of the basic definition of the element. To make the use of extensions safe and manageable, there is a strict set of governance  applied to the definition and use of extensions. Though any implementer can define an extension, there is a set of requirements that SHALL be met as part of the definition of the extension.","There can be no stigma associated with the use of extensions by any application, project, or standard - regardless of the institution or jurisdiction that uses or defines the extensions.  The use of extensions is what allows the FHIR specification to retain a core level of simplicity for everyone.","","","","","","","","",,,,,"",,,,"Element.extension",0,*,"","ele-1:All FHIR elements must have a @value or children {hasValue() or (children().count() > id.count())}
ext-1:Must have either extensions or value[x], not both {extension.exists() != value.exists()}"
"pharmac-charge-item-definition-funding-rules","ChargeItemDefinition.propertyGroup.applicability.modifierExtension","ChargeItemDefinition.propertyGroup.applicability.modifierExtension","","extensions
user contentmodifiers","",0,*,"","Y","Y","Extension {[]} {[]}
","Extensions that cannot be ignored even if unrecognized","May be used to represent additional information that is not part of the basic definition of the element and that modifies the understanding of the element in which it is contained and/or the understanding of the containing element's descendants. Usually modifier elements provide negation or qualification. To make the use of extensions safe and manageable, there is a strict set of governance applied to the definition and use of extensions. Though any implementer can define an extension, there is a set of requirements that SHALL be met as part of the definition of the extension. Applications processing a resource are required to check for modifier extensions.

Modifier extensions SHALL NOT change the meaning of any elements on Resource or DomainResource (including cannot change the meaning of modifierExtension itself).","There can be no stigma associated with the use of extensions by any application, project, or standard - regardless of the institution or jurisdiction that uses or defines the extensions.  The use of extensions is what allows the FHIR specification to retain a core level of simplicity for everyone.","Modifier extensions allow for extensions that *cannot* be safely ignored to be clearly distinguished from the vast majority of extensions which can be safely ignored.  This promotes interoperability by eliminating the need for implementers to prohibit the presence of extensions. For further information, see the [definition of modifier extensions](http://hl7.org/fhir/R4/extensibility.html#modifierExtension).","","","","","","","",,,,,"",,,,"BackboneElement.modifierExtension",0,*,"","ele-1:All FHIR elements must have a @value or children {hasValue() or (children().count() > id.count())}
ext-1:Must have either extensions or value[x], not both {extension.exists() != value.exists()}"
"pharmac-charge-item-definition-funding-rules","ChargeItemDefinition.propertyGroup.applicability.description","ChargeItemDefinition.propertyGroup.applicability.description","","","",1,1,"","","","string {[]} {[]}
","Natural language description of the condition","A brief, natural language description of the condition that effectively communicates the intended semantics.","","","","","","","","","",,,,,"",,,,"ChargeItemDefinition.applicability.description",0,1,"","ele-1:All FHIR elements must have a @value or children {hasValue() or (children().count() > id.count())}
"
"pharmac-charge-item-definition-funding-rules","ChargeItemDefinition.propertyGroup.applicability.language","ChargeItemDefinition.propertyGroup.applicability.language","","","",0,1,"","","","string {[]} {[]}
","Language of the expression","The media type of the language for the expression, e.g. ""text/cql"" for Clinical Query Language expressions or ""text/fhirpath"" for FHIRPath expressions.","","","","","","","","","",,,,,"",,,,"ChargeItemDefinition.applicability.language",0,1,"","ele-1:All FHIR elements must have a @value or children {hasValue() or (children().count() > id.count())}
"
"pharmac-charge-item-definition-funding-rules","ChargeItemDefinition.propertyGroup.applicability.expression","ChargeItemDefinition.propertyGroup.applicability.expression","","","",0,1,"","","","string {[]} {[]}
","Boolean-valued expression","An expression that returns true or false, indicating whether the condition is satisfied. When using FHIRPath expressions, the %context environment variable must be replaced at runtime with the ChargeItem resource to which this definition is applied.","Please note that FHIRPath Expressions can only be evaluated in the scope of the current ChargeItem resource to which this definition is being applied.
FHIRPath expressions can traverse into other resources linked from the ChargeItem resource, however, testing rules such as that a billing code may be billed only once per encounter need a wider scope. In such scenarios, CQL may be the appropriate choice.","","","","","","","","",,,,,"",,,,"ChargeItemDefinition.applicability.expression",0,1,"","ele-1:All FHIR elements must have a @value or children {hasValue() or (children().count() > id.count())}
"
"pharmac-charge-item-definition-funding-rules","ChargeItemDefinition.propertyGroup.priceComponent","ChargeItemDefinition.propertyGroup.priceComponent","","","",0,*,"Y","","","BackboneElement {[]} {[]}
","Subsidy/reimbursement amount","The subsidy or reimbursement amount for this funding mechanism. Typically a single component of type 'discount' with code.text 'PHARMAC Subsidy'","","","","","","","","","",,,,,"",,,,"ChargeItemDefinition.propertyGroup.priceComponent",0,*,"","ele-1:All FHIR elements must have a @value or children {hasValue() or (children().count() > id.count())}
"
"pharmac-charge-item-definition-funding-rules","ChargeItemDefinition.propertyGroup.priceComponent.id","ChargeItemDefinition.propertyGroup.priceComponent.id","","","",0,1,"","","","string {[]} {[]}
","Unique id for inter-element referencing","Unique id for the element within a resource (for internal references). This may be any string value that does not contain spaces.","","","","","","","","","",,,,,"",,,,"Element.id",0,1,"",""
"pharmac-charge-item-definition-funding-rules","ChargeItemDefinition.propertyGroup.priceComponent.extension","ChargeItemDefinition.propertyGroup.priceComponent.extension","","extensions
user content","",0,*,"","","","Extension {[]} {[]}
","Additional content defined by implementations","May be used to represent additional information that is not part of the basic definition of the element. To make the use of extensions safe and manageable, there is a strict set of governance  applied to the definition and use of extensions. Though any implementer can define an extension, there is a set of requirements that SHALL be met as part of the definition of the extension.","There can be no stigma associated with the use of extensions by any application, project, or standard - regardless of the institution or jurisdiction that uses or defines the extensions.  The use of extensions is what allows the FHIR specification to retain a core level of simplicity for everyone.","","","","","","","","",,,,,"",,,,"Element.extension",0,*,"","ele-1:All FHIR elements must have a @value or children {hasValue() or (children().count() > id.count())}
ext-1:Must have either extensions or value[x], not both {extension.exists() != value.exists()}"
"pharmac-charge-item-definition-funding-rules","ChargeItemDefinition.propertyGroup.priceComponent.modifierExtension","ChargeItemDefinition.propertyGroup.priceComponent.modifierExtension","","extensions
user contentmodifiers","",0,*,"","Y","Y","Extension {[]} {[]}
","Extensions that cannot be ignored even if unrecognized","May be used to represent additional information that is not part of the basic definition of the element and that modifies the understanding of the element in which it is contained and/or the understanding of the containing element's descendants. Usually modifier elements provide negation or qualification. To make the use of extensions safe and manageable, there is a strict set of governance applied to the definition and use of extensions. Though any implementer can define an extension, there is a set of requirements that SHALL be met as part of the definition of the extension. Applications processing a resource are required to check for modifier extensions.

Modifier extensions SHALL NOT change the meaning of any elements on Resource or DomainResource (including cannot change the meaning of modifierExtension itself).","There can be no stigma associated with the use of extensions by any application, project, or standard - regardless of the institution or jurisdiction that uses or defines the extensions.  The use of extensions is what allows the FHIR specification to retain a core level of simplicity for everyone.","Modifier extensions allow for extensions that *cannot* be safely ignored to be clearly distinguished from the vast majority of extensions which can be safely ignored.  This promotes interoperability by eliminating the need for implementers to prohibit the presence of extensions. For further information, see the [definition of modifier extensions](http://hl7.org/fhir/R4/extensibility.html#modifierExtension).","","","","","","","",,,,,"",,,,"BackboneElement.modifierExtension",0,*,"","ele-1:All FHIR elements must have a @value or children {hasValue() or (children().count() > id.count())}
ext-1:Must have either extensions or value[x], not both {extension.exists() != value.exists()}"
"pharmac-charge-item-definition-funding-rules","ChargeItemDefinition.propertyGroup.priceComponent.type","ChargeItemDefinition.propertyGroup.priceComponent.type","","","",1,1,"Y","","","code {[]} {[]}
","Type of price component (typically 'discount' for subsidy)","For funding rules, this is typically 'discount' to represent a subsidy or reimbursement amount","","","","","","","","","",,"required","Codes indicating the kind of the price component.","http://hl7.org/fhir/ValueSet/invoice-priceComponentType|4.0.1","",,,,"ChargeItemDefinition.propertyGroup.priceComponent.type",1,1,"","ele-1:All FHIR elements must have a @value or children {hasValue() or (children().count() > id.count())}
"
"pharmac-charge-item-definition-funding-rules","ChargeItemDefinition.propertyGroup.priceComponent.code","ChargeItemDefinition.propertyGroup.priceComponent.code","","","",1,1,"Y","","","CodeableConcept {[]} {[]}
","Code or label for subsidy","A code that identifies the component. Codes may be used to differentiate between kinds of taxes, surcharges, discounts etc.","","","","","","","","","",,,,,"",,,,"ChargeItemDefinition.propertyGroup.priceComponent.code",0,1,"","ele-1:All FHIR elements must have a @value or children {hasValue() or (children().count() > id.count())}
"
"pharmac-charge-item-definition-funding-rules","ChargeItemDefinition.propertyGroup.priceComponent.code.id","ChargeItemDefinition.propertyGroup.priceComponent.code.id","","","",0,1,"","","","string {[]} {[]}
","Unique id for inter-element referencing","Unique id for the element within a resource (for internal references). This may be any string value that does not contain spaces.","","","","","","","","","",,,,,"",,,,"Element.id",0,1,"",""
"pharmac-charge-item-definition-funding-rules","ChargeItemDefinition.propertyGroup.priceComponent.code.extension","ChargeItemDefinition.propertyGroup.priceComponent.code.extension","","extensions
user content","",0,*,"","","","Extension {[]} {[]}
","Additional content defined by implementations","May be used to represent additional information that is not part of the basic definition of the element. To make the use of extensions safe and manageable, there is a strict set of governance  applied to the definition and use of extensions. Though any implementer can define an extension, there is a set of requirements that SHALL be met as part of the definition of the extension.","There can be no stigma associated with the use of extensions by any application, project, or standard - regardless of the institution or jurisdiction that uses or defines the extensions.  The use of extensions is what allows the FHIR specification to retain a core level of simplicity for everyone.","","","","","","","","",,,,,"","value:url}
","Extensions are always sliced by (at least) url",,"open","Element.extension",0,*,"","ele-1:All FHIR elements must have a @value or children {hasValue() or (children().count() > id.count())}
ext-1:Must have either extensions or value[x], not both {extension.exists() != value.exists()}"
"pharmac-charge-item-definition-funding-rules","ChargeItemDefinition.propertyGroup.priceComponent.code.coding","ChargeItemDefinition.propertyGroup.priceComponent.code.coding","","","",0,*,"","","Y","Coding {[]} {[]}
","Code defined by a terminology system","A reference to a code defined by a terminology system.","Codes may be defined very casually in enumerations, or code lists, up to very formal definitions such as SNOMED CT - see the HL7 v3 Core Principles for more information.  Ordering of codings is undefined and SHALL NOT be used to infer meaning. Generally, at most only one of the coding values will be labeled as UserSelected = true.","Allows for alternative encodings within a code system, and translations to other code systems.","","","","","","","",,,,,"",,,,"CodeableConcept.coding",0,*,"","ele-1:All FHIR elements must have a @value or children {hasValue() or (children().count() > id.count())}
"
"pharmac-charge-item-definition-funding-rules","ChargeItemDefinition.propertyGroup.priceComponent.code.text","ChargeItemDefinition.propertyGroup.priceComponent.code.text","","","",1,1,"Y","","Y","string {[]} {[]}
","Text label (e.g., 'PHARMAC Subsidy')","Human-readable name for this pricing component","Very often the text is the same as a displayName of one of the codings.","The codes from the terminologies do not always capture the correct meaning with all the nuances of the human using them, or sometimes there is no appropriate code at all. In these cases, the text is used to capture the full meaning of the source.","","","","","","","",,,,,"",,,,"CodeableConcept.text",0,1,"","ele-1:All FHIR elements must have a @value or children {hasValue() or (children().count() > id.count())}
"
"pharmac-charge-item-definition-funding-rules","ChargeItemDefinition.propertyGroup.priceComponent.factor","ChargeItemDefinition.propertyGroup.priceComponent.factor","","","",0,1,"","","","decimal {[]} {[]}
","Factor used for calculating this component","The factor that has been applied on the base price for calculating this component.","","","","","","","","","",,,,,"",,,,"ChargeItemDefinition.propertyGroup.priceComponent.factor",0,1,"","ele-1:All FHIR elements must have a @value or children {hasValue() or (children().count() > id.count())}
"
"pharmac-charge-item-definition-funding-rules","ChargeItemDefinition.propertyGroup.priceComponent.amount","ChargeItemDefinition.propertyGroup.priceComponent.amount","","","",1,1,"Y","","","Money {[]} {[]}
","Subsidy/reimbursement amount","The monetary amount for this component (value and currency)","","","","","","","","","",,,,,"",,,,"ChargeItemDefinition.propertyGroup.priceComponent.amount",0,1,"","ele-1:All FHIR elements must have a @value or children {hasValue() or (children().count() > id.count())}
"
"pharmac-charge-item-definition-funding-rules","ChargeItemDefinition.propertyGroup.priceComponent.amount.id","ChargeItemDefinition.propertyGroup.priceComponent.amount.id","","","",0,1,"","","","string {[]} {[]}
","Unique id for inter-element referencing","Unique id for the element within a resource (for internal references). This may be any string value that does not contain spaces.","","","","","","","","","",,,,,"",,,,"Element.id",0,1,"",""
"pharmac-charge-item-definition-funding-rules","ChargeItemDefinition.propertyGroup.priceComponent.amount.extension","ChargeItemDefinition.propertyGroup.priceComponent.amount.extension","","extensions
user content","",0,*,"","","","Extension {[]} {[]}
","Additional content defined by implementations","May be used to represent additional information that is not part of the basic definition of the element. To make the use of extensions safe and manageable, there is a strict set of governance  applied to the definition and use of extensions. Though any implementer can define an extension, there is a set of requirements that SHALL be met as part of the definition of the extension.","There can be no stigma associated with the use of extensions by any application, project, or standard - regardless of the institution or jurisdiction that uses or defines the extensions.  The use of extensions is what allows the FHIR specification to retain a core level of simplicity for everyone.","","","","","","","","",,,,,"","value:url}
","Extensions are always sliced by (at least) url",,"open","Element.extension",0,*,"","ele-1:All FHIR elements must have a @value or children {hasValue() or (children().count() > id.count())}
ext-1:Must have either extensions or value[x], not both {extension.exists() != value.exists()}"
"pharmac-charge-item-definition-funding-rules","ChargeItemDefinition.propertyGroup.priceComponent.amount.value","ChargeItemDefinition.propertyGroup.priceComponent.amount.value","","","",0,1,"Y","","Y","decimal {[]} {[]}
","Numerical value (with implicit precision)","Numerical value (with implicit precision).","Monetary values have their own rules for handling precision (refer to standard accounting text books).","The amount of the currency. The value includes an implicit precision in the presentation of the value.","","","","","","","",,,,,"",,,,"Money.value",0,1,"","ele-1:All FHIR elements must have a @value or children {hasValue() or (children().count() > id.count())}
"
"pharmac-charge-item-definition-funding-rules","ChargeItemDefinition.propertyGroup.priceComponent.amount.currency","ChargeItemDefinition.propertyGroup.priceComponent.amount.currency","","","",0,1,"Y","","Y","code {[]} {[]}
","ISO 4217 Currency Code","ISO 4217 Currency Code.","","A code indicating the currency, taken from ISO 4217.","","","","<valueCode xmlns=""http://hl7.org/fhir"" value=""NZD""/>","","","",,"required","A code indicating the currency, taken from ISO 4217.","http://hl7.org/fhir/ValueSet/currencies|4.0.1","",,,,"Money.currency",0,1,"","ele-1:All FHIR elements must have a @value or children {hasValue() or (children().count() > id.count())}
"
"pharmac-charge-item-definition-special-authority","ChargeItemDefinition","ChargeItemDefinition","","","",0,*,"","","","null {[]} {[]}
","Definition of properties and rules about how the price and the applicability of a ChargeItem can be determined","The ChargeItemDefinition resource provides the properties that apply to the (billing) codes necessary to calculate costs and prices. The properties may differ largely depending on type and realm, therefore this resource gives only a rough structure and requires profiling for each type of billing code system.","","","","","","","","","",,,,,"",,,,"ChargeItemDefinition",0,*,"","cid-0:Name should be usable as an identifier for the module by machine processing applications such as code generation {name.matches('[A-Z]([A-Za-z0-9_]){0,254}')}
dom-2:If the resource is contained in another resource, it SHALL NOT contain nested Resources {contained.contained.empty()}dom-3:If the resource is contained in another resource, it SHALL be referred to from elsewhere in the resource or SHALL refer to the containing resource {contained.where((('#'+id in (%resource.descendants().reference | %resource.descendants().as(canonical) | %resource.descendants().as(uri) | %resource.descendants().as(url))) or descendants().where(reference = '#').exists() or descendants().where(as(canonical) = '#').exists() or descendants().where(as(canonical) = '#').exists()).not()).trace('unmatched', id).empty()}dom-4:If a resource is contained in another resource, it SHALL NOT have a meta.versionId or a meta.lastUpdated {contained.meta.versionId.empty() and contained.meta.lastUpdated.empty()}dom-5:If a resource is contained in another resource, it SHALL NOT have a security label {contained.meta.security.empty()}dom-6:A resource should have narrative for robust management {text.`div`.exists()}"
"pharmac-charge-item-definition-special-authority","ChargeItemDefinition.id","ChargeItemDefinition.id","","","",0,1,"","","Y","id {[]} {[]}
","Logical id of this artifact","The logical id of the resource, as used in the URL for the resource. Once assigned, this value never changes.","The only time that a resource does not have an id is when it is being submitted to the server using a create operation.","","","","","","","","",,,,,"",,,,"Resource.id",0,1,"",""
"pharmac-charge-item-definition-special-authority","ChargeItemDefinition.meta","ChargeItemDefinition.meta","","","",0,1,"","","Y","Meta {[]} {[]}
","Metadata about the resource","The metadata about the resource. This is content that is maintained by the infrastructure. Changes to the content might not always be associated with version changes to the resource.","","","","","","","","","",,,,,"",,,,"Resource.meta",0,1,"","ele-1:All FHIR elements must have a @value or children {hasValue() or (children().count() > id.count())}
"
"pharmac-charge-item-definition-special-authority","ChargeItemDefinition.implicitRules","ChargeItemDefinition.implicitRules","","","",0,1,"","Y","Y","uri {[]} {[]}
","A set of rules under which this content was created","A reference to a set of rules that were followed when the resource was constructed, and which must be understood when processing the content. Often, this is a reference to an implementation guide that defines the special rules along with other profiles etc.","Asserting this rule set restricts the content to be only understood by a limited set of trading partners. This inherently limits the usefulness of the data in the long term. However, the existing health eco-system is highly fractured, and not yet ready to define, collect, and exchange data in a generally computable sense. Wherever possible, implementers and/or specification writers should avoid using this element. Often, when used, the URL is a reference to an implementation guide that defines these special rules as part of it's narrative along with other profiles, value sets, etc.","","","","","","","","",,,,,"",,,,"Resource.implicitRules",0,1,"","ele-1:All FHIR elements must have a @value or children {hasValue() or (children().count() > id.count())}
"
"pharmac-charge-item-definition-special-authority","ChargeItemDefinition.language","ChargeItemDefinition.language","","","",0,1,"","","","code {[]} {[]}
","Language of the resource content","The base language in which the resource is written.","Language is provided to support indexing and accessibility (typically, services such as text to speech use the language tag). The html language tag in the narrative applies  to the narrative. The language tag on the resource may be used to specify the language of other presentations generated from the data in the resource. Not all the content has to be in the base language. The Resource.language should not be assumed to apply to the narrative automatically. If a language is specified, it should it also be specified on the div element in the html (see rules in HTML5 for information about the relationship between xml:lang and the html lang attribute).","","","","","","","","",,"preferred","A human language.","http://hl7.org/fhir/ValueSet/languages|4.0.1","",,,,"Resource.language",0,1,"","ele-1:All FHIR elements must have a @value or children {hasValue() or (children().count() > id.count())}
"
"pharmac-charge-item-definition-special-authority","ChargeItemDefinition.text","ChargeItemDefinition.text","","narrative
htmlxhtmldisplay","",0,1,"","","","Narrative {[]} {[]}
","Text summary of the resource, for human interpretation","A human-readable narrative that contains a summary of the resource and can be used to represent the content of the resource to a human. The narrative need not encode all the structured data, but is required to contain sufficient detail to make it ""clinically safe"" for a human to just read the narrative. Resource definitions may define what content should be represented in the narrative to ensure clinical safety.","Contained resources do not have narrative. Resources that are not contained SHOULD have a narrative. In some cases, a resource may only have text with little or no additional discrete data (as long as all minOccurs=1 elements are satisfied).  This may be necessary for data from legacy systems where information is captured as a ""text blob"" or where text is additionally entered raw or narrated and encoded information is added later.","","","","","","","","",,,,,"",,,,"DomainResource.text",0,1,"","ele-1:All FHIR elements must have a @value or children {hasValue() or (children().count() > id.count())}
"
"pharmac-charge-item-definition-special-authority","ChargeItemDefinition.contained","ChargeItemDefinition.contained","","inline resources
anonymous resourcescontained resources","",0,*,"","","","Resource {[]} {[]}
","Contained, inline Resources","These resources do not have an independent existence apart from the resource that contains them - they cannot be identified independently, and nor can they have their own independent transaction scope.","This should never be done when the content can be identified properly, as once identification is lost, it is extremely difficult (and context dependent) to restore it again. Contained resources may have profiles and tags In their meta elements, but SHALL NOT have security labels.","","","","","","","","",,,,,"",,,,"DomainResource.contained",0,*,"",""
"pharmac-charge-item-definition-special-authority","ChargeItemDefinition.extension","ChargeItemDefinition.extension","","","",3,*,"","","","Extension {[]} {[]}
","Extension","An Extension","","","","","","","","","",,,,,"","value:url}
","",,"open","DomainResource.extension",0,*,"","ele-1:All FHIR elements must have a @value or children {hasValue() or (children().count() > id.count())}
ext-1:Must have either extensions or value[x], not both {extension.exists() != value.exists()}"
"pharmac-charge-item-definition-special-authority","ChargeItemDefinition.extension:effectiveDate","ChargeItemDefinition.extension","effectiveDate","","",1,1,"Y","","","Extension {[CanonicalType[https://fhir-ig.digital.health.nz/pharmac-schedules/StructureDefinition/pricing-effective-date]]} {[]}
","Effective date for this special authorization","The date from which this special authorization becomes effective","","","","","","","","","",,,,,"",,,,"DomainResource.extension",0,*,"ele-1
","ele-1:All FHIR elements must have a @value or children {hasValue() or (children().count() > id.count())}
ext-1:Must have either extensions or value[x], not both {extension.exists() != value.exists()}"
"pharmac-charge-item-definition-special-authority","ChargeItemDefinition.extension:expiryDate","ChargeItemDefinition.extension","expiryDate","","",0,1,"Y","","","Extension {[CanonicalType[https://fhir-ig.digital.health.nz/pharmac-schedules/StructureDefinition/pricing-expiry-date]]} {[]}
","Expiry date for this special authorization","The date on which this special authorization expires (optional)","","","","","","","","","",,,,,"",,,,"DomainResource.extension",0,*,"ele-1
","ele-1:All FHIR elements must have a @value or children {hasValue() or (children().count() > id.count())}
ext-1:Must have either extensions or value[x], not both {extension.exists() != value.exists()}"
"pharmac-charge-item-definition-special-authority","ChargeItemDefinition.extension:authorizationForm","ChargeItemDefinition.extension","authorizationForm","","",0,1,"Y","","","Extension {[CanonicalType[https://fhir-ig.digital.health.nz/pharmac-schedules/StructureDefinition/authorization-form]]} {[]}
","Authorization Form","The PHARMAC special authorization form code (e.g., 'SA2139', 'SA2520') - may duplicate the code element for consistency","","","","","","","","","",,,,,"",,,,"DomainResource.extension",0,*,"ele-1
","ele-1:All FHIR elements must have a @value or children {hasValue() or (children().count() > id.count())}
ext-1:Must have either extensions or value[x], not both {extension.exists() != value.exists()}"
"pharmac-charge-item-definition-special-authority","ChargeItemDefinition.extension:authorizationTitle","ChargeItemDefinition.extension","authorizationTitle","","",0,1,"Y","","","Extension {[CanonicalType[https://fhir-ig.digital.health.nz/pharmac-schedules/StructureDefinition/authorization-title]]} {[]}
","Authorization Title","A human-readable title describing the authorization requirement (e.g., 'Tenofovir Disoproxil Emtricitabine Viatr - Special Authorization Required')","","","","","","","","","",,,,,"",,,,"DomainResource.extension",0,*,"ele-1
","ele-1:All FHIR elements must have a @value or children {hasValue() or (children().count() > id.count())}
ext-1:Must have either extensions or value[x], not both {extension.exists() != value.exists()}"
"pharmac-charge-item-definition-special-authority","ChargeItemDefinition.extension:authorizationCaseCount","ChargeItemDefinition.extension","authorizationCaseCount","","",1,1,"Y","","","Extension {[CanonicalType[https://fhir-ig.digital.health.nz/pharmac-schedules/StructureDefinition/authorization-case-count]]} {[]}
","Number of authorization cases (REQUIRED)","The count of distinct authorization approval criteria or clinical scenarios defined in this special authorization. This indicates how many different applicability rules will be present.","","","","","","","","","",,,,,"",,,,"DomainResource.extension",0,*,"ele-1
","ele-1:All FHIR elements must have a @value or children {hasValue() or (children().count() > id.count())}
ext-1:Must have either extensions or value[x], not both {extension.exists() != value.exists()}"
"pharmac-charge-item-definition-special-authority","ChargeItemDefinition.extension:deviceDefinition","ChargeItemDefinition.extension","deviceDefinition","","",0,*,"Y","","","Extension {[CanonicalType[https://fhir-ig.digital.health.nz/pharmac-schedules/StructureDefinition/device-definition-reference]]} {[]}
","Device Definition Reference","Reference to DeviceDefinition resources that require this special authorization","","","","","","","","","",,,,,"",,,,"DomainResource.extension",0,*,"ele-1
","ele-1:All FHIR elements must have a @value or children {hasValue() or (children().count() > id.count())}
ext-1:Must have either extensions or value[x], not both {extension.exists() != value.exists()}"
"pharmac-charge-item-definition-special-authority","ChargeItemDefinition.extension:fundingRule","ChargeItemDefinition.extension","fundingRule","","",0,*,"Y","","","Extension {[CanonicalType[http://schedule.pharmac.govt.nz/fhir/StructureDefinition/funding-rule]]} {[]}
","Optional funding context","Optional funding rules for context (e.g., community funding, case sequence). The primary focus is on authorization criteria rather than funding mechanisms.","","","","","","","","","",,,,,"",,,,"DomainResource.extension",0,*,"ele-1
","ele-1:All FHIR elements must have a @value or children {hasValue() or (children().count() > id.count())}
ext-1:Must have either extensions or value[x], not both {extension.exists() != value.exists()}"
"pharmac-charge-item-definition-special-authority","ChargeItemDefinition.extension:costBrandSource","ChargeItemDefinition.extension","costBrandSource","","",0,0,"","","","Extension {[CanonicalType[https://fhir-ig.digital.health.nz/pharmac-schedules/StructureDefinition/cost-brand-source]]} {[]}
","Cost Brand Source","Indicates whether pricing for this item is sourced from a cost brand.","","","","","","","","","",,,,,"",,,,"DomainResource.extension",0,*,"ele-1
","ele-1:All FHIR elements must have a @value or children {hasValue() or (children().count() > id.count())}
ext-1:Must have either extensions or value[x], not both {extension.exists() != value.exists()}"
"pharmac-charge-item-definition-special-authority","ChargeItemDefinition.extension:wastageClaimable","ChargeItemDefinition.extension","wastageClaimable","","",0,0,"","","","Extension {[CanonicalType[https://fhir-ig.digital.health.nz/pharmac-schedules/StructureDefinition/wastage-claimable]]} {[]}
","Wastage Claimable","Indicates whether wastage for this item may be claimed.","","","","","","","","","",,,,,"",,,,"DomainResource.extension",0,*,"ele-1
","ele-1:All FHIR elements must have a @value or children {hasValue() or (children().count() > id.count())}
ext-1:Must have either extensions or value[x], not both {extension.exists() != value.exists()}"
"pharmac-charge-item-definition-special-authority","ChargeItemDefinition.extension:contractType","ChargeItemDefinition.extension","contractType","","",0,0,"","","","Extension {[CanonicalType[https://fhir-ig.digital.health.nz/pharmac-schedules/StructureDefinition/contract-type]]} {[]}
","Contract Type","Type of PHARMAC contract that applies to this item (for example, sole-supply, preferred).","","","","","","","","","",,,,,"",,,,"DomainResource.extension",0,*,"ele-1
","ele-1:All FHIR elements must have a @value or children {hasValue() or (children().count() > id.count())}
ext-1:Must have either extensions or value[x], not both {extension.exists() != value.exists()}"
"pharmac-charge-item-definition-special-authority","ChargeItemDefinition.extension:dvLimitPercent","ChargeItemDefinition.extension","dvLimitPercent","","",0,0,"","","","Extension {[CanonicalType[https://fhir-ig.digital.health.nz/pharmac-schedules/StructureDefinition/dv-limit-percent]]} {[]}
","Daily Volume Limit Percent","Percentage daily volume limit that applies to this item.","","","","","","","","","",,,,,"",,,,"DomainResource.extension",0,*,"ele-1
","ele-1:All FHIR elements must have a @value or children {hasValue() or (children().count() > id.count())}
ext-1:Must have either extensions or value[x], not both {extension.exists() != value.exists()}"
"pharmac-charge-item-definition-special-authority","ChargeItemDefinition.extension:brandSwitchFee","ChargeItemDefinition.extension","brandSwitchFee","","",0,0,"","","","Extension {[CanonicalType[https://fhir-ig.digital.health.nz/pharmac-schedules/StructureDefinition/brand-switch-fee]]} {[]}
","Brand Switch Fee","Indicates whether a brand switch fee applies for this item.","","","","","","","","","",,,,,"",,,,"DomainResource.extension",0,*,"ele-1
","ele-1:All FHIR elements must have a @value or children {hasValue() or (children().count() > id.count())}
ext-1:Must have either extensions or value[x], not both {extension.exists() != value.exists()}"
"pharmac-charge-item-definition-special-authority","ChargeItemDefinition.extension:statim","ChargeItemDefinition.extension","statim","","",0,0,"","","","Extension {[CanonicalType[https://fhir-ig.digital.health.nz/pharmac-schedules/StructureDefinition/statim]]} {[]}
","Statim (Urgent Dispensing)","Indicates whether stat (urgent) dispensing rules apply for this item.","","","","","","","","","",,,,,"",,,,"DomainResource.extension",0,*,"ele-1
","ele-1:All FHIR elements must have a @value or children {hasValue() or (children().count() > id.count())}
ext-1:Must have either extensions or value[x], not both {extension.exists() != value.exists()}"
"pharmac-charge-item-definition-special-authority","ChargeItemDefinition.extension:inCombination","ChargeItemDefinition.extension","inCombination","","",0,0,"","","","Extension {[CanonicalType[https://fhir-ig.digital.health.nz/pharmac-schedules/StructureDefinition/in-combination]]} {[]}
","In-Combination","Indicates whether this item is only subsidised when used in combination with other medicines or treatments.","","","","","","","","","",,,,,"",,,,"DomainResource.extension",0,*,"ele-1
","ele-1:All FHIR elements must have a @value or children {hasValue() or (children().count() > id.count())}
ext-1:Must have either extensions or value[x], not both {extension.exists() != value.exists()}"
"pharmac-charge-item-definition-special-authority","ChargeItemDefinition.extension:authorizationSchema","ChargeItemDefinition.extension","authorizationSchema","","",1,1,"Y","","","Extension {[CanonicalType[https://fhir-ig.digital.health.nz/pharmac-schedules/StructureDefinition/authorization-schema]]} {[]}
","JSON Schema for this SA form","Base64-encoded JSON Schema (application/schema+json) that defines the structure and validation rules for this Special Authority application form. Clients should base64-decode the value and use the resulting JSON Schema for form rendering and input validation.","","","","","","","","","",,,,,"",,,,"DomainResource.extension",0,*,"ele-1
","ele-1:All FHIR elements must have a @value or children {hasValue() or (children().count() > id.count())}
ext-1:Must have either extensions or value[x], not both {extension.exists() != value.exists()}"
"pharmac-charge-item-definition-special-authority","ChargeItemDefinition.extension:fundingSubsidyAmount","ChargeItemDefinition.extension","fundingSubsidyAmount","","",0,1,"","","","Extension {[CanonicalType[https://fhir-ig.digital.health.nz/pharmac-schedules/StructureDefinition/funding-subsidy-amount]]} {[]}
","Structured subsidy details","Structured subsidy metadata including subsidy type, status, optional amount, and display label.","","","","","","","","","",,,,,"",,,,"DomainResource.extension",0,*,"ele-1
","ele-1:All FHIR elements must have a @value or children {hasValue() or (children().count() > id.count())}
ext-1:Must have either extensions or value[x], not both {extension.exists() != value.exists()}"
"pharmac-charge-item-definition-special-authority","ChargeItemDefinition.extension:scheduleFundingAttributes","ChargeItemDefinition.extension","scheduleFundingAttributes","","",0,1,"","","","Extension {[CanonicalType[https://fhir-ig.digital.health.nz/pharmac-schedules/StructureDefinition/schedule-funding-attributes]]} {[]}
","Grouped schedule funding attributes","Grouped funding attributes including contract markers, dispensing flags, and co-payment markers.","","","","","","","","","",,,,,"",,,,"DomainResource.extension",0,*,"ele-1
","ele-1:All FHIR elements must have a @value or children {hasValue() or (children().count() > id.count())}
ext-1:Must have either extensions or value[x], not both {extension.exists() != value.exists()}"
"pharmac-charge-item-definition-special-authority","ChargeItemDefinition.extension:PricingSection29","ChargeItemDefinition.extension","PricingSection29","","",0,1,"","","","Extension {[CanonicalType[https://fhir-ig.digital.health.nz/pharmac-schedules/StructureDefinition/pricing-section-29]]} {[]}
","Pricing Section 29","Indicates whether Section 29 applies to this pricing record.","","","","","","","","","",,,,,"",,,,"DomainResource.extension",0,*,"ele-1
","ele-1:All FHIR elements must have a @value or children {hasValue() or (children().count() > id.count())}
ext-1:Must have either extensions or value[x], not both {extension.exists() != value.exists()}"
"pharmac-charge-item-definition-special-authority","ChargeItemDefinition.extension:PricingNotCombined","ChargeItemDefinition.extension","PricingNotCombined","","",0,1,"","","","Extension {[CanonicalType[https://fhir-ig.digital.health.nz/pharmac-schedules/StructureDefinition/pricing-not-combined]]} {[]}
","Pricing Not Combined","Indicates whether Not Combined applies to this pricing record.","","","","","","","","","",,,,,"",,,,"DomainResource.extension",0,*,"ele-1
","ele-1:All FHIR elements must have a @value or children {hasValue() or (children().count() > id.count())}
ext-1:Must have either extensions or value[x], not both {extension.exists() != value.exists()}"
"pharmac-charge-item-definition-special-authority","ChargeItemDefinition.extension:PricingCoPaymentMax","ChargeItemDefinition.extension","PricingCoPaymentMax","","",0,1,"","","","Extension {[CanonicalType[https://fhir-ig.digital.health.nz/pharmac-schedules/StructureDefinition/pricing-copayment-max]]} {[]}
","Pricing Co-Payment Max","Indicates whether Co-Payment Max applies to this pricing record.","","","","","","","","","",,,,,"",,,,"DomainResource.extension",0,*,"ele-1
","ele-1:All FHIR elements must have a @value or children {hasValue() or (children().count() > id.count())}
ext-1:Must have either extensions or value[x], not both {extension.exists() != value.exists()}"
"pharmac-charge-item-definition-special-authority","ChargeItemDefinition.modifierExtension","ChargeItemDefinition.modifierExtension","","extensions
user content","",0,*,"","Y","","Extension {[]} {[]}
","Extensions that cannot be ignored","May be used to represent additional information that is not part of the basic definition of the resource and that modifies the understanding of the element that contains it and/or the understanding of the containing element's descendants. Usually modifier elements provide negation or qualification. To make the use of extensions safe and manageable, there is a strict set of governance applied to the definition and use of extensions. Though any implementer is allowed to define an extension, there is a set of requirements that SHALL be met as part of the definition of the extension. Applications processing a resource are required to check for modifier extensions.

Modifier extensions SHALL NOT change the meaning of any elements on Resource or DomainResource (including cannot change the meaning of modifierExtension itself).","There can be no stigma associated with the use of extensions by any application, project, or standard - regardless of the institution or jurisdiction that uses or defines the extensions.  The use of extensions is what allows the FHIR specification to retain a core level of simplicity for everyone.","Modifier extensions allow for extensions that *cannot* be safely ignored to be clearly distinguished from the vast majority of extensions which can be safely ignored.  This promotes interoperability by eliminating the need for implementers to prohibit the presence of extensions. For further information, see the [definition of modifier extensions](http://hl7.org/fhir/R4/extensibility.html#modifierExtension).","","","","","","","",,,,,"",,,,"DomainResource.modifierExtension",0,*,"","ele-1:All FHIR elements must have a @value or children {hasValue() or (children().count() > id.count())}
ext-1:Must have either extensions or value[x], not both {extension.exists() != value.exists()}"
"pharmac-charge-item-definition-special-authority","ChargeItemDefinition.url","ChargeItemDefinition.url","","","",1,1,"Y","","Y","uri {[]} {[]}
","Canonical identifier for this special authorization definition","Unique canonical URL for this special authorization definition","Can be a urn:uuid: or a urn:oid: but real http: addresses are preferred.  Multiple instances may share the same URL if they have a distinct version.

The determination of when to create a new version of a resource (same url, new version) vs. defining a new artifact is up to the author.  Considerations for making this decision are found in [Technical and Business Versions](http://hl7.org/fhir/R4/resource.html#versions). 

In some cases, the resource can no longer be found at the stated url, but the url itself cannot change. Implementations can use the [meta.source](http://hl7.org/fhir/R4/resource.html#meta) element to indicate where the current master source of the resource can be found.","Allows the charge item definition to be referenced by a single globally unique identifier.","","","","","","","",,,,,"",,,,"ChargeItemDefinition.url",1,1,"","ele-1:All FHIR elements must have a @value or children {hasValue() or (children().count() > id.count())}
"
"pharmac-charge-item-definition-special-authority","ChargeItemDefinition.identifier","ChargeItemDefinition.identifier","","","",0,*,"","","Y","Identifier {[]} {[]}
","Additional identifier for the charge item definition","A formal identifier that is used to identify this charge item definition when it is represented in other formats, or referenced in a specification, model, design or an instance.","Typically, this is used for identifiers that can go in an HL7 V3 II (instance identifier) data type, and can then identify this charge item definition outside of FHIR, where it is not possible to use the logical URI.","Allows externally provided and/or usable business identifiers to be easily associated with the module.","","","","","","","",,,,,"",,,,"ChargeItemDefinition.identifier",0,*,"","ele-1:All FHIR elements must have a @value or children {hasValue() or (children().count() > id.count())}
"
"pharmac-charge-item-definition-special-authority","ChargeItemDefinition.version","ChargeItemDefinition.version","","","",0,1,"Y","","Y","string {[]} {[]}
","Version of this pricing definition","The business version of this pricing definition","There may be different charge item definition instances that have the same identifier but different versions.  The version can be appended to the url in a reference to allow a reference to a particular business version of the charge item definition with the format [url]|[version].","","","","","","","","",,,,,"",,,,"ChargeItemDefinition.version",0,1,"","ele-1:All FHIR elements must have a @value or children {hasValue() or (children().count() > id.count())}
"
"pharmac-charge-item-definition-special-authority","ChargeItemDefinition.title","ChargeItemDefinition.title","","","",0,1,"Y","","Y","string {[]} {[]}
","Special authorization name","A short, descriptive, user-friendly title for the charge item definition.","This name does not need to be machine-processing friendly and may contain punctuation, white-space, etc.","","","","","","","","",,,,,"",,,,"ChargeItemDefinition.title",0,1,"","ele-1:All FHIR elements must have a @value or children {hasValue() or (children().count() > id.count())}
"
"pharmac-charge-item-definition-special-authority","ChargeItemDefinition.derivedFromUri","ChargeItemDefinition.derivedFromUri","","","",0,*,"","","Y","uri {[]} {[]}
","Underlying externally-defined charge item definition","The URL pointing to an externally-defined charge item definition that is adhered to in whole or in part by this definition.","","","","","","","","","",,,,,"",,,,"ChargeItemDefinition.derivedFromUri",0,*,"","ele-1:All FHIR elements must have a @value or children {hasValue() or (children().count() > id.count())}
"
"pharmac-charge-item-definition-special-authority","ChargeItemDefinition.partOf","ChargeItemDefinition.partOf","","container
","",0,*,"","","Y","canonical {[]} {[CanonicalType[http://hl7.org/fhir/StructureDefinition/ChargeItemDefinition|4.0.1]]}
","A larger definition of which this particular definition is a component or step","A larger definition of which this particular definition is a component or step.","","","","","","","","","",,,,,"",,,,"ChargeItemDefinition.partOf",0,*,"","ele-1:All FHIR elements must have a @value or children {hasValue() or (children().count() > id.count())}
"
"pharmac-charge-item-definition-special-authority","ChargeItemDefinition.replaces","ChargeItemDefinition.replaces","","supersedes
priorrenewed order","",0,*,"","","Y","canonical {[]} {[CanonicalType[http://hl7.org/fhir/StructureDefinition/ChargeItemDefinition|4.0.1]]}
","Completed or terminated request(s) whose function is taken by this new request","As new versions of a protocol or guideline are defined, allows identification of what versions are replaced by a new instance.","","","","","","","","","",,,,,"",,,,"ChargeItemDefinition.replaces",0,*,"","ele-1:All FHIR elements must have a @value or children {hasValue() or (children().count() > id.count())}
"
"pharmac-charge-item-definition-special-authority","ChargeItemDefinition.status","ChargeItemDefinition.status","","","",1,1,"Y","Y","Y","code {[]} {[]}
","Status of this pricing definition","The current state of the ChargeItemDefinition.","Allows filtering of charge item definitions that are appropriate for use versus not.","","","","","","","","",,"required","The lifecycle status of an artifact.","http://hl7.org/fhir/ValueSet/publication-status|4.0.1","",,,,"ChargeItemDefinition.status",1,1,"","ele-1:All FHIR elements must have a @value or children {hasValue() or (children().count() > id.count())}
"
"pharmac-charge-item-definition-special-authority","ChargeItemDefinition.experimental","ChargeItemDefinition.experimental","","","",0,1,"","","Y","boolean {[]} {[]}
","For testing purposes, not real usage","A Boolean value to indicate that this charge item definition is authored for testing purposes (or education/evaluation/marketing) and is not intended to be used for genuine usage.","Allows filtering of charge item definitions that are appropriate for use versus not.","Enables experimental content to be developed following the same lifecycle that would be used for a production-level charge item definition.","","","","","","","",,,,,"",,,,"ChargeItemDefinition.experimental",0,1,"","ele-1:All FHIR elements must have a @value or children {hasValue() or (children().count() > id.count())}
"
"pharmac-charge-item-definition-special-authority","ChargeItemDefinition.date","ChargeItemDefinition.date","","Revision Date
","",0,1,"","","Y","dateTime {[]} {[]}
","Date last changed","The date  (and optionally time) when the charge item definition was published. The date must change when the business version changes and it must change if the status code changes. In addition, it should change when the substantive content of the charge item definition changes.","Note that this is not the same as the resource last-modified-date, since the resource may be a secondary representation of the charge item definition. Additional specific dates may be added as extensions or be found by consulting Provenances associated with past versions of the resource.","","","","","","","","",,,,,"",,,,"ChargeItemDefinition.date",0,1,"","ele-1:All FHIR elements must have a @value or children {hasValue() or (children().count() > id.count())}
"
"pharmac-charge-item-definition-special-authority","ChargeItemDefinition.publisher","ChargeItemDefinition.publisher","","","",0,1,"Y","","Y","string {[]} {[]}
","Organization responsible for this pricing","The organization (typically PHARMAC) responsible for publishing and maintaining this pricing definition","Usually an organization but may be an individual. The publisher (or steward) of the charge item definition is the organization or individual primarily responsible for the maintenance and upkeep of the charge item definition. This is not necessarily the same individual or organization that developed and initially authored the content. The publisher is the primary point of contact for questions or issues with the charge item definition. This item SHOULD be populated unless the information is available from context.","Helps establish the ""authority/credibility"" of the charge item definition.  May also allow for contact.","","","","","","","",,,,,"",,,,"ChargeItemDefinition.publisher",0,1,"","ele-1:All FHIR elements must have a @value or children {hasValue() or (children().count() > id.count())}
"
"pharmac-charge-item-definition-special-authority","ChargeItemDefinition.contact","ChargeItemDefinition.contact","","","",0,*,"Y","","Y","ContactDetail {[]} {[]}
","Contact details for the publisher","Contact information for inquiries or issues related to this pricing","May be a web site, an email address, a telephone number, etc.","","","","","","","","",,,,,"",,,,"ChargeItemDefinition.contact",0,*,"","ele-1:All FHIR elements must have a @value or children {hasValue() or (children().count() > id.count())}
"
"pharmac-charge-item-definition-special-authority","ChargeItemDefinition.description","ChargeItemDefinition.description","","","",0,1,"Y","","Y","markdown {[]} {[]}
","Description of special authorization requirements","A free text natural language description of the charge item definition from a consumer's perspective.","This description can be used to capture details such as why the charge item definition was built, comments about misuse, instructions for clinical use and interpretation, literature references, examples from the paper world, etc. It is not a rendering of the charge item definition as conveyed in the 'text' field of the resource itself. This item SHOULD be populated unless the information is available from context (e.g. the language of the charge item definition is presumed to be the predominant language in the place the charge item definition was created).","","","","","","","","",,,,,"",,,,"ChargeItemDefinition.description",0,1,"","ele-1:All FHIR elements must have a @value or children {hasValue() or (children().count() > id.count())}
"
"pharmac-charge-item-definition-special-authority","ChargeItemDefinition.useContext","ChargeItemDefinition.useContext","","","",0,*,"","","Y","UsageContext {[]} {[]}
","The context that the content is intended to support","The content was developed with a focus and intent of supporting the contexts that are listed. These contexts may be general categories (gender, age, ...) or may be references to specific programs (insurance plans, studies, ...) and may be used to assist with indexing and searching for appropriate charge item definition instances.","When multiple useContexts are specified, there is no expectation that all or any of the contexts apply.","Assist in searching for appropriate content.","","","","","","","",,,,,"",,,,"ChargeItemDefinition.useContext",0,*,"","ele-1:All FHIR elements must have a @value or children {hasValue() or (children().count() > id.count())}
"
"pharmac-charge-item-definition-special-authority","ChargeItemDefinition.jurisdiction","ChargeItemDefinition.jurisdiction","","","",0,*,"","","Y","CodeableConcept {[]} {[]}
","Intended jurisdiction for charge item definition (if applicable)","A legal or geographic region in which the charge item definition is intended to be used.","It may be possible for the charge item definition to be used in jurisdictions other than those for which it was originally designed or intended.","","","","","","","","",,"extensible","Countries and regions within which this artifact is targeted for use.","http://hl7.org/fhir/ValueSet/jurisdiction|4.0.1","",,,,"ChargeItemDefinition.jurisdiction",0,*,"","ele-1:All FHIR elements must have a @value or children {hasValue() or (children().count() > id.count())}
"
"pharmac-charge-item-definition-special-authority","ChargeItemDefinition.copyright","ChargeItemDefinition.copyright","","License
Restrictions","",0,1,"","","","markdown {[]} {[]}
","Use and/or publishing restrictions","A copyright statement relating to the charge item definition and/or its contents. Copyright statements are generally legal restrictions on the use and publishing of the charge item definition.","","Consumers must be able to determine any legal restrictions on the use of the charge item definition and/or its content.","","","","","","","",,,,,"",,,,"ChargeItemDefinition.copyright",0,1,"","ele-1:All FHIR elements must have a @value or children {hasValue() or (children().count() > id.count())}
"
"pharmac-charge-item-definition-special-authority","ChargeItemDefinition.approvalDate","ChargeItemDefinition.approvalDate","","","",0,1,"","","","date {[]} {[]}
","When the charge item definition was approved by publisher","The date on which the resource content was approved by the publisher. Approval happens once when the content is officially approved for usage.","The 'date' element may be more recent than the approval date because of minor changes or editorial corrections.","","","","","","","","",,,,,"",,,,"ChargeItemDefinition.approvalDate",0,1,"","ele-1:All FHIR elements must have a @value or children {hasValue() or (children().count() > id.count())}
"
"pharmac-charge-item-definition-special-authority","ChargeItemDefinition.lastReviewDate","ChargeItemDefinition.lastReviewDate","","","",0,1,"","","","date {[]} {[]}
","When the charge item definition was last reviewed","The date on which the resource content was last reviewed. Review happens periodically after approval but does not change the original approval date.","If specified, this date follows the original approval date.","Gives a sense of how ""current"" the content is.  Resources that have not been reviewed in a long time may have a risk of being less appropriate/relevant.","","","","","","","",,,,,"",,,,"ChargeItemDefinition.lastReviewDate",0,1,"","ele-1:All FHIR elements must have a @value or children {hasValue() or (children().count() > id.count())}
"
"pharmac-charge-item-definition-special-authority","ChargeItemDefinition.effectivePeriod","ChargeItemDefinition.effectivePeriod","","","",0,1,"","","Y","Period {[]} {[]}
","When the charge item definition is expected to be used","The period during which the charge item definition content was or is planned to be in active use.","The effective period for a charge item definition  determines when the content is applicable for usage and is independent of publication and review dates. For example, a measure intended to be used for the year 2016 might be published in 2015.","Allows establishing a transition before a resource comes into effect and also allows for a sunsetting  process when new versions of the charge item definition are or are expected to be used instead.","","","","","","","",,,,,"",,,,"ChargeItemDefinition.effectivePeriod",0,1,"","ele-1:All FHIR elements must have a @value or children {hasValue() or (children().count() > id.count())}
"
"pharmac-charge-item-definition-special-authority","ChargeItemDefinition.code","ChargeItemDefinition.code","","","",1,1,"Y","","Y","CodeableConcept {[]} {[]}
","Special Authorization code (REQUIRED)","The Special Authorization code that identifies this authorization requirement (e.g., SA2139, SA2520, SA2535)","","","","","","","","","",,"example","Billing Code defined by this ChargeItemDefinition.","http://hl7.org/fhir/ValueSet/chargeitem-billingcodes|4.0.1","",,,,"ChargeItemDefinition.code",0,1,"","ele-1:All FHIR elements must have a @value or children {hasValue() or (children().count() > id.count())}
"
"pharmac-charge-item-definition-special-authority","ChargeItemDefinition.code.id","ChargeItemDefinition.code.id","","","",0,1,"","","","string {[]} {[]}
","Unique id for inter-element referencing","Unique id for the element within a resource (for internal references). This may be any string value that does not contain spaces.","","","","","","","","","",,,,,"",,,,"Element.id",0,1,"",""
"pharmac-charge-item-definition-special-authority","ChargeItemDefinition.code.extension","ChargeItemDefinition.code.extension","","extensions
user content","",0,*,"","","","Extension {[]} {[]}
","Additional content defined by implementations","May be used to represent additional information that is not part of the basic definition of the element. To make the use of extensions safe and manageable, there is a strict set of governance  applied to the definition and use of extensions. Though any implementer can define an extension, there is a set of requirements that SHALL be met as part of the definition of the extension.","There can be no stigma associated with the use of extensions by any application, project, or standard - regardless of the institution or jurisdiction that uses or defines the extensions.  The use of extensions is what allows the FHIR specification to retain a core level of simplicity for everyone.","","","","","","","","",,,,,"","value:url}
","Extensions are always sliced by (at least) url",,"open","Element.extension",0,*,"","ele-1:All FHIR elements must have a @value or children {hasValue() or (children().count() > id.count())}
ext-1:Must have either extensions or value[x], not both {extension.exists() != value.exists()}"
"pharmac-charge-item-definition-special-authority","ChargeItemDefinition.code.coding","ChargeItemDefinition.code.coding","","","",1,*,"Y","","Y","Coding {[]} {[]}
","Coded SA identifier","A reference to a code defined by a terminology system.","Codes may be defined very casually in enumerations, or code lists, up to very formal definitions such as SNOMED CT - see the HL7 v3 Core Principles for more information.  Ordering of codings is undefined and SHALL NOT be used to infer meaning. Generally, at most only one of the coding values will be labeled as UserSelected = true.","Allows for alternative encodings within a code system, and translations to other code systems.","","","","","","","",,,,,"",,,,"CodeableConcept.coding",0,*,"","ele-1:All FHIR elements must have a @value or children {hasValue() or (children().count() > id.count())}
"
"pharmac-charge-item-definition-special-authority","ChargeItemDefinition.code.coding.id","ChargeItemDefinition.code.coding.id","","","",0,1,"","","","string {[]} {[]}
","Unique id for inter-element referencing","Unique id for the element within a resource (for internal references). This may be any string value that does not contain spaces.","","","","","","","","","",,,,,"",,,,"Element.id",0,1,"",""
"pharmac-charge-item-definition-special-authority","ChargeItemDefinition.code.coding.extension","ChargeItemDefinition.code.coding.extension","","extensions
user content","",0,*,"","","","Extension {[]} {[]}
","Additional content defined by implementations","May be used to represent additional information that is not part of the basic definition of the element. To make the use of extensions safe and manageable, there is a strict set of governance  applied to the definition and use of extensions. Though any implementer can define an extension, there is a set of requirements that SHALL be met as part of the definition of the extension.","There can be no stigma associated with the use of extensions by any application, project, or standard - regardless of the institution or jurisdiction that uses or defines the extensions.  The use of extensions is what allows the FHIR specification to retain a core level of simplicity for everyone.","","","","","","","","",,,,,"","value:url}
","Extensions are always sliced by (at least) url",,"open","Element.extension",0,*,"","ele-1:All FHIR elements must have a @value or children {hasValue() or (children().count() > id.count())}
ext-1:Must have either extensions or value[x], not both {extension.exists() != value.exists()}"
"pharmac-charge-item-definition-special-authority","ChargeItemDefinition.code.coding.system","ChargeItemDefinition.code.coding.system","","","",1,1,"Y","","Y","uri {[]} {[]}
","PHARMAC SA code system","The code system for PHARMAC Special Authorization codes (typically 'http://pharmac.govt.nz/fhir/sa')","The URI may be an OID (urn:oid:...) or a UUID (urn:uuid:...).  OIDs and UUIDs SHALL be references to the HL7 OID registry. Otherwise, the URI should come from HL7's list of FHIR defined special URIs or it should reference to some definition that establishes the system clearly and unambiguously.","Need to be unambiguous about the source of the definition of the symbol.","","","","","","","",,,,,"",,,,"Coding.system",0,1,"","ele-1:All FHIR elements must have a @value or children {hasValue() or (children().count() > id.count())}
"
"pharmac-charge-item-definition-special-authority","ChargeItemDefinition.code.coding.version","ChargeItemDefinition.code.coding.version","","","",0,1,"","","Y","string {[]} {[]}
","Version of the system - if relevant","The version of the code system which was used when choosing this code. Note that a well-maintained code system does not need the version reported, because the meaning of codes is consistent across versions. However this cannot consistently be assured, and when the meaning is not guaranteed to be consistent, the version SHOULD be exchanged.","Where the terminology does not clearly define what string should be used to identify code system versions, the recommendation is to use the date (expressed in FHIR date format) on which that version was officially published as the version date.","","","","","","","","",,,,,"",,,,"Coding.version",0,1,"","ele-1:All FHIR elements must have a @value or children {hasValue() or (children().count() > id.count())}
"
"pharmac-charge-item-definition-special-authority","ChargeItemDefinition.code.coding.code","ChargeItemDefinition.code.coding.code","","","",1,1,"Y","","Y","code {[]} {[]}
","SA code (e.g., SA2139, SA2520)","The specific Special Authorization code","","Need to refer to a particular code in the system.","","","","","","","",,,,,"",,,,"Coding.code",0,1,"","ele-1:All FHIR elements must have a @value or children {hasValue() or (children().count() > id.count())}
"
"pharmac-charge-item-definition-special-authority","ChargeItemDefinition.code.coding.display","ChargeItemDefinition.code.coding.display","","","",0,1,"","","Y","string {[]} {[]}
","Representation defined by the system","A representation of the meaning of the code in the system, following the rules of the system.","","Need to be able to carry a human-readable meaning of the code for readers that do not know  the system.","","","","","","","",,,,,"",,,,"Coding.display",0,1,"","ele-1:All FHIR elements must have a @value or children {hasValue() or (children().count() > id.count())}
"
"pharmac-charge-item-definition-special-authority","ChargeItemDefinition.code.coding.userSelected","ChargeItemDefinition.code.coding.userSelected","","","",0,1,"","","Y","boolean {[]} {[]}
","If this coding was chosen directly by the user","Indicates that this coding was chosen by a user directly - e.g. off a pick list of available items (codes or displays).","Amongst a set of alternatives, a directly chosen code is the most appropriate starting point for new translations. There is some ambiguity about what exactly 'directly chosen' implies, and trading partner agreement may be needed to clarify the use of this element and its consequences more completely.","This has been identified as a clinical safety criterium - that this exact system/code pair was chosen explicitly, rather than inferred by the system based on some rules or language processing.","","","","","","","",,,,,"",,,,"Coding.userSelected",0,1,"","ele-1:All FHIR elements must have a @value or children {hasValue() or (children().count() > id.count())}
"
"pharmac-charge-item-definition-special-authority","ChargeItemDefinition.code.text","ChargeItemDefinition.code.text","","","",1,1,"Y","","Y","string {[]} {[]}
","SA code text representation","Text representation of the SA code (e.g., 'SA2139')","Very often the text is the same as a displayName of one of the codings.","The codes from the terminologies do not always capture the correct meaning with all the nuances of the human using them, or sometimes there is no appropriate code at all. In these cases, the text is used to capture the full meaning of the source.","","","","","","","",,,,,"",,,,"CodeableConcept.text",0,1,"","ele-1:All FHIR elements must have a @value or children {hasValue() or (children().count() > id.count())}
"
"pharmac-charge-item-definition-special-authority","ChargeItemDefinition.instance","ChargeItemDefinition.instance","","","",1,*,"Y","","","Reference {[]} {[CanonicalType[http://hl7.org/fhir/StructureDefinition/Medication], CanonicalType[http://hl7.org/fhir/StructureDefinition/Device]]}
","Medications/devices requiring this special authorization (REQUIRED)","Direct references to Medication or Device resources that require this special authorization. At least one instance must be specified. Multiple instances indicate that the same SA applies to multiple medications (e.g., SA2139 applies to both Ricovir and Viramune).","In case of highly customized, individually produced or fitted devices/substances, the pricing information may be different for each instance of the product. This reference links pricing details to specific product instances.","","","","","","","","",,,,,"",,,,"ChargeItemDefinition.instance",0,*,"","ele-1:All FHIR elements must have a @value or children {hasValue() or (children().count() > id.count())}
"
"pharmac-charge-item-definition-special-authority","ChargeItemDefinition.applicability","ChargeItemDefinition.applicability","","","",0,*,"Y","","","BackboneElement {[]} {[]}
","Applicability rules for this pricing","Rules or conditions that determine when this pricing applies (e.g., patient eligibility, prescriber requirements, clinical criteria)","The applicability conditions can be used to ascertain whether a billing item is allowed in a specific context. E.g. some billing codes may only be applicable in out-patient settings, only to male/female patients or only to children.","","","","","","","","",,,,,"",,,,"ChargeItemDefinition.applicability",0,*,"","ele-1:All FHIR elements must have a @value or children {hasValue() or (children().count() > id.count())}
"
"pharmac-charge-item-definition-special-authority","ChargeItemDefinition.applicability.id","ChargeItemDefinition.applicability.id","","","",0,1,"","","","string {[]} {[]}
","Unique id for inter-element referencing","Unique id for the element within a resource (for internal references). This may be any string value that does not contain spaces.","","","","","","","","","",,,,,"",,,,"Element.id",0,1,"",""
"pharmac-charge-item-definition-special-authority","ChargeItemDefinition.applicability.extension","ChargeItemDefinition.applicability.extension","","extensions
user content","",0,*,"","","","Extension {[]} {[]}
","Additional content defined by implementations","May be used to represent additional information that is not part of the basic definition of the element. To make the use of extensions safe and manageable, there is a strict set of governance  applied to the definition and use of extensions. Though any implementer can define an extension, there is a set of requirements that SHALL be met as part of the definition of the extension.","There can be no stigma associated with the use of extensions by any application, project, or standard - regardless of the institution or jurisdiction that uses or defines the extensions.  The use of extensions is what allows the FHIR specification to retain a core level of simplicity for everyone.","","","","","","","","",,,,,"",,,,"Element.extension",0,*,"","ele-1:All FHIR elements must have a @value or children {hasValue() or (children().count() > id.count())}
ext-1:Must have either extensions or value[x], not both {extension.exists() != value.exists()}"
"pharmac-charge-item-definition-special-authority","ChargeItemDefinition.applicability.modifierExtension","ChargeItemDefinition.applicability.modifierExtension","","extensions
user contentmodifiers","",0,*,"","Y","Y","Extension {[]} {[]}
","Extensions that cannot be ignored even if unrecognized","May be used to represent additional information that is not part of the basic definition of the element and that modifies the understanding of the element in which it is contained and/or the understanding of the containing element's descendants. Usually modifier elements provide negation or qualification. To make the use of extensions safe and manageable, there is a strict set of governance applied to the definition and use of extensions. Though any implementer can define an extension, there is a set of requirements that SHALL be met as part of the definition of the extension. Applications processing a resource are required to check for modifier extensions.

Modifier extensions SHALL NOT change the meaning of any elements on Resource or DomainResource (including cannot change the meaning of modifierExtension itself).","There can be no stigma associated with the use of extensions by any application, project, or standard - regardless of the institution or jurisdiction that uses or defines the extensions.  The use of extensions is what allows the FHIR specification to retain a core level of simplicity for everyone.","Modifier extensions allow for extensions that *cannot* be safely ignored to be clearly distinguished from the vast majority of extensions which can be safely ignored.  This promotes interoperability by eliminating the need for implementers to prohibit the presence of extensions. For further information, see the [definition of modifier extensions](http://hl7.org/fhir/R4/extensibility.html#modifierExtension).","","","","","","","",,,,,"",,,,"BackboneElement.modifierExtension",0,*,"","ele-1:All FHIR elements must have a @value or children {hasValue() or (children().count() > id.count())}
ext-1:Must have either extensions or value[x], not both {extension.exists() != value.exists()}"
"pharmac-charge-item-definition-special-authority","ChargeItemDefinition.applicability.description","ChargeItemDefinition.applicability.description","","","",1,1,"","","","string {[]} {[]}
","Natural language description of the rule","A human-readable description of when this applicability rule applies","","","","","","","","","",,,,,"",,,,"ChargeItemDefinition.applicability.description",0,1,"","ele-1:All FHIR elements must have a @value or children {hasValue() or (children().count() > id.count())}
"
"pharmac-charge-item-definition-special-authority","ChargeItemDefinition.applicability.language","ChargeItemDefinition.applicability.language","","","",0,1,"","","","string {[]} {[]}
","Expression language","The language in which the expression is written (e.g., 'text/cql' for Clinical Quality Language)","","","","","","","","","",,,,,"",,,,"ChargeItemDefinition.applicability.language",0,1,"","ele-1:All FHIR elements must have a @value or children {hasValue() or (children().count() > id.count())}
"
"pharmac-charge-item-definition-special-authority","ChargeItemDefinition.applicability.expression","ChargeItemDefinition.applicability.expression","","","",0,1,"","","","string {[]} {[]}
","Expression code","The formal expression defining the condition (e.g., CQL expression for clinical criteria)","Please note that FHIRPath Expressions can only be evaluated in the scope of the current ChargeItem resource to which this definition is being applied.
FHIRPath expressions can traverse into other resources linked from the ChargeItem resource, however, testing rules such as that a billing code may be billed only once per encounter need a wider scope. In such scenarios, CQL may be the appropriate choice.","","","","","","","","",,,,,"",,,,"ChargeItemDefinition.applicability.expression",0,1,"","ele-1:All FHIR elements must have a @value or children {hasValue() or (children().count() > id.count())}
"
"pharmac-charge-item-definition-special-authority","ChargeItemDefinition.propertyGroup","ChargeItemDefinition.propertyGroup","","","",0,*,"Y","","","BackboneElement {[]} {[]}
","Pricing components (listed price, subsidy, patient co-payment)","Group of pricing properties including listed price, PHARMAC subsidy, and patient co-payment amounts","","","","","","","","","",,,,,"",,,,"ChargeItemDefinition.propertyGroup",0,*,"","ele-1:All FHIR elements must have a @value or children {hasValue() or (children().count() > id.count())}
"
"pharmac-charge-item-definition-special-authority","ChargeItemDefinition.propertyGroup.id","ChargeItemDefinition.propertyGroup.id","","","",0,1,"","","","string {[]} {[]}
","Unique id for inter-element referencing","Unique id for the element within a resource (for internal references). This may be any string value that does not contain spaces.","","","","","","","","","",,,,,"",,,,"Element.id",0,1,"",""
"pharmac-charge-item-definition-special-authority","ChargeItemDefinition.propertyGroup.extension","ChargeItemDefinition.propertyGroup.extension","","extensions
user content","",0,*,"","","","Extension {[]} {[]}
","Additional content defined by implementations","May be used to represent additional information that is not part of the basic definition of the element. To make the use of extensions safe and manageable, there is a strict set of governance  applied to the definition and use of extensions. Though any implementer can define an extension, there is a set of requirements that SHALL be met as part of the definition of the extension.","There can be no stigma associated with the use of extensions by any application, project, or standard - regardless of the institution or jurisdiction that uses or defines the extensions.  The use of extensions is what allows the FHIR specification to retain a core level of simplicity for everyone.","","","","","","","","",,,,,"",,,,"Element.extension",0,*,"","ele-1:All FHIR elements must have a @value or children {hasValue() or (children().count() > id.count())}
ext-1:Must have either extensions or value[x], not both {extension.exists() != value.exists()}"
"pharmac-charge-item-definition-special-authority","ChargeItemDefinition.propertyGroup.modifierExtension","ChargeItemDefinition.propertyGroup.modifierExtension","","extensions
user contentmodifiers","",0,*,"","Y","Y","Extension {[]} {[]}
","Extensions that cannot be ignored even if unrecognized","May be used to represent additional information that is not part of the basic definition of the element and that modifies the understanding of the element in which it is contained and/or the understanding of the containing element's descendants. Usually modifier elements provide negation or qualification. To make the use of extensions safe and manageable, there is a strict set of governance applied to the definition and use of extensions. Though any implementer can define an extension, there is a set of requirements that SHALL be met as part of the definition of the extension. Applications processing a resource are required to check for modifier extensions.

Modifier extensions SHALL NOT change the meaning of any elements on Resource or DomainResource (including cannot change the meaning of modifierExtension itself).","There can be no stigma associated with the use of extensions by any application, project, or standard - regardless of the institution or jurisdiction that uses or defines the extensions.  The use of extensions is what allows the FHIR specification to retain a core level of simplicity for everyone.","Modifier extensions allow for extensions that *cannot* be safely ignored to be clearly distinguished from the vast majority of extensions which can be safely ignored.  This promotes interoperability by eliminating the need for implementers to prohibit the presence of extensions. For further information, see the [definition of modifier extensions](http://hl7.org/fhir/R4/extensibility.html#modifierExtension).","","","","","","","",,,,,"",,,,"BackboneElement.modifierExtension",0,*,"","ele-1:All FHIR elements must have a @value or children {hasValue() or (children().count() > id.count())}
ext-1:Must have either extensions or value[x], not both {extension.exists() != value.exists()}"
"pharmac-charge-item-definition-special-authority","ChargeItemDefinition.propertyGroup.applicability","ChargeItemDefinition.propertyGroup.applicability","","","",0,*,"","","","BackboneElement {[]} {[]}
","Applicability for this property group","Rules for when this set of price components applies (e.g., 'Community pricing' vs 'Alternative pricing')","The applicability conditions can be used to ascertain whether a billing item is allowed in a specific context. E.g. some billing codes may only be applicable in out-patient settings, only to male/female patients or only to children.","","","","","","","","",,,,,"",,,,"ChargeItemDefinition.propertyGroup.applicability",0,*,"","ele-1:All FHIR elements must have a @value or children {hasValue() or (children().count() > id.count())}
"
"pharmac-charge-item-definition-special-authority","ChargeItemDefinition.propertyGroup.applicability.id","ChargeItemDefinition.propertyGroup.applicability.id","","","",0,1,"","","","string {[]} {[]}
","Unique id for inter-element referencing","Unique id for the element within a resource (for internal references). This may be any string value that does not contain spaces.","","","","","","","","","",,,,,"",,,,"Element.id",0,1,"",""
"pharmac-charge-item-definition-special-authority","ChargeItemDefinition.propertyGroup.applicability.extension","ChargeItemDefinition.propertyGroup.applicability.extension","","extensions
user content","",0,*,"","","","Extension {[]} {[]}
","Additional content defined by implementations","May be used to represent additional information that is not part of the basic definition of the element. To make the use of extensions safe and manageable, there is a strict set of governance  applied to the definition and use of extensions. Though any implementer can define an extension, there is a set of requirements that SHALL be met as part of the definition of the extension.","There can be no stigma associated with the use of extensions by any application, project, or standard - regardless of the institution or jurisdiction that uses or defines the extensions.  The use of extensions is what allows the FHIR specification to retain a core level of simplicity for everyone.","","","","","","","","",,,,,"",,,,"Element.extension",0,*,"","ele-1:All FHIR elements must have a @value or children {hasValue() or (children().count() > id.count())}
ext-1:Must have either extensions or value[x], not both {extension.exists() != value.exists()}"
"pharmac-charge-item-definition-special-authority","ChargeItemDefinition.propertyGroup.applicability.modifierExtension","ChargeItemDefinition.propertyGroup.applicability.modifierExtension","","extensions
user contentmodifiers","",0,*,"","Y","Y","Extension {[]} {[]}
","Extensions that cannot be ignored even if unrecognized","May be used to represent additional information that is not part of the basic definition of the element and that modifies the understanding of the element in which it is contained and/or the understanding of the containing element's descendants. Usually modifier elements provide negation or qualification. To make the use of extensions safe and manageable, there is a strict set of governance applied to the definition and use of extensions. Though any implementer can define an extension, there is a set of requirements that SHALL be met as part of the definition of the extension. Applications processing a resource are required to check for modifier extensions.

Modifier extensions SHALL NOT change the meaning of any elements on Resource or DomainResource (including cannot change the meaning of modifierExtension itself).","There can be no stigma associated with the use of extensions by any application, project, or standard - regardless of the institution or jurisdiction that uses or defines the extensions.  The use of extensions is what allows the FHIR specification to retain a core level of simplicity for everyone.","Modifier extensions allow for extensions that *cannot* be safely ignored to be clearly distinguished from the vast majority of extensions which can be safely ignored.  This promotes interoperability by eliminating the need for implementers to prohibit the presence of extensions. For further information, see the [definition of modifier extensions](http://hl7.org/fhir/R4/extensibility.html#modifierExtension).","","","","","","","",,,,,"",,,,"BackboneElement.modifierExtension",0,*,"","ele-1:All FHIR elements must have a @value or children {hasValue() or (children().count() > id.count())}
ext-1:Must have either extensions or value[x], not both {extension.exists() != value.exists()}"
"pharmac-charge-item-definition-special-authority","ChargeItemDefinition.propertyGroup.applicability.description","ChargeItemDefinition.propertyGroup.applicability.description","","","",1,1,"","","","string {[]} {[]}
","Natural language description of the condition","A brief, natural language description of the condition that effectively communicates the intended semantics.","","","","","","","","","",,,,,"",,,,"ChargeItemDefinition.applicability.description",0,1,"","ele-1:All FHIR elements must have a @value or children {hasValue() or (children().count() > id.count())}
"
"pharmac-charge-item-definition-special-authority","ChargeItemDefinition.propertyGroup.applicability.language","ChargeItemDefinition.propertyGroup.applicability.language","","","",0,1,"","","","string {[]} {[]}
","Language of the expression","The media type of the language for the expression, e.g. ""text/cql"" for Clinical Query Language expressions or ""text/fhirpath"" for FHIRPath expressions.","","","","","","","","","",,,,,"",,,,"ChargeItemDefinition.applicability.language",0,1,"","ele-1:All FHIR elements must have a @value or children {hasValue() or (children().count() > id.count())}
"
"pharmac-charge-item-definition-special-authority","ChargeItemDefinition.propertyGroup.applicability.expression","ChargeItemDefinition.propertyGroup.applicability.expression","","","",0,1,"","","","string {[]} {[]}
","Boolean-valued expression","An expression that returns true or false, indicating whether the condition is satisfied. When using FHIRPath expressions, the %context environment variable must be replaced at runtime with the ChargeItem resource to which this definition is applied.","Please note that FHIRPath Expressions can only be evaluated in the scope of the current ChargeItem resource to which this definition is being applied.
FHIRPath expressions can traverse into other resources linked from the ChargeItem resource, however, testing rules such as that a billing code may be billed only once per encounter need a wider scope. In such scenarios, CQL may be the appropriate choice.","","","","","","","","",,,,,"",,,,"ChargeItemDefinition.applicability.expression",0,1,"","ele-1:All FHIR elements must have a @value or children {hasValue() or (children().count() > id.count())}
"
"pharmac-charge-item-definition-special-authority","ChargeItemDefinition.propertyGroup.priceComponent","ChargeItemDefinition.propertyGroup.priceComponent","","","",0,*,"Y","","","BackboneElement {[]} {[]}
","Pricing components (base price, discounts, surcharges, informational amounts)","Components that make up the pricing structure (listed price, PHARMAC subsidy, patient surcharge, patient co-payment, alternative pricing)","","","","","","","","","",,,,,"",,,,"ChargeItemDefinition.propertyGroup.priceComponent",0,*,"","ele-1:All FHIR elements must have a @value or children {hasValue() or (children().count() > id.count())}
"
"pharmac-charge-item-definition-special-authority","ChargeItemDefinition.propertyGroup.priceComponent.id","ChargeItemDefinition.propertyGroup.priceComponent.id","","","",0,1,"","","","string {[]} {[]}
","Unique id for inter-element referencing","Unique id for the element within a resource (for internal references). This may be any string value that does not contain spaces.","","","","","","","","","",,,,,"",,,,"Element.id",0,1,"",""
"pharmac-charge-item-definition-special-authority","ChargeItemDefinition.propertyGroup.priceComponent.extension","ChargeItemDefinition.propertyGroup.priceComponent.extension","","extensions
user content","",0,*,"","","","Extension {[]} {[]}
","Additional content defined by implementations","May be used to represent additional information that is not part of the basic definition of the element. To make the use of extensions safe and manageable, there is a strict set of governance  applied to the definition and use of extensions. Though any implementer can define an extension, there is a set of requirements that SHALL be met as part of the definition of the extension.","There can be no stigma associated with the use of extensions by any application, project, or standard - regardless of the institution or jurisdiction that uses or defines the extensions.  The use of extensions is what allows the FHIR specification to retain a core level of simplicity for everyone.","","","","","","","","",,,,,"",,,,"Element.extension",0,*,"","ele-1:All FHIR elements must have a @value or children {hasValue() or (children().count() > id.count())}
ext-1:Must have either extensions or value[x], not both {extension.exists() != value.exists()}"
"pharmac-charge-item-definition-special-authority","ChargeItemDefinition.propertyGroup.priceComponent.modifierExtension","ChargeItemDefinition.propertyGroup.priceComponent.modifierExtension","","extensions
user contentmodifiers","",0,*,"","Y","Y","Extension {[]} {[]}
","Extensions that cannot be ignored even if unrecognized","May be used to represent additional information that is not part of the basic definition of the element and that modifies the understanding of the element in which it is contained and/or the understanding of the containing element's descendants. Usually modifier elements provide negation or qualification. To make the use of extensions safe and manageable, there is a strict set of governance applied to the definition and use of extensions. Though any implementer can define an extension, there is a set of requirements that SHALL be met as part of the definition of the extension. Applications processing a resource are required to check for modifier extensions.

Modifier extensions SHALL NOT change the meaning of any elements on Resource or DomainResource (including cannot change the meaning of modifierExtension itself).","There can be no stigma associated with the use of extensions by any application, project, or standard - regardless of the institution or jurisdiction that uses or defines the extensions.  The use of extensions is what allows the FHIR specification to retain a core level of simplicity for everyone.","Modifier extensions allow for extensions that *cannot* be safely ignored to be clearly distinguished from the vast majority of extensions which can be safely ignored.  This promotes interoperability by eliminating the need for implementers to prohibit the presence of extensions. For further information, see the [definition of modifier extensions](http://hl7.org/fhir/R4/extensibility.html#modifierExtension).","","","","","","","",,,,,"",,,,"BackboneElement.modifierExtension",0,*,"","ele-1:All FHIR elements must have a @value or children {hasValue() or (children().count() > id.count())}
ext-1:Must have either extensions or value[x], not both {extension.exists() != value.exists()}"
"pharmac-charge-item-definition-special-authority","ChargeItemDefinition.propertyGroup.priceComponent.type","ChargeItemDefinition.propertyGroup.priceComponent.type","","","",1,1,"Y","","","code {[]} {[]}
","Type of price component","base = primary price; discount = reduction (subsidy); surcharge = addition to base; informational = calculated/derived value","","","","","","","","","",,"required","Codes indicating the kind of the price component.","http://hl7.org/fhir/ValueSet/invoice-priceComponentType|4.0.1","",,,,"ChargeItemDefinition.propertyGroup.priceComponent.type",1,1,"","ele-1:All FHIR elements must have a @value or children {hasValue() or (children().count() > id.count())}
"
"pharmac-charge-item-definition-special-authority","ChargeItemDefinition.propertyGroup.priceComponent.code","ChargeItemDefinition.propertyGroup.priceComponent.code","","","",1,1,"","","","CodeableConcept {[]} {[]}
","Code identifying the specific component","A code that identifies the component. Codes may be used to differentiate between kinds of taxes, surcharges, discounts etc.","","","","","","","","","",,,,,"",,,,"ChargeItemDefinition.propertyGroup.priceComponent.code",0,1,"","ele-1:All FHIR elements must have a @value or children {hasValue() or (children().count() > id.count())}
"
"pharmac-charge-item-definition-special-authority","ChargeItemDefinition.propertyGroup.priceComponent.code.id","ChargeItemDefinition.propertyGroup.priceComponent.code.id","","","",0,1,"","","","string {[]} {[]}
","Unique id for inter-element referencing","Unique id for the element within a resource (for internal references). This may be any string value that does not contain spaces.","","","","","","","","","",,,,,"",,,,"Element.id",0,1,"",""
"pharmac-charge-item-definition-special-authority","ChargeItemDefinition.propertyGroup.priceComponent.code.extension","ChargeItemDefinition.propertyGroup.priceComponent.code.extension","","extensions
user content","",0,*,"","","","Extension {[]} {[]}
","Additional content defined by implementations","May be used to represent additional information that is not part of the basic definition of the element. To make the use of extensions safe and manageable, there is a strict set of governance  applied to the definition and use of extensions. Though any implementer can define an extension, there is a set of requirements that SHALL be met as part of the definition of the extension.","There can be no stigma associated with the use of extensions by any application, project, or standard - regardless of the institution or jurisdiction that uses or defines the extensions.  The use of extensions is what allows the FHIR specification to retain a core level of simplicity for everyone.","","","","","","","","",,,,,"","value:url}
","Extensions are always sliced by (at least) url",,"open","Element.extension",0,*,"","ele-1:All FHIR elements must have a @value or children {hasValue() or (children().count() > id.count())}
ext-1:Must have either extensions or value[x], not both {extension.exists() != value.exists()}"
"pharmac-charge-item-definition-special-authority","ChargeItemDefinition.propertyGroup.priceComponent.code.coding","ChargeItemDefinition.propertyGroup.priceComponent.code.coding","","","",0,*,"","","Y","Coding {[]} {[]}
","Code defined by a terminology system","A reference to a code defined by a terminology system.","Codes may be defined very casually in enumerations, or code lists, up to very formal definitions such as SNOMED CT - see the HL7 v3 Core Principles for more information.  Ordering of codings is undefined and SHALL NOT be used to infer meaning. Generally, at most only one of the coding values will be labeled as UserSelected = true.","Allows for alternative encodings within a code system, and translations to other code systems.","","","","","","","",,,,,"",,,,"CodeableConcept.coding",0,*,"","ele-1:All FHIR elements must have a @value or children {hasValue() or (children().count() > id.count())}
"
"pharmac-charge-item-definition-special-authority","ChargeItemDefinition.propertyGroup.priceComponent.code.text","ChargeItemDefinition.propertyGroup.priceComponent.code.text","","","",1,1,"","","Y","string {[]} {[]}
","Component label (e.g., 'Listed Price', 'PHARMAC Subsidy', 'Patient Cost')","Human-readable name for this pricing component","Very often the text is the same as a displayName of one of the codings.","The codes from the terminologies do not always capture the correct meaning with all the nuances of the human using them, or sometimes there is no appropriate code at all. In these cases, the text is used to capture the full meaning of the source.","","","","","","","",,,,,"",,,,"CodeableConcept.text",0,1,"","ele-1:All FHIR elements must have a @value or children {hasValue() or (children().count() > id.count())}
"
"pharmac-charge-item-definition-special-authority","ChargeItemDefinition.propertyGroup.priceComponent.factor","ChargeItemDefinition.propertyGroup.priceComponent.factor","","","",0,1,"","","","decimal {[]} {[]}
","Factor used for calculating this component","The factor that has been applied on the base price for calculating this component.","","","","","","","","","",,,,,"",,,,"ChargeItemDefinition.propertyGroup.priceComponent.factor",0,1,"","ele-1:All FHIR elements must have a @value or children {hasValue() or (children().count() > id.count())}
"
"pharmac-charge-item-definition-special-authority","ChargeItemDefinition.propertyGroup.priceComponent.amount","ChargeItemDefinition.propertyGroup.priceComponent.amount","","","",1,1,"","","","Money {[]} {[]}
","Component amount","The monetary amount for this component (value and currency)","","","","","","","","","",,,,,"",,,,"ChargeItemDefinition.propertyGroup.priceComponent.amount",0,1,"","ele-1:All FHIR elements must have a @value or children {hasValue() or (children().count() > id.count())}
"
"pharmac-charge-item-definition","ChargeItemDefinition","ChargeItemDefinition","","","",0,*,"","","","null {[]} {[]}
","Definition of properties and rules about how the price and the applicability of a ChargeItem can be determined","The ChargeItemDefinition resource provides the properties that apply to the (billing) codes necessary to calculate costs and prices. The properties may differ largely depending on type and realm, therefore this resource gives only a rough structure and requires profiling for each type of billing code system.","","","","","","","","","",,,,,"",,,,"ChargeItemDefinition",0,*,"","cid-0:Name should be usable as an identifier for the module by machine processing applications such as code generation {name.matches('[A-Z]([A-Za-z0-9_]){0,254}')}
dom-2:If the resource is contained in another resource, it SHALL NOT contain nested Resources {contained.contained.empty()}dom-3:If the resource is contained in another resource, it SHALL be referred to from elsewhere in the resource or SHALL refer to the containing resource {contained.where((('#'+id in (%resource.descendants().reference | %resource.descendants().as(canonical) | %resource.descendants().as(uri) | %resource.descendants().as(url))) or descendants().where(reference = '#').exists() or descendants().where(as(canonical) = '#').exists() or descendants().where(as(canonical) = '#').exists()).not()).trace('unmatched', id).empty()}dom-4:If a resource is contained in another resource, it SHALL NOT have a meta.versionId or a meta.lastUpdated {contained.meta.versionId.empty() and contained.meta.lastUpdated.empty()}dom-5:If a resource is contained in another resource, it SHALL NOT have a security label {contained.meta.security.empty()}dom-6:A resource should have narrative for robust management {text.`div`.exists()}"
"pharmac-charge-item-definition","ChargeItemDefinition.id","ChargeItemDefinition.id","","","",0,1,"","","Y","id {[]} {[]}
","Logical id of this artifact","The logical id of the resource, as used in the URL for the resource. Once assigned, this value never changes.","The only time that a resource does not have an id is when it is being submitted to the server using a create operation.","","","","","","","","",,,,,"",,,,"Resource.id",0,1,"",""
"pharmac-charge-item-definition","ChargeItemDefinition.meta","ChargeItemDefinition.meta","","","",0,1,"","","Y","Meta {[]} {[]}
","Metadata about the resource","The metadata about the resource. This is content that is maintained by the infrastructure. Changes to the content might not always be associated with version changes to the resource.","","","","","","","","","",,,,,"",,,,"Resource.meta",0,1,"","ele-1:All FHIR elements must have a @value or children {hasValue() or (children().count() > id.count())}
"
"pharmac-charge-item-definition","ChargeItemDefinition.implicitRules","ChargeItemDefinition.implicitRules","","","",0,1,"","Y","Y","uri {[]} {[]}
","A set of rules under which this content was created","A reference to a set of rules that were followed when the resource was constructed, and which must be understood when processing the content. Often, this is a reference to an implementation guide that defines the special rules along with other profiles etc.","Asserting this rule set restricts the content to be only understood by a limited set of trading partners. This inherently limits the usefulness of the data in the long term. However, the existing health eco-system is highly fractured, and not yet ready to define, collect, and exchange data in a generally computable sense. Wherever possible, implementers and/or specification writers should avoid using this element. Often, when used, the URL is a reference to an implementation guide that defines these special rules as part of it's narrative along with other profiles, value sets, etc.","","","","","","","","",,,,,"",,,,"Resource.implicitRules",0,1,"","ele-1:All FHIR elements must have a @value or children {hasValue() or (children().count() > id.count())}
"
"pharmac-charge-item-definition","ChargeItemDefinition.language","ChargeItemDefinition.language","","","",0,1,"","","","code {[]} {[]}
","Language of the resource content","The base language in which the resource is written.","Language is provided to support indexing and accessibility (typically, services such as text to speech use the language tag). The html language tag in the narrative applies  to the narrative. The language tag on the resource may be used to specify the language of other presentations generated from the data in the resource. Not all the content has to be in the base language. The Resource.language should not be assumed to apply to the narrative automatically. If a language is specified, it should it also be specified on the div element in the html (see rules in HTML5 for information about the relationship between xml:lang and the html lang attribute).","","","","","","","","",,"preferred","A human language.","http://hl7.org/fhir/ValueSet/languages|4.0.1","",,,,"Resource.language",0,1,"","ele-1:All FHIR elements must have a @value or children {hasValue() or (children().count() > id.count())}
"
"pharmac-charge-item-definition","ChargeItemDefinition.text","ChargeItemDefinition.text","","narrative
htmlxhtmldisplay","",0,1,"","","","Narrative {[]} {[]}
","Text summary of the resource, for human interpretation","A human-readable narrative that contains a summary of the resource and can be used to represent the content of the resource to a human. The narrative need not encode all the structured data, but is required to contain sufficient detail to make it ""clinically safe"" for a human to just read the narrative. Resource definitions may define what content should be represented in the narrative to ensure clinical safety.","Contained resources do not have narrative. Resources that are not contained SHOULD have a narrative. In some cases, a resource may only have text with little or no additional discrete data (as long as all minOccurs=1 elements are satisfied).  This may be necessary for data from legacy systems where information is captured as a ""text blob"" or where text is additionally entered raw or narrated and encoded information is added later.","","","","","","","","",,,,,"",,,,"DomainResource.text",0,1,"","ele-1:All FHIR elements must have a @value or children {hasValue() or (children().count() > id.count())}
"
"pharmac-charge-item-definition","ChargeItemDefinition.contained","ChargeItemDefinition.contained","","inline resources
anonymous resourcescontained resources","",0,*,"","","","Resource {[]} {[]}
","Contained, inline Resources","These resources do not have an independent existence apart from the resource that contains them - they cannot be identified independently, and nor can they have their own independent transaction scope.","This should never be done when the content can be identified properly, as once identification is lost, it is extremely difficult (and context dependent) to restore it again. Contained resources may have profiles and tags In their meta elements, but SHALL NOT have security labels.","","","","","","","","",,,,,"",,,,"DomainResource.contained",0,*,"",""
"pharmac-charge-item-definition","ChargeItemDefinition.extension","ChargeItemDefinition.extension","","","",1,*,"","","","Extension {[]} {[]}
","Extension","An Extension","","","","","","","","","",,,,,"","value:url}
","",,"open","DomainResource.extension",0,*,"","ele-1:All FHIR elements must have a @value or children {hasValue() or (children().count() > id.count())}
ext-1:Must have either extensions or value[x], not both {extension.exists() != value.exists()}"
"pharmac-charge-item-definition","ChargeItemDefinition.extension:effectiveDate","ChargeItemDefinition.extension","effectiveDate","","",1,1,"Y","","","Extension {[CanonicalType[https://fhir-ig.digital.health.nz/pharmac-schedules/StructureDefinition/pricing-effective-date]]} {[]}
","Effective date for this pricing","The date from which this pricing becomes effective","","","","","","","","","",,,,,"",,,,"DomainResource.extension",0,*,"ele-1
","ele-1:All FHIR elements must have a @value or children {hasValue() or (children().count() > id.count())}
ext-1:Must have either extensions or value[x], not both {extension.exists() != value.exists()}"
"pharmac-charge-item-definition","ChargeItemDefinition.extension:expiryDate","ChargeItemDefinition.extension","expiryDate","","",0,1,"Y","","","Extension {[CanonicalType[https://fhir-ig.digital.health.nz/pharmac-schedules/StructureDefinition/pricing-expiry-date]]} {[]}
","Expiry date for this pricing","The date on which this pricing expires (optional)","","","","","","","","","",,,,,"",,,,"DomainResource.extension",0,*,"ele-1
","ele-1:All FHIR elements must have a @value or children {hasValue() or (children().count() > id.count())}
ext-1:Must have either extensions or value[x], not both {extension.exists() != value.exists()}"
"pharmac-charge-item-definition","ChargeItemDefinition.extension:authorizationForm","ChargeItemDefinition.extension","authorizationForm","","",0,1,"Y","","","Extension {[CanonicalType[https://fhir-ig.digital.health.nz/pharmac-schedules/StructureDefinition/authorization-form]]} {[]}
","Special authorization form code","The PHARMAC special authorization form code (e.g., 'SA2535') required for this medication","","","","","","","","","",,,,,"",,,,"DomainResource.extension",0,*,"ele-1
","ele-1:All FHIR elements must have a @value or children {hasValue() or (children().count() > id.count())}
ext-1:Must have either extensions or value[x], not both {extension.exists() != value.exists()}"
"pharmac-charge-item-definition","ChargeItemDefinition.extension:authorizationTitle","ChargeItemDefinition.extension","authorizationTitle","","",0,1,"Y","","","Extension {[CanonicalType[https://fhir-ig.digital.health.nz/pharmac-schedules/StructureDefinition/authorization-title]]} {[]}
","Authorization requirement title","A human-readable title describing the authorization requirement","","","","","","","","","",,,,,"",,,,"DomainResource.extension",0,*,"ele-1
","ele-1:All FHIR elements must have a @value or children {hasValue() or (children().count() > id.count())}
ext-1:Must have either extensions or value[x], not both {extension.exists() != value.exists()}"
"pharmac-charge-item-definition","ChargeItemDefinition.extension:authorizationCaseCount","ChargeItemDefinition.extension","authorizationCaseCount","","",0,1,"Y","","","Extension {[CanonicalType[https://fhir-ig.digital.health.nz/pharmac-schedules/StructureDefinition/authorization-case-count]]} {[]}
","Number of authorization cases","The count of distinct authorization approval criteria or conditions","","","","","","","","","",,,,,"",,,,"DomainResource.extension",0,*,"ele-1
","ele-1:All FHIR elements must have a @value or children {hasValue() or (children().count() > id.count())}
ext-1:Must have either extensions or value[x], not both {extension.exists() != value.exists()}"
"pharmac-charge-item-definition","ChargeItemDefinition.extension:deviceDefinition","ChargeItemDefinition.extension","deviceDefinition","","",0,*,"Y","","","Extension {[CanonicalType[https://fhir-ig.digital.health.nz/pharmac-schedules/StructureDefinition/device-definition-reference]]} {[]}
","Reference to DeviceDefinition","Reference to the DeviceDefinition that this pricing applies to. Use this for devices. For medications, use the instance element directly.","","","","","","","","","",,,,,"",,,,"DomainResource.extension",0,*,"ele-1
","ele-1:All FHIR elements must have a @value or children {hasValue() or (children().count() > id.count())}
ext-1:Must have either extensions or value[x], not both {extension.exists() != value.exists()}"
"pharmac-charge-item-definition","ChargeItemDefinition.extension:fundingRule","ChargeItemDefinition.extension","fundingRule","","",0,*,"Y","","","Extension {[CanonicalType[http://schedule.pharmac.govt.nz/fhir/StructureDefinition/funding-rule]]} {[]}
","Funding rules and conditions","Funding rules that define conditions, restrictions, and special requirements for this funding","","","","","","","","","",,,,,"",,,,"DomainResource.extension",0,*,"ele-1
","ele-1:All FHIR elements must have a @value or children {hasValue() or (children().count() > id.count())}
ext-1:Must have either extensions or value[x], not both {extension.exists() != value.exists()}"
"pharmac-charge-item-definition","ChargeItemDefinition.extension:costBrandSource","ChargeItemDefinition.extension","costBrandSource","","",0,1,"","","","Extension {[CanonicalType[https://fhir-ig.digital.health.nz/pharmac-schedules/StructureDefinition/cost-brand-source]]} {[]}
","Cost brand source flag","Indicates whether pricing for this item is sourced from a cost brand.","","","","","","","","","",,,,,"",,,,"DomainResource.extension",0,*,"ele-1
","ele-1:All FHIR elements must have a @value or children {hasValue() or (children().count() > id.count())}
ext-1:Must have either extensions or value[x], not both {extension.exists() != value.exists()}"
"pharmac-charge-item-definition","ChargeItemDefinition.extension:wastageClaimable","ChargeItemDefinition.extension","wastageClaimable","","",0,1,"","","","Extension {[CanonicalType[https://fhir-ig.digital.health.nz/pharmac-schedules/StructureDefinition/wastage-claimable]]} {[]}
","Wastage claimable flag","Indicates whether wastage for this item may be claimed.","","","","","","","","","",,,,,"",,,,"DomainResource.extension",0,*,"ele-1
","ele-1:All FHIR elements must have a @value or children {hasValue() or (children().count() > id.count())}
ext-1:Must have either extensions or value[x], not both {extension.exists() != value.exists()}"
"pharmac-charge-item-definition","ChargeItemDefinition.extension:contractType","ChargeItemDefinition.extension","contractType","","",0,1,"","","","Extension {[CanonicalType[https://fhir-ig.digital.health.nz/pharmac-schedules/StructureDefinition/contract-type]]} {[]}
","Contract type","Type of PHARMAC contract that applies to this item (for example, sole-supply, preferred).","","","","","","","","","",,,,,"",,,,"DomainResource.extension",0,*,"ele-1
","ele-1:All FHIR elements must have a @value or children {hasValue() or (children().count() > id.count())}
ext-1:Must have either extensions or value[x], not both {extension.exists() != value.exists()}"
"pharmac-charge-item-definition","ChargeItemDefinition.extension:dvLimitPercent","ChargeItemDefinition.extension","dvLimitPercent","","",0,1,"","","","Extension {[CanonicalType[https://fhir-ig.digital.health.nz/pharmac-schedules/StructureDefinition/dv-limit-percent]]} {[]}
","DV limit percentage","Percentage daily volume limit that applies to this item.","","","","","","","","","",,,,,"",,,,"DomainResource.extension",0,*,"ele-1
","ele-1:All FHIR elements must have a @value or children {hasValue() or (children().count() > id.count())}
ext-1:Must have either extensions or value[x], not both {extension.exists() != value.exists()}"
"pharmac-charge-item-definition","ChargeItemDefinition.extension:brandSwitchFee","ChargeItemDefinition.extension","brandSwitchFee","","",0,1,"","","","Extension {[CanonicalType[https://fhir-ig.digital.health.nz/pharmac-schedules/StructureDefinition/brand-switch-fee]]} {[]}
","Brand switch fee flag","Indicates whether a brand switch fee applies for this item.","","","","","","","","","",,,,,"",,,,"DomainResource.extension",0,*,"ele-1
","ele-1:All FHIR elements must have a @value or children {hasValue() or (children().count() > id.count())}
ext-1:Must have either extensions or value[x], not both {extension.exists() != value.exists()}"
"pharmac-charge-item-definition","ChargeItemDefinition.extension:statim","ChargeItemDefinition.extension","statim","","",0,1,"","","","Extension {[CanonicalType[https://fhir-ig.digital.health.nz/pharmac-schedules/StructureDefinition/statim]]} {[]}
","Statim (urgent dispensing) flag","Indicates whether stat (urgent) dispensing rules apply for this medication.","","","","","","","","","",,,,,"",,,,"DomainResource.extension",0,*,"ele-1
","ele-1:All FHIR elements must have a @value or children {hasValue() or (children().count() > id.count())}
ext-1:Must have either extensions or value[x], not both {extension.exists() != value.exists()}"
"pharmac-charge-item-definition","ChargeItemDefinition.extension:inCombination","ChargeItemDefinition.extension","inCombination","","",0,1,"","","","Extension {[CanonicalType[https://fhir-ig.digital.health.nz/pharmac-schedules/StructureDefinition/in-combination]]} {[]}
","In-combination funding flag","Indicates whether this medication is only subsidised when used in combination with other medicines.","","","","","","","","","",,,,,"",,,,"DomainResource.extension",0,*,"ele-1
","ele-1:All FHIR elements must have a @value or children {hasValue() or (children().count() > id.count())}
ext-1:Must have either extensions or value[x], not both {extension.exists() != value.exists()}"
"pharmac-charge-item-definition","ChargeItemDefinition.extension:authorizationSchema","ChargeItemDefinition.extension","authorizationSchema","","",0,1,"","","","Extension {[CanonicalType[https://fhir-ig.digital.health.nz/pharmac-schedules/StructureDefinition/authorization-schema]]} {[]}
","JSON Schema for authorization form","Base64-encoded JSON Schema that defines the structure and validation rules for the Special Authorization application form. Clients should base64-decode the value to obtain the JSON Schema.","","","","","","","","","",,,,,"",,,,"DomainResource.extension",0,*,"ele-1
","ele-1:All FHIR elements must have a @value or children {hasValue() or (children().count() > id.count())}
ext-1:Must have either extensions or value[x], not both {extension.exists() != value.exists()}"
"pharmac-charge-item-definition","ChargeItemDefinition.extension:fundingSubsidyAmount","ChargeItemDefinition.extension","fundingSubsidyAmount","","",0,1,"","","","Extension {[CanonicalType[https://fhir-ig.digital.health.nz/pharmac-schedules/StructureDefinition/funding-subsidy-amount]]} {[]}
","Structured subsidy details","Structured subsidy metadata including subsidy type, status, optional amount, and display label.","","","","","","","","","",,,,,"",,,,"DomainResource.extension",0,*,"ele-1
","ele-1:All FHIR elements must have a @value or children {hasValue() or (children().count() > id.count())}
ext-1:Must have either extensions or value[x], not both {extension.exists() != value.exists()}"
"pharmac-charge-item-definition","ChargeItemDefinition.extension:scheduleFundingAttributes","ChargeItemDefinition.extension","scheduleFundingAttributes","","",0,1,"","","","Extension {[CanonicalType[https://fhir-ig.digital.health.nz/pharmac-schedules/StructureDefinition/schedule-funding-attributes]]} {[]}
","Grouped schedule funding attributes","Grouped funding attributes including contract markers, dispensing flags, and co-payment markers.","","","","","","","","","",,,,,"",,,,"DomainResource.extension",0,*,"ele-1
","ele-1:All FHIR elements must have a @value or children {hasValue() or (children().count() > id.count())}
ext-1:Must have either extensions or value[x], not both {extension.exists() != value.exists()}"
"pharmac-charge-item-definition","ChargeItemDefinition.extension:PricingSection29","ChargeItemDefinition.extension","PricingSection29","","",0,1,"","","","Extension {[CanonicalType[https://fhir-ig.digital.health.nz/pharmac-schedules/StructureDefinition/pricing-section-29]]} {[]}
","Pricing Section 29","Indicates whether Section 29 applies to this pricing record.","","","","","","","","","",,,,,"",,,,"DomainResource.extension",0,*,"ele-1
","ele-1:All FHIR elements must have a @value or children {hasValue() or (children().count() > id.count())}
ext-1:Must have either extensions or value[x], not both {extension.exists() != value.exists()}"
"pharmac-charge-item-definition","ChargeItemDefinition.extension:PricingNotCombined","ChargeItemDefinition.extension","PricingNotCombined","","",0,1,"","","","Extension {[CanonicalType[https://fhir-ig.digital.health.nz/pharmac-schedules/StructureDefinition/pricing-not-combined]]} {[]}
","Pricing Not Combined","Indicates whether Not Combined applies to this pricing record.","","","","","","","","","",,,,,"",,,,"DomainResource.extension",0,*,"ele-1
","ele-1:All FHIR elements must have a @value or children {hasValue() or (children().count() > id.count())}
ext-1:Must have either extensions or value[x], not both {extension.exists() != value.exists()}"
"pharmac-charge-item-definition","ChargeItemDefinition.extension:PricingCoPaymentMax","ChargeItemDefinition.extension","PricingCoPaymentMax","","",0,1,"","","","Extension {[CanonicalType[https://fhir-ig.digital.health.nz/pharmac-schedules/StructureDefinition/pricing-copayment-max]]} {[]}
","Pricing Co-Payment Max","Indicates whether Co-Payment Max applies to this pricing record.","","","","","","","","","",,,,,"",,,,"DomainResource.extension",0,*,"ele-1
","ele-1:All FHIR elements must have a @value or children {hasValue() or (children().count() > id.count())}
ext-1:Must have either extensions or value[x], not both {extension.exists() != value.exists()}"
"pharmac-charge-item-definition","ChargeItemDefinition.modifierExtension","ChargeItemDefinition.modifierExtension","","extensions
user content","",0,*,"","Y","","Extension {[]} {[]}
","Extensions that cannot be ignored","May be used to represent additional information that is not part of the basic definition of the resource and that modifies the understanding of the element that contains it and/or the understanding of the containing element's descendants. Usually modifier elements provide negation or qualification. To make the use of extensions safe and manageable, there is a strict set of governance applied to the definition and use of extensions. Though any implementer is allowed to define an extension, there is a set of requirements that SHALL be met as part of the definition of the extension. Applications processing a resource are required to check for modifier extensions.

Modifier extensions SHALL NOT change the meaning of any elements on Resource or DomainResource (including cannot change the meaning of modifierExtension itself).","There can be no stigma associated with the use of extensions by any application, project, or standard - regardless of the institution or jurisdiction that uses or defines the extensions.  The use of extensions is what allows the FHIR specification to retain a core level of simplicity for everyone.","Modifier extensions allow for extensions that *cannot* be safely ignored to be clearly distinguished from the vast majority of extensions which can be safely ignored.  This promotes interoperability by eliminating the need for implementers to prohibit the presence of extensions. For further information, see the [definition of modifier extensions](http://hl7.org/fhir/R4/extensibility.html#modifierExtension).","","","","","","","",,,,,"",,,,"DomainResource.modifierExtension",0,*,"","ele-1:All FHIR elements must have a @value or children {hasValue() or (children().count() > id.count())}
ext-1:Must have either extensions or value[x], not both {extension.exists() != value.exists()}"
"pharmac-charge-item-definition","ChargeItemDefinition.url","ChargeItemDefinition.url","","","",1,1,"Y","","Y","uri {[]} {[]}
","Canonical identifier for this charge item definition","Unique canonical URL for this pricing definition","Can be a urn:uuid: or a urn:oid: but real http: addresses are preferred.  Multiple instances may share the same URL if they have a distinct version.

The determination of when to create a new version of a resource (same url, new version) vs. defining a new artifact is up to the author.  Considerations for making this decision are found in [Technical and Business Versions](http://hl7.org/fhir/R4/resource.html#versions). 

In some cases, the resource can no longer be found at the stated url, but the url itself cannot change. Implementations can use the [meta.source](http://hl7.org/fhir/R4/resource.html#meta) element to indicate where the current master source of the resource can be found.","Allows the charge item definition to be referenced by a single globally unique identifier.","","","","","","","",,,,,"",,,,"ChargeItemDefinition.url",1,1,"","ele-1:All FHIR elements must have a @value or children {hasValue() or (children().count() > id.count())}
"
"pharmac-charge-item-definition","ChargeItemDefinition.identifier","ChargeItemDefinition.identifier","","","",0,*,"","","Y","Identifier {[]} {[]}
","Additional identifier for the charge item definition","A formal identifier that is used to identify this charge item definition when it is represented in other formats, or referenced in a specification, model, design or an instance.","Typically, this is used for identifiers that can go in an HL7 V3 II (instance identifier) data type, and can then identify this charge item definition outside of FHIR, where it is not possible to use the logical URI.","Allows externally provided and/or usable business identifiers to be easily associated with the module.","","","","","","","",,,,,"",,,,"ChargeItemDefinition.identifier",0,*,"","ele-1:All FHIR elements must have a @value or children {hasValue() or (children().count() > id.count())}
"
"pharmac-charge-item-definition","ChargeItemDefinition.version","ChargeItemDefinition.version","","","",0,1,"Y","","Y","string {[]} {[]}
","Version of this pricing definition","The business version of this pricing definition","There may be different charge item definition instances that have the same identifier but different versions.  The version can be appended to the url in a reference to allow a reference to a particular business version of the charge item definition with the format [url]|[version].","","","","","","","","",,,,,"",,,,"ChargeItemDefinition.version",0,1,"","ele-1:All FHIR elements must have a @value or children {hasValue() or (children().count() > id.count())}
"
"pharmac-charge-item-definition","ChargeItemDefinition.title","ChargeItemDefinition.title","","","",0,1,"Y","","Y","string {[]} {[]}
","Name for this pricing definition","A short, descriptive, user-friendly title for the charge item definition.","This name does not need to be machine-processing friendly and may contain punctuation, white-space, etc.","","","","","","","","",,,,,"",,,,"ChargeItemDefinition.title",0,1,"","ele-1:All FHIR elements must have a @value or children {hasValue() or (children().count() > id.count())}
"
"pharmac-charge-item-definition","ChargeItemDefinition.derivedFromUri","ChargeItemDefinition.derivedFromUri","","","",0,*,"","","Y","uri {[]} {[]}
","Underlying externally-defined charge item definition","The URL pointing to an externally-defined charge item definition that is adhered to in whole or in part by this definition.","","","","","","","","","",,,,,"",,,,"ChargeItemDefinition.derivedFromUri",0,*,"","ele-1:All FHIR elements must have a @value or children {hasValue() or (children().count() > id.count())}
"
"pharmac-charge-item-definition","ChargeItemDefinition.partOf","ChargeItemDefinition.partOf","","container
","",0,*,"","","Y","canonical {[]} {[CanonicalType[http://hl7.org/fhir/StructureDefinition/ChargeItemDefinition|4.0.1]]}
","A larger definition of which this particular definition is a component or step","A larger definition of which this particular definition is a component or step.","","","","","","","","","",,,,,"",,,,"ChargeItemDefinition.partOf",0,*,"","ele-1:All FHIR elements must have a @value or children {hasValue() or (children().count() > id.count())}
"
"pharmac-charge-item-definition","ChargeItemDefinition.replaces","ChargeItemDefinition.replaces","","supersedes
priorrenewed order","",0,*,"","","Y","canonical {[]} {[CanonicalType[http://hl7.org/fhir/StructureDefinition/ChargeItemDefinition|4.0.1]]}
","Completed or terminated request(s) whose function is taken by this new request","As new versions of a protocol or guideline are defined, allows identification of what versions are replaced by a new instance.","","","","","","","","","",,,,,"",,,,"ChargeItemDefinition.replaces",0,*,"","ele-1:All FHIR elements must have a @value or children {hasValue() or (children().count() > id.count())}
"
"pharmac-charge-item-definition","ChargeItemDefinition.status","ChargeItemDefinition.status","","","",1,1,"Y","Y","Y","code {[]} {[]}
","Status of this pricing definition","The current state of the ChargeItemDefinition.","Allows filtering of charge item definitions that are appropriate for use versus not.","","","","","","","","",,"required","The lifecycle status of an artifact.","http://hl7.org/fhir/ValueSet/publication-status|4.0.1","",,,,"ChargeItemDefinition.status",1,1,"","ele-1:All FHIR elements must have a @value or children {hasValue() or (children().count() > id.count())}
"
"pharmac-charge-item-definition","ChargeItemDefinition.experimental","ChargeItemDefinition.experimental","","","",0,1,"","","Y","boolean {[]} {[]}
","For testing purposes, not real usage","A Boolean value to indicate that this charge item definition is authored for testing purposes (or education/evaluation/marketing) and is not intended to be used for genuine usage.","Allows filtering of charge item definitions that are appropriate for use versus not.","Enables experimental content to be developed following the same lifecycle that would be used for a production-level charge item definition.","","","","","","","",,,,,"",,,,"ChargeItemDefinition.experimental",0,1,"","ele-1:All FHIR elements must have a @value or children {hasValue() or (children().count() > id.count())}
"
"pharmac-charge-item-definition","ChargeItemDefinition.date","ChargeItemDefinition.date","","Revision Date
","",0,1,"","","Y","dateTime {[]} {[]}
","Date last changed","The date  (and optionally time) when the charge item definition was published. The date must change when the business version changes and it must change if the status code changes. In addition, it should change when the substantive content of the charge item definition changes.","Note that this is not the same as the resource last-modified-date, since the resource may be a secondary representation of the charge item definition. Additional specific dates may be added as extensions or be found by consulting Provenances associated with past versions of the resource.","","","","","","","","",,,,,"",,,,"ChargeItemDefinition.date",0,1,"","ele-1:All FHIR elements must have a @value or children {hasValue() or (children().count() > id.count())}
"
"pharmac-charge-item-definition","ChargeItemDefinition.publisher","ChargeItemDefinition.publisher","","","",0,1,"Y","","Y","string {[]} {[]}
","Organization responsible for this pricing","The organization (typically PHARMAC) responsible for publishing and maintaining this pricing definition","Usually an organization but may be an individual. The publisher (or steward) of the charge item definition is the organization or individual primarily responsible for the maintenance and upkeep of the charge item definition. This is not necessarily the same individual or organization that developed and initially authored the content. The publisher is the primary point of contact for questions or issues with the charge item definition. This item SHOULD be populated unless the information is available from context.","Helps establish the ""authority/credibility"" of the charge item definition.  May also allow for contact.","","","","","","","",,,,,"",,,,"ChargeItemDefinition.publisher",0,1,"","ele-1:All FHIR elements must have a @value or children {hasValue() or (children().count() > id.count())}
"
"pharmac-charge-item-definition","ChargeItemDefinition.contact","ChargeItemDefinition.contact","","","",0,*,"Y","","Y","ContactDetail {[]} {[]}
","Contact details for the publisher","Contact information for inquiries or issues related to this pricing","May be a web site, an email address, a telephone number, etc.","","","","","","","","",,,,,"",,,,"ChargeItemDefinition.contact",0,*,"","ele-1:All FHIR elements must have a @value or children {hasValue() or (children().count() > id.count())}
"
"pharmac-charge-item-definition","ChargeItemDefinition.description","ChargeItemDefinition.description","","","",0,1,"Y","","Y","markdown {[]} {[]}
","Natural language description of pricing rules","A free text natural language description of the charge item definition from a consumer's perspective.","This description can be used to capture details such as why the charge item definition was built, comments about misuse, instructions for clinical use and interpretation, literature references, examples from the paper world, etc. It is not a rendering of the charge item definition as conveyed in the 'text' field of the resource itself. This item SHOULD be populated unless the information is available from context (e.g. the language of the charge item definition is presumed to be the predominant language in the place the charge item definition was created).","","","","","","","","",,,,,"",,,,"ChargeItemDefinition.description",0,1,"","ele-1:All FHIR elements must have a @value or children {hasValue() or (children().count() > id.count())}
"
"pharmac-charge-item-definition","ChargeItemDefinition.useContext","ChargeItemDefinition.useContext","","","",0,*,"","","Y","UsageContext {[]} {[]}
","The context that the content is intended to support","The content was developed with a focus and intent of supporting the contexts that are listed. These contexts may be general categories (gender, age, ...) or may be references to specific programs (insurance plans, studies, ...) and may be used to assist with indexing and searching for appropriate charge item definition instances.","When multiple useContexts are specified, there is no expectation that all or any of the contexts apply.","Assist in searching for appropriate content.","","","","","","","",,,,,"",,,,"ChargeItemDefinition.useContext",0,*,"","ele-1:All FHIR elements must have a @value or children {hasValue() or (children().count() > id.count())}
"
"pharmac-charge-item-definition","ChargeItemDefinition.jurisdiction","ChargeItemDefinition.jurisdiction","","","",0,*,"","","Y","CodeableConcept {[]} {[]}
","Intended jurisdiction for charge item definition (if applicable)","A legal or geographic region in which the charge item definition is intended to be used.","It may be possible for the charge item definition to be used in jurisdictions other than those for which it was originally designed or intended.","","","","","","","","",,"extensible","Countries and regions within which this artifact is targeted for use.","http://hl7.org/fhir/ValueSet/jurisdiction|4.0.1","",,,,"ChargeItemDefinition.jurisdiction",0,*,"","ele-1:All FHIR elements must have a @value or children {hasValue() or (children().count() > id.count())}
"
"pharmac-charge-item-definition","ChargeItemDefinition.copyright","ChargeItemDefinition.copyright","","License
Restrictions","",0,1,"","","","markdown {[]} {[]}
","Use and/or publishing restrictions","A copyright statement relating to the charge item definition and/or its contents. Copyright statements are generally legal restrictions on the use and publishing of the charge item definition.","","Consumers must be able to determine any legal restrictions on the use of the charge item definition and/or its content.","","","","","","","",,,,,"",,,,"ChargeItemDefinition.copyright",0,1,"","ele-1:All FHIR elements must have a @value or children {hasValue() or (children().count() > id.count())}
"
"pharmac-charge-item-definition","ChargeItemDefinition.approvalDate","ChargeItemDefinition.approvalDate","","","",0,1,"","","","date {[]} {[]}
","When the charge item definition was approved by publisher","The date on which the resource content was approved by the publisher. Approval happens once when the content is officially approved for usage.","The 'date' element may be more recent than the approval date because of minor changes or editorial corrections.","","","","","","","","",,,,,"",,,,"ChargeItemDefinition.approvalDate",0,1,"","ele-1:All FHIR elements must have a @value or children {hasValue() or (children().count() > id.count())}
"
"pharmac-charge-item-definition","ChargeItemDefinition.lastReviewDate","ChargeItemDefinition.lastReviewDate","","","",0,1,"","","","date {[]} {[]}
","When the charge item definition was last reviewed","The date on which the resource content was last reviewed. Review happens periodically after approval but does not change the original approval date.","If specified, this date follows the original approval date.","Gives a sense of how ""current"" the content is.  Resources that have not been reviewed in a long time may have a risk of being less appropriate/relevant.","","","","","","","",,,,,"",,,,"ChargeItemDefinition.lastReviewDate",0,1,"","ele-1:All FHIR elements must have a @value or children {hasValue() or (children().count() > id.count())}
"
"pharmac-charge-item-definition","ChargeItemDefinition.effectivePeriod","ChargeItemDefinition.effectivePeriod","","","",0,1,"","","Y","Period {[]} {[]}
","When the charge item definition is expected to be used","The period during which the charge item definition content was or is planned to be in active use.","The effective period for a charge item definition  determines when the content is applicable for usage and is independent of publication and review dates. For example, a measure intended to be used for the year 2016 might be published in 2015.","Allows establishing a transition before a resource comes into effect and also allows for a sunsetting  process when new versions of the charge item definition are or are expected to be used instead.","","","","","","","",,,,,"",,,,"ChargeItemDefinition.effectivePeriod",0,1,"","ele-1:All FHIR elements must have a @value or children {hasValue() or (children().count() > id.count())}
"
"pharmac-charge-item-definition","ChargeItemDefinition.code","ChargeItemDefinition.code","","","",0,1,"Y","","Y","CodeableConcept {[]} {[]}
","Classification or authorization code","Optional code for classifying this definition, such as a special authorization form code","","","","","","","","","",,"example","Billing Code defined by this ChargeItemDefinition.","http://hl7.org/fhir/ValueSet/chargeitem-billingcodes|4.0.1","",,,,"ChargeItemDefinition.code",0,1,"","ele-1:All FHIR elements must have a @value or children {hasValue() or (children().count() > id.count())}
"
"pharmac-charge-item-definition","ChargeItemDefinition.instance","ChargeItemDefinition.instance","","","",0,*,"Y","","","Reference {[]} {[CanonicalType[http://hl7.org/fhir/StructureDefinition/Medication], CanonicalType[http://hl7.org/fhir/StructureDefinition/Device]]}
","References to Medication or Device resources","Direct references to Medication resources that this pricing applies to. For DeviceDefinition, use the deviceDefinition extension instead since instance can only reference Device instances, not DeviceDefinition.","In case of highly customized, individually produced or fitted devices/substances, the pricing information may be different for each instance of the product. This reference links pricing details to specific product instances.","","","","","","","","",,,,,"",,,,"ChargeItemDefinition.instance",0,*,"","ele-1:All FHIR elements must have a @value or children {hasValue() or (children().count() > id.count())}
"
"pharmac-charge-item-definition","ChargeItemDefinition.applicability","ChargeItemDefinition.applicability","","","",0,*,"Y","","","BackboneElement {[]} {[]}
","Applicability rules for this pricing","Rules or conditions that determine when this pricing applies (e.g., patient eligibility, prescriber requirements, clinical criteria)","The applicability conditions can be used to ascertain whether a billing item is allowed in a specific context. E.g. some billing codes may only be applicable in out-patient settings, only to male/female patients or only to children.","","","","","","","","",,,,,"",,,,"ChargeItemDefinition.applicability",0,*,"","ele-1:All FHIR elements must have a @value or children {hasValue() or (children().count() > id.count())}
"
"pharmac-charge-item-definition","ChargeItemDefinition.applicability.id","ChargeItemDefinition.applicability.id","","","",0,1,"","","","string {[]} {[]}
","Unique id for inter-element referencing","Unique id for the element within a resource (for internal references). This may be any string value that does not contain spaces.","","","","","","","","","",,,,,"",,,,"Element.id",0,1,"",""
"pharmac-charge-item-definition","ChargeItemDefinition.applicability.extension","ChargeItemDefinition.applicability.extension","","extensions
user content","",0,*,"","","","Extension {[]} {[]}
","Additional content defined by implementations","May be used to represent additional information that is not part of the basic definition of the element. To make the use of extensions safe and manageable, there is a strict set of governance  applied to the definition and use of extensions. Though any implementer can define an extension, there is a set of requirements that SHALL be met as part of the definition of the extension.","There can be no stigma associated with the use of extensions by any application, project, or standard - regardless of the institution or jurisdiction that uses or defines the extensions.  The use of extensions is what allows the FHIR specification to retain a core level of simplicity for everyone.","","","","","","","","",,,,,"",,,,"Element.extension",0,*,"","ele-1:All FHIR elements must have a @value or children {hasValue() or (children().count() > id.count())}
ext-1:Must have either extensions or value[x], not both {extension.exists() != value.exists()}"
"pharmac-charge-item-definition","ChargeItemDefinition.applicability.modifierExtension","ChargeItemDefinition.applicability.modifierExtension","","extensions
user contentmodifiers","",0,*,"","Y","Y","Extension {[]} {[]}
","Extensions that cannot be ignored even if unrecognized","May be used to represent additional information that is not part of the basic definition of the element and that modifies the understanding of the element in which it is contained and/or the understanding of the containing element's descendants. Usually modifier elements provide negation or qualification. To make the use of extensions safe and manageable, there is a strict set of governance applied to the definition and use of extensions. Though any implementer can define an extension, there is a set of requirements that SHALL be met as part of the definition of the extension. Applications processing a resource are required to check for modifier extensions.

Modifier extensions SHALL NOT change the meaning of any elements on Resource or DomainResource (including cannot change the meaning of modifierExtension itself).","There can be no stigma associated with the use of extensions by any application, project, or standard - regardless of the institution or jurisdiction that uses or defines the extensions.  The use of extensions is what allows the FHIR specification to retain a core level of simplicity for everyone.","Modifier extensions allow for extensions that *cannot* be safely ignored to be clearly distinguished from the vast majority of extensions which can be safely ignored.  This promotes interoperability by eliminating the need for implementers to prohibit the presence of extensions. For further information, see the [definition of modifier extensions](http://hl7.org/fhir/R4/extensibility.html#modifierExtension).","","","","","","","",,,,,"",,,,"BackboneElement.modifierExtension",0,*,"","ele-1:All FHIR elements must have a @value or children {hasValue() or (children().count() > id.count())}
ext-1:Must have either extensions or value[x], not both {extension.exists() != value.exists()}"
"pharmac-charge-item-definition","ChargeItemDefinition.applicability.description","ChargeItemDefinition.applicability.description","","","",1,1,"","","","string {[]} {[]}
","Natural language description of the rule","A human-readable description of when this applicability rule applies","","","","","","","","","",,,,,"",,,,"ChargeItemDefinition.applicability.description",0,1,"","ele-1:All FHIR elements must have a @value or children {hasValue() or (children().count() > id.count())}
"
"pharmac-charge-item-definition","ChargeItemDefinition.applicability.language","ChargeItemDefinition.applicability.language","","","",0,1,"","","","string {[]} {[]}
","Expression language","The language in which the expression is written (e.g., 'text/cql' for Clinical Quality Language)","","","","","","","","","",,,,,"",,,,"ChargeItemDefinition.applicability.language",0,1,"","ele-1:All FHIR elements must have a @value or children {hasValue() or (children().count() > id.count())}
"
"pharmac-charge-item-definition","ChargeItemDefinition.applicability.expression","ChargeItemDefinition.applicability.expression","","","",0,1,"","","","string {[]} {[]}
","Expression code","The formal expression defining the condition (e.g., CQL expression for clinical criteria)","Please note that FHIRPath Expressions can only be evaluated in the scope of the current ChargeItem resource to which this definition is being applied.
FHIRPath expressions can traverse into other resources linked from the ChargeItem resource, however, testing rules such as that a billing code may be billed only once per encounter need a wider scope. In such scenarios, CQL may be the appropriate choice.","","","","","","","","",,,,,"",,,,"ChargeItemDefinition.applicability.expression",0,1,"","ele-1:All FHIR elements must have a @value or children {hasValue() or (children().count() > id.count())}
"
"pharmac-charge-item-definition","ChargeItemDefinition.propertyGroup","ChargeItemDefinition.propertyGroup","","","",0,*,"Y","","","BackboneElement {[]} {[]}
","Pricing components (listed price, subsidy, patient co-payment)","Group of pricing properties including listed price, PHARMAC subsidy, and patient co-payment amounts","","","","","","","","","",,,,,"",,,,"ChargeItemDefinition.propertyGroup",0,*,"","ele-1:All FHIR elements must have a @value or children {hasValue() or (children().count() > id.count())}
"
"pharmac-charge-item-definition","ChargeItemDefinition.propertyGroup.id","ChargeItemDefinition.propertyGroup.id","","","",0,1,"","","","string {[]} {[]}
","Unique id for inter-element referencing","Unique id for the element within a resource (for internal references). This may be any string value that does not contain spaces.","","","","","","","","","",,,,,"",,,,"Element.id",0,1,"",""
"pharmac-charge-item-definition","ChargeItemDefinition.propertyGroup.extension","ChargeItemDefinition.propertyGroup.extension","","extensions
user content","",0,*,"","","","Extension {[]} {[]}
","Additional content defined by implementations","May be used to represent additional information that is not part of the basic definition of the element. To make the use of extensions safe and manageable, there is a strict set of governance  applied to the definition and use of extensions. Though any implementer can define an extension, there is a set of requirements that SHALL be met as part of the definition of the extension.","There can be no stigma associated with the use of extensions by any application, project, or standard - regardless of the institution or jurisdiction that uses or defines the extensions.  The use of extensions is what allows the FHIR specification to retain a core level of simplicity for everyone.","","","","","","","","",,,,,"",,,,"Element.extension",0,*,"","ele-1:All FHIR elements must have a @value or children {hasValue() or (children().count() > id.count())}
ext-1:Must have either extensions or value[x], not both {extension.exists() != value.exists()}"
"pharmac-charge-item-definition","ChargeItemDefinition.propertyGroup.modifierExtension","ChargeItemDefinition.propertyGroup.modifierExtension","","extensions
user contentmodifiers","",0,*,"","Y","Y","Extension {[]} {[]}
","Extensions that cannot be ignored even if unrecognized","May be used to represent additional information that is not part of the basic definition of the element and that modifies the understanding of the element in which it is contained and/or the understanding of the containing element's descendants. Usually modifier elements provide negation or qualification. To make the use of extensions safe and manageable, there is a strict set of governance applied to the definition and use of extensions. Though any implementer can define an extension, there is a set of requirements that SHALL be met as part of the definition of the extension. Applications processing a resource are required to check for modifier extensions.

Modifier extensions SHALL NOT change the meaning of any elements on Resource or DomainResource (including cannot change the meaning of modifierExtension itself).","There can be no stigma associated with the use of extensions by any application, project, or standard - regardless of the institution or jurisdiction that uses or defines the extensions.  The use of extensions is what allows the FHIR specification to retain a core level of simplicity for everyone.","Modifier extensions allow for extensions that *cannot* be safely ignored to be clearly distinguished from the vast majority of extensions which can be safely ignored.  This promotes interoperability by eliminating the need for implementers to prohibit the presence of extensions. For further information, see the [definition of modifier extensions](http://hl7.org/fhir/R4/extensibility.html#modifierExtension).","","","","","","","",,,,,"",,,,"BackboneElement.modifierExtension",0,*,"","ele-1:All FHIR elements must have a @value or children {hasValue() or (children().count() > id.count())}
ext-1:Must have either extensions or value[x], not both {extension.exists() != value.exists()}"
"pharmac-charge-item-definition","ChargeItemDefinition.propertyGroup.applicability","ChargeItemDefinition.propertyGroup.applicability","","","",0,*,"","","","BackboneElement {[]} {[]}
","Applicability for this property group","Rules for when this set of price components applies (e.g., 'Community pricing' vs 'Alternative pricing')","The applicability conditions can be used to ascertain whether a billing item is allowed in a specific context. E.g. some billing codes may only be applicable in out-patient settings, only to male/female patients or only to children.","","","","","","","","",,,,,"",,,,"ChargeItemDefinition.propertyGroup.applicability",0,*,"","ele-1:All FHIR elements must have a @value or children {hasValue() or (children().count() > id.count())}
"
"pharmac-charge-item-definition","ChargeItemDefinition.propertyGroup.applicability.id","ChargeItemDefinition.propertyGroup.applicability.id","","","",0,1,"","","","string {[]} {[]}
","Unique id for inter-element referencing","Unique id for the element within a resource (for internal references). This may be any string value that does not contain spaces.","","","","","","","","","",,,,,"",,,,"Element.id",0,1,"",""
"pharmac-charge-item-definition","ChargeItemDefinition.propertyGroup.applicability.extension","ChargeItemDefinition.propertyGroup.applicability.extension","","extensions
user content","",0,*,"","","","Extension {[]} {[]}
","Additional content defined by implementations","May be used to represent additional information that is not part of the basic definition of the element. To make the use of extensions safe and manageable, there is a strict set of governance  applied to the definition and use of extensions. Though any implementer can define an extension, there is a set of requirements that SHALL be met as part of the definition of the extension.","There can be no stigma associated with the use of extensions by any application, project, or standard - regardless of the institution or jurisdiction that uses or defines the extensions.  The use of extensions is what allows the FHIR specification to retain a core level of simplicity for everyone.","","","","","","","","",,,,,"",,,,"Element.extension",0,*,"","ele-1:All FHIR elements must have a @value or children {hasValue() or (children().count() > id.count())}
ext-1:Must have either extensions or value[x], not both {extension.exists() != value.exists()}"
"pharmac-charge-item-definition","ChargeItemDefinition.propertyGroup.applicability.modifierExtension","ChargeItemDefinition.propertyGroup.applicability.modifierExtension","","extensions
user contentmodifiers","",0,*,"","Y","Y","Extension {[]} {[]}
","Extensions that cannot be ignored even if unrecognized","May be used to represent additional information that is not part of the basic definition of the element and that modifies the understanding of the element in which it is contained and/or the understanding of the containing element's descendants. Usually modifier elements provide negation or qualification. To make the use of extensions safe and manageable, there is a strict set of governance applied to the definition and use of extensions. Though any implementer can define an extension, there is a set of requirements that SHALL be met as part of the definition of the extension. Applications processing a resource are required to check for modifier extensions.

Modifier extensions SHALL NOT change the meaning of any elements on Resource or DomainResource (including cannot change the meaning of modifierExtension itself).","There can be no stigma associated with the use of extensions by any application, project, or standard - regardless of the institution or jurisdiction that uses or defines the extensions.  The use of extensions is what allows the FHIR specification to retain a core level of simplicity for everyone.","Modifier extensions allow for extensions that *cannot* be safely ignored to be clearly distinguished from the vast majority of extensions which can be safely ignored.  This promotes interoperability by eliminating the need for implementers to prohibit the presence of extensions. For further information, see the [definition of modifier extensions](http://hl7.org/fhir/R4/extensibility.html#modifierExtension).","","","","","","","",,,,,"",,,,"BackboneElement.modifierExtension",0,*,"","ele-1:All FHIR elements must have a @value or children {hasValue() or (children().count() > id.count())}
ext-1:Must have either extensions or value[x], not both {extension.exists() != value.exists()}"
"pharmac-charge-item-definition","ChargeItemDefinition.propertyGroup.applicability.description","ChargeItemDefinition.propertyGroup.applicability.description","","","",1,1,"","","","string {[]} {[]}
","Natural language description of the condition","A brief, natural language description of the condition that effectively communicates the intended semantics.","","","","","","","","","",,,,,"",,,,"ChargeItemDefinition.applicability.description",0,1,"","ele-1:All FHIR elements must have a @value or children {hasValue() or (children().count() > id.count())}
"
"pharmac-charge-item-definition","ChargeItemDefinition.propertyGroup.applicability.language","ChargeItemDefinition.propertyGroup.applicability.language","","","",0,1,"","","","string {[]} {[]}
","Language of the expression","The media type of the language for the expression, e.g. ""text/cql"" for Clinical Query Language expressions or ""text/fhirpath"" for FHIRPath expressions.","","","","","","","","","",,,,,"",,,,"ChargeItemDefinition.applicability.language",0,1,"","ele-1:All FHIR elements must have a @value or children {hasValue() or (children().count() > id.count())}
"
"pharmac-charge-item-definition","ChargeItemDefinition.propertyGroup.applicability.expression","ChargeItemDefinition.propertyGroup.applicability.expression","","","",0,1,"","","","string {[]} {[]}
","Boolean-valued expression","An expression that returns true or false, indicating whether the condition is satisfied. When using FHIRPath expressions, the %context environment variable must be replaced at runtime with the ChargeItem resource to which this definition is applied.","Please note that FHIRPath Expressions can only be evaluated in the scope of the current ChargeItem resource to which this definition is being applied.
FHIRPath expressions can traverse into other resources linked from the ChargeItem resource, however, testing rules such as that a billing code may be billed only once per encounter need a wider scope. In such scenarios, CQL may be the appropriate choice.","","","","","","","","",,,,,"",,,,"ChargeItemDefinition.applicability.expression",0,1,"","ele-1:All FHIR elements must have a @value or children {hasValue() or (children().count() > id.count())}
"
"pharmac-charge-item-definition","ChargeItemDefinition.propertyGroup.priceComponent","ChargeItemDefinition.propertyGroup.priceComponent","","","",0,*,"Y","","","BackboneElement {[]} {[]}
","Pricing components (base price, discounts, surcharges, informational amounts)","Components that make up the pricing structure (listed price, PHARMAC subsidy, patient surcharge, patient co-payment, alternative pricing)","","","","","","","","","",,,,,"",,,,"ChargeItemDefinition.propertyGroup.priceComponent",0,*,"","ele-1:All FHIR elements must have a @value or children {hasValue() or (children().count() > id.count())}
"
"pharmac-charge-item-definition","ChargeItemDefinition.propertyGroup.priceComponent.id","ChargeItemDefinition.propertyGroup.priceComponent.id","","","",0,1,"","","","string {[]} {[]}
","Unique id for inter-element referencing","Unique id for the element within a resource (for internal references). This may be any string value that does not contain spaces.","","","","","","","","","",,,,,"",,,,"Element.id",0,1,"",""
"pharmac-charge-item-definition","ChargeItemDefinition.propertyGroup.priceComponent.extension","ChargeItemDefinition.propertyGroup.priceComponent.extension","","extensions
user content","",0,*,"","","","Extension {[]} {[]}
","Additional content defined by implementations","May be used to represent additional information that is not part of the basic definition of the element. To make the use of extensions safe and manageable, there is a strict set of governance  applied to the definition and use of extensions. Though any implementer can define an extension, there is a set of requirements that SHALL be met as part of the definition of the extension.","There can be no stigma associated with the use of extensions by any application, project, or standard - regardless of the institution or jurisdiction that uses or defines the extensions.  The use of extensions is what allows the FHIR specification to retain a core level of simplicity for everyone.","","","","","","","","",,,,,"",,,,"Element.extension",0,*,"","ele-1:All FHIR elements must have a @value or children {hasValue() or (children().count() > id.count())}
ext-1:Must have either extensions or value[x], not both {extension.exists() != value.exists()}"
"pharmac-charge-item-definition","ChargeItemDefinition.propertyGroup.priceComponent.modifierExtension","ChargeItemDefinition.propertyGroup.priceComponent.modifierExtension","","extensions
user contentmodifiers","",0,*,"","Y","Y","Extension {[]} {[]}
","Extensions that cannot be ignored even if unrecognized","May be used to represent additional information that is not part of the basic definition of the element and that modifies the understanding of the element in which it is contained and/or the understanding of the containing element's descendants. Usually modifier elements provide negation or qualification. To make the use of extensions safe and manageable, there is a strict set of governance applied to the definition and use of extensions. Though any implementer can define an extension, there is a set of requirements that SHALL be met as part of the definition of the extension. Applications processing a resource are required to check for modifier extensions.

Modifier extensions SHALL NOT change the meaning of any elements on Resource or DomainResource (including cannot change the meaning of modifierExtension itself).","There can be no stigma associated with the use of extensions by any application, project, or standard - regardless of the institution or jurisdiction that uses or defines the extensions.  The use of extensions is what allows the FHIR specification to retain a core level of simplicity for everyone.","Modifier extensions allow for extensions that *cannot* be safely ignored to be clearly distinguished from the vast majority of extensions which can be safely ignored.  This promotes interoperability by eliminating the need for implementers to prohibit the presence of extensions. For further information, see the [definition of modifier extensions](http://hl7.org/fhir/R4/extensibility.html#modifierExtension).","","","","","","","",,,,,"",,,,"BackboneElement.modifierExtension",0,*,"","ele-1:All FHIR elements must have a @value or children {hasValue() or (children().count() > id.count())}
ext-1:Must have either extensions or value[x], not both {extension.exists() != value.exists()}"
"pharmac-charge-item-definition","ChargeItemDefinition.propertyGroup.priceComponent.type","ChargeItemDefinition.propertyGroup.priceComponent.type","","","",1,1,"Y","","","code {[]} {[]}
","Type of price component","base = primary price; discount = reduction (subsidy); surcharge = addition to base; informational = calculated/derived value","","","","","","","","","",,"required","Codes indicating the kind of the price component.","http://hl7.org/fhir/ValueSet/invoice-priceComponentType|4.0.1","",,,,"ChargeItemDefinition.propertyGroup.priceComponent.type",1,1,"","ele-1:All FHIR elements must have a @value or children {hasValue() or (children().count() > id.count())}
"
"pharmac-charge-item-definition","ChargeItemDefinition.propertyGroup.priceComponent.code","ChargeItemDefinition.propertyGroup.priceComponent.code","","","",1,1,"","","","CodeableConcept {[]} {[]}
","Code identifying the specific component","A code that identifies the component. Codes may be used to differentiate between kinds of taxes, surcharges, discounts etc.","","","","","","","","","",,,,,"",,,,"ChargeItemDefinition.propertyGroup.priceComponent.code",0,1,"","ele-1:All FHIR elements must have a @value or children {hasValue() or (children().count() > id.count())}
"
"pharmac-charge-item-definition","ChargeItemDefinition.propertyGroup.priceComponent.code.id","ChargeItemDefinition.propertyGroup.priceComponent.code.id","","","",0,1,"","","","string {[]} {[]}
","Unique id for inter-element referencing","Unique id for the element within a resource (for internal references). This may be any string value that does not contain spaces.","","","","","","","","","",,,,,"",,,,"Element.id",0,1,"",""
"pharmac-charge-item-definition","ChargeItemDefinition.propertyGroup.priceComponent.code.extension","ChargeItemDefinition.propertyGroup.priceComponent.code.extension","","extensions
user content","",0,*,"","","","Extension {[]} {[]}
","Additional content defined by implementations","May be used to represent additional information that is not part of the basic definition of the element. To make the use of extensions safe and manageable, there is a strict set of governance  applied to the definition and use of extensions. Though any implementer can define an extension, there is a set of requirements that SHALL be met as part of the definition of the extension.","There can be no stigma associated with the use of extensions by any application, project, or standard - regardless of the institution or jurisdiction that uses or defines the extensions.  The use of extensions is what allows the FHIR specification to retain a core level of simplicity for everyone.","","","","","","","","",,,,,"","value:url}
","Extensions are always sliced by (at least) url",,"open","Element.extension",0,*,"","ele-1:All FHIR elements must have a @value or children {hasValue() or (children().count() > id.count())}
ext-1:Must have either extensions or value[x], not both {extension.exists() != value.exists()}"
"pharmac-charge-item-definition","ChargeItemDefinition.propertyGroup.priceComponent.code.coding","ChargeItemDefinition.propertyGroup.priceComponent.code.coding","","","",0,*,"","","Y","Coding {[]} {[]}
","Code defined by a terminology system","A reference to a code defined by a terminology system.","Codes may be defined very casually in enumerations, or code lists, up to very formal definitions such as SNOMED CT - see the HL7 v3 Core Principles for more information.  Ordering of codings is undefined and SHALL NOT be used to infer meaning. Generally, at most only one of the coding values will be labeled as UserSelected = true.","Allows for alternative encodings within a code system, and translations to other code systems.","","","","","","","",,,,,"",,,,"CodeableConcept.coding",0,*,"","ele-1:All FHIR elements must have a @value or children {hasValue() or (children().count() > id.count())}
"
"pharmac-charge-item-definition","ChargeItemDefinition.propertyGroup.priceComponent.code.text","ChargeItemDefinition.propertyGroup.priceComponent.code.text","","","",1,1,"","","Y","string {[]} {[]}
","Component label (e.g., 'Listed Price', 'PHARMAC Subsidy', 'Patient Cost')","Human-readable name for this pricing component","Very often the text is the same as a displayName of one of the codings.","The codes from the terminologies do not always capture the correct meaning with all the nuances of the human using them, or sometimes there is no appropriate code at all. In these cases, the text is used to capture the full meaning of the source.","","","","","","","",,,,,"",,,,"CodeableConcept.text",0,1,"","ele-1:All FHIR elements must have a @value or children {hasValue() or (children().count() > id.count())}
"
"pharmac-charge-item-definition","ChargeItemDefinition.propertyGroup.priceComponent.factor","ChargeItemDefinition.propertyGroup.priceComponent.factor","","","",0,1,"","","","decimal {[]} {[]}
","Factor used for calculating this component","The factor that has been applied on the base price for calculating this component.","","","","","","","","","",,,,,"",,,,"ChargeItemDefinition.propertyGroup.priceComponent.factor",0,1,"","ele-1:All FHIR elements must have a @value or children {hasValue() or (children().count() > id.count())}
"
"pharmac-charge-item-definition","ChargeItemDefinition.propertyGroup.priceComponent.amount","ChargeItemDefinition.propertyGroup.priceComponent.amount","","","",1,1,"","","","Money {[]} {[]}
","Component amount","The monetary amount for this component (value and currency)","","","","","","","","","",,,,,"",,,,"ChargeItemDefinition.propertyGroup.priceComponent.amount",0,1,"","ele-1:All FHIR elements must have a @value or children {hasValue() or (children().count() > id.count())}
"
"pharmac-is-primary-coding","Extension","Extension","","","",0,*,"","","","null {[]} {[]}
","Pharmac Is Primary Coding","Marks the primary pharmac subsidy coding within Medication.code.coding.","","","","","","","","","",,,,,"",,,,"Extension",0,*,"ele-1
","ele-1:All FHIR elements must have a @value or children {hasValue() or (children().count() > id.count())}
ext-1:Must have either extensions or value[x], not both {extension.exists() != value.exists()}"
"pharmac-is-primary-coding","Extension.id","Extension.id","","","",0,1,"","","","string {[]} {[]}
","Unique id for inter-element referencing","Unique id for the element within a resource (for internal references). This may be any string value that does not contain spaces.","","","","","","","","","",,,,,"",,,,"Element.id",0,1,"",""
"pharmac-is-primary-coding","Extension.extension","Extension.extension","","","",0,0,"","","","Extension {[]} {[]}
","Extension","An Extension","","","","","","","","","",,,,,"","value:url}
","Extensions are always sliced by (at least) url",,"open","Element.extension",0,*,"","ele-1:All FHIR elements must have a @value or children {hasValue() or (children().count() > id.count())}
ext-1:Must have either extensions or value[x], not both {extension.exists() != value.exists()}"
"pharmac-is-primary-coding","Extension.url","Extension.url","","","",1,1,"","","","uri {[]} {[]}
","identifies the meaning of the extension","Source of the definition for the extension code - a logical name or a URL.","The definition may point directly to a computable or human-readable definition of the extensibility codes, or it may be a logical URI as declared in some other specification. The definition SHALL be a URI for the Structure Definition defining the extension.","","","","<valueUri xmlns=""http://hl7.org/fhir"" value=""https://fhir-ig.digital.health.nz/pharmac-schedules/StructureDefinition/pharmac-is-primary-coding""/>","","","","",,,,,"",,,,"Extension.url",1,1,"",""
"pharmac-is-primary-coding","Extension.value[x]","Extension.value[x]","","","",0,1,"","","","boolean {[]} {[]}
","Whether this coding is the primary coding","Value of extension - must be one of a constrained set of the data types (see [Extensibility](http://hl7.org/fhir/R4/extensibility.html) for a list).","","","","","","","","","",,,,,"",,,,"Extension.value[x]",0,1,"","ele-1:All FHIR elements must have a @value or children {hasValue() or (children().count() > id.count())}
"
"pharmac-medication","Medication","Medication","","","",0,*,"","","","null {[]} {[]}
","Definition of a Medication","This resource is primarily used for the identification and definition of a medication for the purposes of prescribing, dispensing, and administering a medication as well as for making statements about medication use.","","","","","","","","","",,,,,"",,,,"Medication",0,*,"","dom-2:If the resource is contained in another resource, it SHALL NOT contain nested Resources {contained.contained.empty()}
dom-3:If the resource is contained in another resource, it SHALL be referred to from elsewhere in the resource or SHALL refer to the containing resource {contained.where((('#'+id in (%resource.descendants().reference | %resource.descendants().as(canonical) | %resource.descendants().as(uri) | %resource.descendants().as(url))) or descendants().where(reference = '#').exists() or descendants().where(as(canonical) = '#').exists() or descendants().where(as(canonical) = '#').exists()).not()).trace('unmatched', id).empty()}dom-4:If a resource is contained in another resource, it SHALL NOT have a meta.versionId or a meta.lastUpdated {contained.meta.versionId.empty() and contained.meta.lastUpdated.empty()}dom-5:If a resource is contained in another resource, it SHALL NOT have a security label {contained.meta.security.empty()}dom-6:A resource should have narrative for robust management {text.`div`.exists()}"
"pharmac-medication","Medication.id","Medication.id","","","",0,1,"","","Y","id {[]} {[]}
","Logical id of this artifact","The logical id of the resource, as used in the URL for the resource. Once assigned, this value never changes.","The only time that a resource does not have an id is when it is being submitted to the server using a create operation.","","","","","","","","",,,,,"",,,,"Resource.id",0,1,"",""
"pharmac-medication","Medication.meta","Medication.meta","","","",0,1,"","","Y","Meta {[]} {[]}
","Metadata about the resource","The metadata about the resource. This is content that is maintained by the infrastructure. Changes to the content might not always be associated with version changes to the resource.","","","","","","","","","",,,,,"",,,,"Resource.meta",0,1,"","ele-1:All FHIR elements must have a @value or children {hasValue() or (children().count() > id.count())}
"
"pharmac-medication","Medication.implicitRules","Medication.implicitRules","","","",0,1,"","Y","Y","uri {[]} {[]}
","A set of rules under which this content was created","A reference to a set of rules that were followed when the resource was constructed, and which must be understood when processing the content. Often, this is a reference to an implementation guide that defines the special rules along with other profiles etc.","Asserting this rule set restricts the content to be only understood by a limited set of trading partners. This inherently limits the usefulness of the data in the long term. However, the existing health eco-system is highly fractured, and not yet ready to define, collect, and exchange data in a generally computable sense. Wherever possible, implementers and/or specification writers should avoid using this element. Often, when used, the URL is a reference to an implementation guide that defines these special rules as part of it's narrative along with other profiles, value sets, etc.","","","","","","","","",,,,,"",,,,"Resource.implicitRules",0,1,"","ele-1:All FHIR elements must have a @value or children {hasValue() or (children().count() > id.count())}
"
"pharmac-medication","Medication.language","Medication.language","","","",0,1,"","","","code {[]} {[]}
","Language of the resource content","The base language in which the resource is written.","Language is provided to support indexing and accessibility (typically, services such as text to speech use the language tag). The html language tag in the narrative applies  to the narrative. The language tag on the resource may be used to specify the language of other presentations generated from the data in the resource. Not all the content has to be in the base language. The Resource.language should not be assumed to apply to the narrative automatically. If a language is specified, it should it also be specified on the div element in the html (see rules in HTML5 for information about the relationship between xml:lang and the html lang attribute).","","","","","","","","",,"preferred","A human language.","http://hl7.org/fhir/ValueSet/languages|4.0.1","",,,,"Resource.language",0,1,"","ele-1:All FHIR elements must have a @value or children {hasValue() or (children().count() > id.count())}
"
"pharmac-medication","Medication.text","Medication.text","","narrative
htmlxhtmldisplay","",0,1,"","","","Narrative {[]} {[]}
","Text summary of the resource, for human interpretation","A human-readable narrative that contains a summary of the resource and can be used to represent the content of the resource to a human. The narrative need not encode all the structured data, but is required to contain sufficient detail to make it ""clinically safe"" for a human to just read the narrative. Resource definitions may define what content should be represented in the narrative to ensure clinical safety.","Contained resources do not have narrative. Resources that are not contained SHOULD have a narrative. In some cases, a resource may only have text with little or no additional discrete data (as long as all minOccurs=1 elements are satisfied).  This may be necessary for data from legacy systems where information is captured as a ""text blob"" or where text is additionally entered raw or narrated and encoded information is added later.","","","","","","","","",,,,,"",,,,"DomainResource.text",0,1,"","ele-1:All FHIR elements must have a @value or children {hasValue() or (children().count() > id.count())}
"
"pharmac-medication","Medication.contained","Medication.contained","","inline resources
anonymous resourcescontained resources","",0,*,"","","","Resource {[]} {[]}
","Contained, inline Resources","These resources do not have an independent existence apart from the resource that contains them - they cannot be identified independently, and nor can they have their own independent transaction scope.","This should never be done when the content can be identified properly, as once identification is lost, it is extremely difficult (and context dependent) to restore it again. Contained resources may have profiles and tags In their meta elements, but SHALL NOT have security labels.","","","","","","","","",,,,,"",,,,"DomainResource.contained",0,*,"",""
"pharmac-medication","Medication.extension","Medication.extension","","","",0,*,"","","","Extension {[]} {[]}
","Extension","An Extension","","","","","","","","","",,,,,"","value:url}
","",,"open","DomainResource.extension",0,*,"","ele-1:All FHIR elements must have a @value or children {hasValue() or (children().count() > id.count())}
ext-1:Must have either extensions or value[x], not both {extension.exists() != value.exists()}"
"pharmac-medication","Medication.extension:MedicationNZMTType","Medication.extension","MedicationNZMTType","","",0,1,"Y","","","Extension {[CanonicalType[https://fhir-ig.digital.health.nz/pharmac-schedules/StructureDefinition/medication-nzmt-type]]} {[]}
","NZMT type","NZMT concept type for the medication code (e.g., CTPP).","","","","","","","","","",,,,,"",,,,"DomainResource.extension",0,*,"ele-1
","ele-1:All FHIR elements must have a @value or children {hasValue() or (children().count() > id.count())}
ext-1:Must have either extensions or value[x], not both {extension.exists() != value.exists()}"
"pharmac-medication","Medication.extension:MedicationDescription","Medication.extension","MedicationDescription","","",0,1,"Y","","","Extension {[CanonicalType[https://fhir-ig.digital.health.nz/pharmac-schedules/StructureDefinition/medication-description]]} {[]}
","Medication description","Structured description fields (type and term) for the medication.","","","","","","","","","",,,,,"",,,,"DomainResource.extension",0,*,"ele-1
","ele-1:All FHIR elements must have a @value or children {hasValue() or (children().count() > id.count())}
ext-1:Must have either extensions or value[x], not both {extension.exists() != value.exists()}"
"pharmac-medication","Medication.extension:MedicationATC","Medication.extension","MedicationATC","","",0,1,"Y","","","Extension {[CanonicalType[https://fhir-ig.digital.health.nz/pharmac-schedules/StructureDefinition/medication-atc]]} {[]}
","ATC code","ATC code and display for the medication.","","","","","","","","","",,,,,"",,,,"DomainResource.extension",0,*,"ele-1
","ele-1:All FHIR elements must have a @value or children {hasValue() or (children().count() > id.count())}
ext-1:Must have either extensions or value[x], not both {extension.exists() != value.exists()}"
"pharmac-medication","Medication.extension:MedicationPack","Medication.extension","MedicationPack","","",0,1,"Y","","","Extension {[CanonicalType[https://fhir-ig.digital.health.nz/pharmac-schedules/StructureDefinition/medication-pack]]} {[]}
","Pack details","Structured pack details including NZMT medicine code, quantity, and size.","","","","","","","","","",,,,,"",,,,"DomainResource.extension",0,*,"ele-1
","ele-1:All FHIR elements must have a @value or children {hasValue() or (children().count() > id.count())}
ext-1:Must have either extensions or value[x], not both {extension.exists() != value.exists()}"
"pharmac-medication","Medication.extension:MedicationPrice","Medication.extension","MedicationPrice","","",0,1,"Y","","","Extension {[CanonicalType[https://fhir-ig.digital.health.nz/pharmac-schedules/StructureDefinition/medication-price]]} {[]}
","Medication price","Medication-level schedule date and display price information.","","","","","","","","","",,,,,"",,,,"DomainResource.extension",0,*,"ele-1
","ele-1:All FHIR elements must have a @value or children {hasValue() or (children().count() > id.count())}
ext-1:Must have either extensions or value[x], not both {extension.exists() != value.exists()}"
"pharmac-medication","Medication.extension:MedicationLegalClass","Medication.extension","MedicationLegalClass","","",0,1,"Y","","","Extension {[CanonicalType[https://fhir-ig.digital.health.nz/pharmac-schedules/StructureDefinition/medication-legal-class]]} {[]}
","Legal class code","Structured legal class coding for the medication.","","","","","","","","","",,,,,"",,,,"DomainResource.extension",0,*,"ele-1
","ele-1:All FHIR elements must have a @value or children {hasValue() or (children().count() > id.count())}
ext-1:Must have either extensions or value[x], not both {extension.exists() != value.exists()}"
"pharmac-medication","Medication.modifierExtension","Medication.modifierExtension","","extensions
user content","",0,*,"","Y","","Extension {[]} {[]}
","Extensions that cannot be ignored","May be used to represent additional information that is not part of the basic definition of the resource and that modifies the understanding of the element that contains it and/or the understanding of the containing element's descendants. Usually modifier elements provide negation or qualification. To make the use of extensions safe and manageable, there is a strict set of governance applied to the definition and use of extensions. Though any implementer is allowed to define an extension, there is a set of requirements that SHALL be met as part of the definition of the extension. Applications processing a resource are required to check for modifier extensions.

Modifier extensions SHALL NOT change the meaning of any elements on Resource or DomainResource (including cannot change the meaning of modifierExtension itself).","There can be no stigma associated with the use of extensions by any application, project, or standard - regardless of the institution or jurisdiction that uses or defines the extensions.  The use of extensions is what allows the FHIR specification to retain a core level of simplicity for everyone.","Modifier extensions allow for extensions that *cannot* be safely ignored to be clearly distinguished from the vast majority of extensions which can be safely ignored.  This promotes interoperability by eliminating the need for implementers to prohibit the presence of extensions. For further information, see the [definition of modifier extensions](http://hl7.org/fhir/R4/extensibility.html#modifierExtension).","","","","","","","",,,,,"",,,,"DomainResource.modifierExtension",0,*,"","ele-1:All FHIR elements must have a @value or children {hasValue() or (children().count() > id.count())}
ext-1:Must have either extensions or value[x], not both {extension.exists() != value.exists()}"
"pharmac-medication","Medication.identifier","Medication.identifier","","","",0,*,"","","Y","Identifier {[]} {[]}
","Business identifier for this medication","Business identifier for this medication.","The serial number could be included as an identifier.","","","","","","","","",,,,,"",,,,"Medication.identifier",0,*,"","ele-1:All FHIR elements must have a @value or children {hasValue() or (children().count() > id.count())}
"
"pharmac-medication","Medication.code","Medication.code","","","",1,1,"Y","","Y","CodeableConcept {[]} {[]}
","Codes that identify this medication","A code (or set of codes) that specify this medication, or a textual description if no code is available. Usage note: This could be a standard medication code such as a code from RxNorm, SNOMED CT, IDMP etc. It could also be a national or local formulary code, optionally with translations to other code systems.","Depending on the context of use, the code that was actually selected by the user (prescriber, dispenser, etc.) will have the coding.userSelected set to true.  As described in the coding datatype: ""A coding may be marked as a ""userSelected"" if a user selected the particular coded value in a user interface (e.g. the user selects an item in a pick-list). If a user selected coding exists, it is the preferred choice for performing translations etc. Other codes can only be literal translations to alternative code systems, or codes at a lower level of granularity (e.g. a generic code for a vendor-specific primary one).","","","","","","","","",,"extensible","Codes for medications from NZMT and SNOMED CT","https://fhir-ig.digital.health.nz/pharmac-schedules/ValueSet/pharmac-medication-code","",,,,"Medication.code",0,1,"","ele-1:All FHIR elements must have a @value or children {hasValue() or (children().count() > id.count())}
"
"pharmac-medication","Medication.code.id","Medication.code.id","","","",0,1,"","","","string {[]} {[]}
","Unique id for inter-element referencing","Unique id for the element within a resource (for internal references). This may be any string value that does not contain spaces.","","","","","","","","","",,,,,"",,,,"Element.id",0,1,"",""
"pharmac-medication","Medication.code.extension","Medication.code.extension","","extensions
user content","",0,*,"","","","Extension {[]} {[]}
","Additional content defined by implementations","May be used to represent additional information that is not part of the basic definition of the element. To make the use of extensions safe and manageable, there is a strict set of governance  applied to the definition and use of extensions. Though any implementer can define an extension, there is a set of requirements that SHALL be met as part of the definition of the extension.","There can be no stigma associated with the use of extensions by any application, project, or standard - regardless of the institution or jurisdiction that uses or defines the extensions.  The use of extensions is what allows the FHIR specification to retain a core level of simplicity for everyone.","","","","","","","","",,,,,"","value:url}
","Extensions are always sliced by (at least) url",,"open","Element.extension",0,*,"","ele-1:All FHIR elements must have a @value or children {hasValue() or (children().count() > id.count())}
ext-1:Must have either extensions or value[x], not both {extension.exists() != value.exists()}"
"pharmac-medication","Medication.code.coding","Medication.code.coding","","","",1,*,"Y","","Y","Coding {[]} {[]}
","Code defined by a terminology system","A reference to a code defined by a terminology system.","Codes may be defined very casually in enumerations, or code lists, up to very formal definitions such as SNOMED CT - see the HL7 v3 Core Principles for more information.  Ordering of codings is undefined and SHALL NOT be used to infer meaning. Generally, at most only one of the coding values will be labeled as UserSelected = true.","Allows for alternative encodings within a code system, and translations to other code systems.","","","","","","","",,,,,"","value:system}
","",,"open","CodeableConcept.coding",0,*,"","ele-1:All FHIR elements must have a @value or children {hasValue() or (children().count() > id.count())}
"
"pharmac-medication","Medication.code.coding:nzmt","Medication.code.coding","nzmt","","",1,1,"Y","","Y","Coding {[]} {[]}
","Code defined by a terminology system","A reference to a code defined by a terminology system.","Codes may be defined very casually in enumerations, or code lists, up to very formal definitions such as SNOMED CT - see the HL7 v3 Core Principles for more information.  Ordering of codings is undefined and SHALL NOT be used to infer meaning. Generally, at most only one of the coding values will be labeled as UserSelected = true.","Allows for alternative encodings within a code system, and translations to other code systems.","","","","","","","",,,,,"",,,,"CodeableConcept.coding",0,*,"","ele-1:All FHIR elements must have a @value or children {hasValue() or (children().count() > id.count())}
"
"pharmac-medication","Medication.code.coding:nzmt.id","Medication.code.coding.id","","","",0,1,"","","","string {[]} {[]}
","Unique id for inter-element referencing","Unique id for the element within a resource (for internal references). This may be any string value that does not contain spaces.","","","","","","","","","",,,,,"",,,,"Element.id",0,1,"",""
"pharmac-medication","Medication.code.coding:nzmt.extension","Medication.code.coding.extension","","extensions
user content","",0,*,"","","","Extension {[]} {[]}
","Additional content defined by implementations","May be used to represent additional information that is not part of the basic definition of the element. To make the use of extensions safe and manageable, there is a strict set of governance  applied to the definition and use of extensions. Though any implementer can define an extension, there is a set of requirements that SHALL be met as part of the definition of the extension.","There can be no stigma associated with the use of extensions by any application, project, or standard - regardless of the institution or jurisdiction that uses or defines the extensions.  The use of extensions is what allows the FHIR specification to retain a core level of simplicity for everyone.","","","","","","","","",,,,,"","value:url}
","Extensions are always sliced by (at least) url",,"open","Element.extension",0,*,"","ele-1:All FHIR elements must have a @value or children {hasValue() or (children().count() > id.count())}
ext-1:Must have either extensions or value[x], not both {extension.exists() != value.exists()}"
"pharmac-medication","Medication.code.coding:nzmt.system","Medication.code.coding.system","","","",1,1,"","","Y","uri {[]} {[]}
","Identity of the terminology system","The identification of the code system that defines the meaning of the symbol in the code.","The URI may be an OID (urn:oid:...) or a UUID (urn:uuid:...).  OIDs and UUIDs SHALL be references to the HL7 OID registry. Otherwise, the URI should come from HL7's list of FHIR defined special URIs or it should reference to some definition that establishes the system clearly and unambiguously.","Need to be unambiguous about the source of the definition of the symbol.","","","<valueUri xmlns=""http://hl7.org/fhir"" value=""http://nzmt.org.nz""/>","","","","",,,,,"",,,,"Coding.system",0,1,"","ele-1:All FHIR elements must have a @value or children {hasValue() or (children().count() > id.count())}
"
"pharmac-medication","Medication.code.coding:nzmt.version","Medication.code.coding.version","","","",0,1,"","","Y","string {[]} {[]}
","Version of the system - if relevant","The version of the code system which was used when choosing this code. Note that a well-maintained code system does not need the version reported, because the meaning of codes is consistent across versions. However this cannot consistently be assured, and when the meaning is not guaranteed to be consistent, the version SHOULD be exchanged.","Where the terminology does not clearly define what string should be used to identify code system versions, the recommendation is to use the date (expressed in FHIR date format) on which that version was officially published as the version date.","","","","","","","","",,,,,"",,,,"Coding.version",0,1,"","ele-1:All FHIR elements must have a @value or children {hasValue() or (children().count() > id.count())}
"
"pharmac-medication","Medication.code.coding:nzmt.code","Medication.code.coding.code","","","",1,1,"","","Y","code {[]} {[]}
","Symbol in syntax defined by the system","A symbol in syntax defined by the system. The symbol may be a predefined code or an expression in a syntax defined by the coding system (e.g. post-coordination).","","Need to refer to a particular code in the system.","","","","","","","",,,,,"",,,,"Coding.code",0,1,"","ele-1:All FHIR elements must have a @value or children {hasValue() or (children().count() > id.count())}
"
"pharmac-medication","Medication.code.coding:nzmt.display","Medication.code.coding.display","","","",0,1,"","","Y","string {[]} {[]}
","Representation defined by the system","A representation of the meaning of the code in the system, following the rules of the system.","","Need to be able to carry a human-readable meaning of the code for readers that do not know  the system.","","","","","","","",,,,,"",,,,"Coding.display",0,1,"","ele-1:All FHIR elements must have a @value or children {hasValue() or (children().count() > id.count())}
"
"pharmac-medication","Medication.code.coding:nzmt.userSelected","Medication.code.coding.userSelected","","","",0,1,"","","Y","boolean {[]} {[]}
","If this coding was chosen directly by the user","Indicates that this coding was chosen by a user directly - e.g. off a pick list of available items (codes or displays).","Amongst a set of alternatives, a directly chosen code is the most appropriate starting point for new translations. There is some ambiguity about what exactly 'directly chosen' implies, and trading partner agreement may be needed to clarify the use of this element and its consequences more completely.","This has been identified as a clinical safety criterium - that this exact system/code pair was chosen explicitly, rather than inferred by the system based on some rules or language processing.","","","","","","","",,,,,"",,,,"Coding.userSelected",0,1,"","ele-1:All FHIR elements must have a @value or children {hasValue() or (children().count() > id.count())}
"
"pharmac-medication","Medication.code.coding:gtin","Medication.code.coding","gtin","","",0,*,"Y","","Y","Coding {[]} {[]}
","Code defined by a terminology system","A reference to a code defined by a terminology system.","Codes may be defined very casually in enumerations, or code lists, up to very formal definitions such as SNOMED CT - see the HL7 v3 Core Principles for more information.  Ordering of codings is undefined and SHALL NOT be used to infer meaning. Generally, at most only one of the coding values will be labeled as UserSelected = true.","Allows for alternative encodings within a code system, and translations to other code systems.","","","","","","","",,,,,"",,,,"CodeableConcept.coding",0,*,"","ele-1:All FHIR elements must have a @value or children {hasValue() or (children().count() > id.count())}
"
"pharmac-medication","Medication.code.coding:gtin.id","Medication.code.coding.id","","","",0,1,"","","","string {[]} {[]}
","Unique id for inter-element referencing","Unique id for the element within a resource (for internal references). This may be any string value that does not contain spaces.","","","","","","","","","",,,,,"",,,,"Element.id",0,1,"",""
"pharmac-medication","Medication.code.coding:gtin.extension","Medication.code.coding.extension","","extensions
user content","",0,*,"","","","Extension {[]} {[]}
","Additional content defined by implementations","May be used to represent additional information that is not part of the basic definition of the element. To make the use of extensions safe and manageable, there is a strict set of governance  applied to the definition and use of extensions. Though any implementer can define an extension, there is a set of requirements that SHALL be met as part of the definition of the extension.","There can be no stigma associated with the use of extensions by any application, project, or standard - regardless of the institution or jurisdiction that uses or defines the extensions.  The use of extensions is what allows the FHIR specification to retain a core level of simplicity for everyone.","","","","","","","","",,,,,"","value:url}
","Extensions are always sliced by (at least) url",,"open","Element.extension",0,*,"","ele-1:All FHIR elements must have a @value or children {hasValue() or (children().count() > id.count())}
ext-1:Must have either extensions or value[x], not both {extension.exists() != value.exists()}"
"pharmac-medication","Medication.code.coding:gtin.system","Medication.code.coding.system","","","",1,1,"","","Y","uri {[]} {[]}
","Identity of the terminology system","The identification of the code system that defines the meaning of the symbol in the code.","The URI may be an OID (urn:oid:...) or a UUID (urn:uuid:...).  OIDs and UUIDs SHALL be references to the HL7 OID registry. Otherwise, the URI should come from HL7's list of FHIR defined special URIs or it should reference to some definition that establishes the system clearly and unambiguously.","Need to be unambiguous about the source of the definition of the symbol.","","","<valueUri xmlns=""http://hl7.org/fhir"" value=""https://www.gs1.org/gtin""/>","","","","",,,,,"",,,,"Coding.system",0,1,"","ele-1:All FHIR elements must have a @value or children {hasValue() or (children().count() > id.count())}
"
"pharmac-medication","Medication.code.coding:gtin.version","Medication.code.coding.version","","","",0,1,"","","Y","string {[]} {[]}
","Version of the system - if relevant","The version of the code system which was used when choosing this code. Note that a well-maintained code system does not need the version reported, because the meaning of codes is consistent across versions. However this cannot consistently be assured, and when the meaning is not guaranteed to be consistent, the version SHOULD be exchanged.","Where the terminology does not clearly define what string should be used to identify code system versions, the recommendation is to use the date (expressed in FHIR date format) on which that version was officially published as the version date.","","","","","","","","",,,,,"",,,,"Coding.version",0,1,"","ele-1:All FHIR elements must have a @value or children {hasValue() or (children().count() > id.count())}
"
"pharmac-medication","Medication.code.coding:gtin.code","Medication.code.coding.code","","","",1,1,"","","Y","code {[]} {[]}
","Symbol in syntax defined by the system","A symbol in syntax defined by the system. The symbol may be a predefined code or an expression in a syntax defined by the coding system (e.g. post-coordination).","","Need to refer to a particular code in the system.","","","","","","","",,,,,"",,,,"Coding.code",0,1,"","ele-1:All FHIR elements must have a @value or children {hasValue() or (children().count() > id.count())}
"
"pharmac-medication","Medication.code.coding:gtin.display","Medication.code.coding.display","","","",0,1,"","","Y","string {[]} {[]}
","Representation defined by the system","A representation of the meaning of the code in the system, following the rules of the system.","","Need to be able to carry a human-readable meaning of the code for readers that do not know  the system.","","","","","","","",,,,,"",,,,"Coding.display",0,1,"","ele-1:All FHIR elements must have a @value or children {hasValue() or (children().count() > id.count())}
"
"pharmac-medication","Medication.code.coding:gtin.userSelected","Medication.code.coding.userSelected","","","",0,1,"","","Y","boolean {[]} {[]}
","If this coding was chosen directly by the user","Indicates that this coding was chosen by a user directly - e.g. off a pick list of available items (codes or displays).","Amongst a set of alternatives, a directly chosen code is the most appropriate starting point for new translations. There is some ambiguity about what exactly 'directly chosen' implies, and trading partner agreement may be needed to clarify the use of this element and its consequences more completely.","This has been identified as a clinical safety criterium - that this exact system/code pair was chosen explicitly, rather than inferred by the system based on some rules or language processing.","","","","","","","",,,,,"",,,,"Coding.userSelected",0,1,"","ele-1:All FHIR elements must have a @value or children {hasValue() or (children().count() > id.count())}
"
"pharmac-medication","Medication.code.coding:pharmacSubsidyCode","Medication.code.coding","pharmacSubsidyCode","","",0,*,"Y","","Y","Coding {[]} {[]}
","Code defined by a terminology system","A reference to a code defined by a terminology system.","Codes may be defined very casually in enumerations, or code lists, up to very formal definitions such as SNOMED CT - see the HL7 v3 Core Principles for more information.  Ordering of codings is undefined and SHALL NOT be used to infer meaning. Generally, at most only one of the coding values will be labeled as UserSelected = true.","Allows for alternative encodings within a code system, and translations to other code systems.","","","","","","","",,,,,"",,,,"CodeableConcept.coding",0,*,"","ele-1:All FHIR elements must have a @value or children {hasValue() or (children().count() > id.count())}
"
"pharmac-medication","Medication.code.coding:pharmacSubsidyCode.id","Medication.code.coding.id","","","",0,1,"","","","string {[]} {[]}
","Unique id for inter-element referencing","Unique id for the element within a resource (for internal references). This may be any string value that does not contain spaces.","","","","","","","","","",,,,,"",,,,"Element.id",0,1,"",""
"pharmac-medication","Medication.code.coding:pharmacSubsidyCode.extension","Medication.code.coding.extension","","extensions
user content","",0,*,"","","","Extension {[]} {[]}
","Additional content defined by implementations","May be used to represent additional information that is not part of the basic definition of the element. To make the use of extensions safe and manageable, there is a strict set of governance  applied to the definition and use of extensions. Though any implementer can define an extension, there is a set of requirements that SHALL be met as part of the definition of the extension.","There can be no stigma associated with the use of extensions by any application, project, or standard - regardless of the institution or jurisdiction that uses or defines the extensions.  The use of extensions is what allows the FHIR specification to retain a core level of simplicity for everyone.","","","","","","","","",,,,,"","value:url}
","Extensions are always sliced by (at least) url",,"open","Element.extension",0,*,"","ele-1:All FHIR elements must have a @value or children {hasValue() or (children().count() > id.count())}
ext-1:Must have either extensions or value[x], not both {extension.exists() != value.exists()}"
"pharmac-medication","Medication.code.coding:pharmacSubsidyCode.extension:PharmacIsPrimaryCoding","Medication.code.coding.extension","PharmacIsPrimaryCoding","","",0,1,"","","","Extension {[CanonicalType[https://fhir-ig.digital.health.nz/pharmac-schedules/StructureDefinition/pharmac-is-primary-coding]]} {[]}
","Pharmac Is Primary Coding","Marks the primary pharmac subsidy coding within Medication.code.coding.","","","","","","","","","",,,,,"",,,,"Element.extension",0,*,"","ele-1:All FHIR elements must have a @value or children {hasValue() or (children().count() > id.count())}
ext-1:Must have either extensions or value[x], not both {extension.exists() != value.exists()}"
"pharmac-medication","Medication.code.coding:pharmacSubsidyCode.system","Medication.code.coding.system","","","",1,1,"","","Y","uri {[]} {[]}
","Identity of the terminology system","The identification of the code system that defines the meaning of the symbol in the code.","The URI may be an OID (urn:oid:...) or a UUID (urn:uuid:...).  OIDs and UUIDs SHALL be references to the HL7 OID registry. Otherwise, the URI should come from HL7's list of FHIR defined special URIs or it should reference to some definition that establishes the system clearly and unambiguously.","Need to be unambiguous about the source of the definition of the symbol.","","","<valueUri xmlns=""http://hl7.org/fhir"" value=""https://standards.digital.health.nz/ns/pharmac-subsidy-code""/>","","","","",,,,,"",,,,"Coding.system",0,1,"","ele-1:All FHIR elements must have a @value or children {hasValue() or (children().count() > id.count())}
"
"pharmac-medication","Medication.code.coding:pharmacSubsidyCode.version","Medication.code.coding.version","","","",0,1,"","","Y","string {[]} {[]}
","Version of the system - if relevant","The version of the code system which was used when choosing this code. Note that a well-maintained code system does not need the version reported, because the meaning of codes is consistent across versions. However this cannot consistently be assured, and when the meaning is not guaranteed to be consistent, the version SHOULD be exchanged.","Where the terminology does not clearly define what string should be used to identify code system versions, the recommendation is to use the date (expressed in FHIR date format) on which that version was officially published as the version date.","","","","","","","","",,,,,"",,,,"Coding.version",0,1,"","ele-1:All FHIR elements must have a @value or children {hasValue() or (children().count() > id.count())}
"
"pharmac-medication","Medication.code.coding:pharmacSubsidyCode.code","Medication.code.coding.code","","","",1,1,"","","Y","code {[]} {[]}
","Symbol in syntax defined by the system","A symbol in syntax defined by the system. The symbol may be a predefined code or an expression in a syntax defined by the coding system (e.g. post-coordination).","","Need to refer to a particular code in the system.","","","","","","","",,,,,"",,,,"Coding.code",0,1,"","ele-1:All FHIR elements must have a @value or children {hasValue() or (children().count() > id.count())}
"
"pharmac-medication","Medication.code.coding:pharmacSubsidyCode.display","Medication.code.coding.display","","","",0,1,"","","Y","string {[]} {[]}
","Representation defined by the system","A representation of the meaning of the code in the system, following the rules of the system.","","Need to be able to carry a human-readable meaning of the code for readers that do not know  the system.","","","","","","","",,,,,"",,,,"Coding.display",0,1,"","ele-1:All FHIR elements must have a @value or children {hasValue() or (children().count() > id.count())}
"
"pharmac-medication","Medication.code.coding:pharmacSubsidyCode.userSelected","Medication.code.coding.userSelected","","","",0,1,"","","Y","boolean {[]} {[]}
","If this coding was chosen directly by the user","Indicates that this coding was chosen by a user directly - e.g. off a pick list of available items (codes or displays).","Amongst a set of alternatives, a directly chosen code is the most appropriate starting point for new translations. There is some ambiguity about what exactly 'directly chosen' implies, and trading partner agreement may be needed to clarify the use of this element and its consequences more completely.","This has been identified as a clinical safety criterium - that this exact system/code pair was chosen explicitly, rather than inferred by the system based on some rules or language processing.","","","","","","","",,,,,"",,,,"Coding.userSelected",0,1,"","ele-1:All FHIR elements must have a @value or children {hasValue() or (children().count() > id.count())}
"
"pharmac-medication","Medication.code.text","Medication.code.text","","","",1,1,"Y","","Y","string {[]} {[]}
","Medication display name","Human-readable display name for the medication product represented by the coded concept.","Very often the text is the same as a displayName of one of the codings.","The codes from the terminologies do not always capture the correct meaning with all the nuances of the human using them, or sometimes there is no appropriate code at all. In these cases, the text is used to capture the full meaning of the source.","","","","","","","",,,,,"",,,,"CodeableConcept.text",0,1,"","ele-1:All FHIR elements must have a @value or children {hasValue() or (children().count() > id.count())}
"
"pharmac-medication","Medication.status","Medication.status","","","",0,1,"","Y","Y","code {[]} {[]}
","active | inactive | entered-in-error","A code to indicate if the medication is in active use.","This status is intended to identify if the medication in a local system is in active use within a drug database or inventory.  For example, a pharmacy system may create a new drug file record for a compounded product ""ABC Hospital Special Cream"" with an active status.  At some point in the future, it may be determined that the drug record was created with an error and the status is changed to ""entered in error"".   This status is not intended to specify if a medication is part of a particular formulary.  It is possible that the drug record may be referenced by multiple formularies or catalogues and each of those entries would have a separate status.","","","","","","","","",,"required","A coded concept defining if the medication is in active use.","http://hl7.org/fhir/ValueSet/medication-status|4.0.1","",,,,"Medication.status",0,1,"","ele-1:All FHIR elements must have a @value or children {hasValue() or (children().count() > id.count())}
"
"pharmac-medication","Medication.manufacturer","Medication.manufacturer","","","",0,1,"","","Y","Reference {[]} {[CanonicalType[http://hl7.org/fhir/StructureDefinition/Organization|4.0.1]]}
","Manufacturer of the item","Describes the details of the manufacturer of the medication product.  This is not intended to represent the distributor of a medication product.","","","","","","","","","",,,,,"",,,,"Medication.manufacturer",0,1,"","ele-1:All FHIR elements must have a @value or children {hasValue() or (children().count() > id.count())}
"
"pharmac-medication","Medication.form","Medication.form","","","",0,1,"","","","CodeableConcept {[]} {[]}
","powder | tablets | capsule +","Describes the form of the item.  Powder; tablets; capsule.","When Medication is referenced from MedicationRequest, this is the ordered form.  When Medication is referenced within MedicationDispense, this is the dispensed form.  When Medication is referenced within MedicationAdministration, this is administered form.","","","","","","","","",,"example","A coded concept defining the form of a medication.","http://hl7.org/fhir/ValueSet/medication-form-codes|4.0.1","",,,,"Medication.form",0,1,"","ele-1:All FHIR elements must have a @value or children {hasValue() or (children().count() > id.count())}
"
"pharmac-medication","Medication.amount","Medication.amount","","","",0,1,"","","Y","Ratio {[]} {[]}
","Amount of drug in package","Specific amount of the drug in the packaged product.  For example, when specifying a product that has the same strength (For example, Insulin glargine 100 unit per mL solution for injection), this attribute provides additional clarification of the package amount (For example, 3 mL, 10mL, etc.).","","","","","","","","","",,,,,"",,,,"Medication.amount",0,1,"","ele-1:All FHIR elements must have a @value or children {hasValue() or (children().count() > id.count())}
"
"pharmac-medication","Medication.ingredient","Medication.ingredient","","","",0,*,"Y","","","BackboneElement {[]} {[]}
","Active and inactive ingredients","Identifies a particular constituent of interest in the product.","The ingredients need not be a complete list.  If an ingredient is not specified, this does not indicate whether an ingredient is present or absent.  If an ingredient is specified it does not mean that all ingredients are specified.  It is possible to specify both inactive and active ingredients.","","","","","","","","",,,,,"",,,,"Medication.ingredient",0,*,"","ele-1:All FHIR elements must have a @value or children {hasValue() or (children().count() > id.count())}
"
"pharmac-medication","Medication.ingredient.id","Medication.ingredient.id","","","",0,1,"","","","string {[]} {[]}
","Unique id for inter-element referencing","Unique id for the element within a resource (for internal references). This may be any string value that does not contain spaces.","","","","","","","","","",,,,,"",,,,"Element.id",0,1,"",""
"pharmac-medication","Medication.ingredient.extension","Medication.ingredient.extension","","extensions
user content","",0,*,"","","","Extension {[]} {[]}
","Additional content defined by implementations","May be used to represent additional information that is not part of the basic definition of the element. To make the use of extensions safe and manageable, there is a strict set of governance  applied to the definition and use of extensions. Though any implementer can define an extension, there is a set of requirements that SHALL be met as part of the definition of the extension.","There can be no stigma associated with the use of extensions by any application, project, or standard - regardless of the institution or jurisdiction that uses or defines the extensions.  The use of extensions is what allows the FHIR specification to retain a core level of simplicity for everyone.","","","","","","","","",,,,,"",,,,"Element.extension",0,*,"","ele-1:All FHIR elements must have a @value or children {hasValue() or (children().count() > id.count())}
ext-1:Must have either extensions or value[x], not both {extension.exists() != value.exists()}"
"pharmac-medication","Medication.ingredient.modifierExtension","Medication.ingredient.modifierExtension","","extensions
user contentmodifiers","",0,*,"","Y","Y","Extension {[]} {[]}
","Extensions that cannot be ignored even if unrecognized","May be used to represent additional information that is not part of the basic definition of the element and that modifies the understanding of the element in which it is contained and/or the understanding of the containing element's descendants. Usually modifier elements provide negation or qualification. To make the use of extensions safe and manageable, there is a strict set of governance applied to the definition and use of extensions. Though any implementer can define an extension, there is a set of requirements that SHALL be met as part of the definition of the extension. Applications processing a resource are required to check for modifier extensions.

Modifier extensions SHALL NOT change the meaning of any elements on Resource or DomainResource (including cannot change the meaning of modifierExtension itself).","There can be no stigma associated with the use of extensions by any application, project, or standard - regardless of the institution or jurisdiction that uses or defines the extensions.  The use of extensions is what allows the FHIR specification to retain a core level of simplicity for everyone.","Modifier extensions allow for extensions that *cannot* be safely ignored to be clearly distinguished from the vast majority of extensions which can be safely ignored.  This promotes interoperability by eliminating the need for implementers to prohibit the presence of extensions. For further information, see the [definition of modifier extensions](http://hl7.org/fhir/R4/extensibility.html#modifierExtension).","","","","","","","",,,,,"",,,,"BackboneElement.modifierExtension",0,*,"","ele-1:All FHIR elements must have a @value or children {hasValue() or (children().count() > id.count())}
ext-1:Must have either extensions or value[x], not both {extension.exists() != value.exists()}"
"pharmac-medication","Medication.ingredient.item[x]","Medication.ingredient.item[x]","","","",1,1,"","","","CodeableConcept {[]} {[]}
","The actual ingredient or content","The actual ingredient - either a substance (simple ingredient) or another medication of a medication.","","The ingredient may reference a substance (for example, amoxicillin) or another medication (for example in the case of a compounded product, Glaxal Base).","","","","","","","",,"extensible","Codes for medication ingredients from NZMT and SNOMED CT","https://fhir-ig.digital.health.nz/pharmac-schedules/ValueSet/pharmac-medication-code","",,,,"Medication.ingredient.item[x]",1,1,"","ele-1:All FHIR elements must have a @value or children {hasValue() or (children().count() > id.count())}
"
"pharmac-medication","Medication.ingredient.item[x].id","Medication.ingredient.item[x].id","","","",0,1,"","","","string {[]} {[]}
","Unique id for inter-element referencing","Unique id for the element within a resource (for internal references). This may be any string value that does not contain spaces.","","","","","","","","","",,,,,"",,,,"Element.id",0,1,"",""
"pharmac-medication","Medication.ingredient.item[x].extension","Medication.ingredient.item[x].extension","","extensions
user content","",0,*,"","","","Extension {[]} {[]}
","Additional content defined by implementations","May be used to represent additional information that is not part of the basic definition of the element. To make the use of extensions safe and manageable, there is a strict set of governance  applied to the definition and use of extensions. Though any implementer can define an extension, there is a set of requirements that SHALL be met as part of the definition of the extension.","There can be no stigma associated with the use of extensions by any application, project, or standard - regardless of the institution or jurisdiction that uses or defines the extensions.  The use of extensions is what allows the FHIR specification to retain a core level of simplicity for everyone.","","","","","","","","",,,,,"","value:url}
","Extensions are always sliced by (at least) url",,"open","Element.extension",0,*,"","ele-1:All FHIR elements must have a @value or children {hasValue() or (children().count() > id.count())}
ext-1:Must have either extensions or value[x], not both {extension.exists() != value.exists()}"
"pharmac-medication","Medication.ingredient.item[x].coding","Medication.ingredient.item[x].coding","","","",0,*,"","","Y","Coding {[]} {[]}
","Code defined by a terminology system","A reference to a code defined by a terminology system.","Codes may be defined very casually in enumerations, or code lists, up to very formal definitions such as SNOMED CT - see the HL7 v3 Core Principles for more information.  Ordering of codings is undefined and SHALL NOT be used to infer meaning. Generally, at most only one of the coding values will be labeled as UserSelected = true.","Allows for alternative encodings within a code system, and translations to other code systems.","","","","","","","",,,,,"",,,,"CodeableConcept.coding",0,*,"","ele-1:All FHIR elements must have a @value or children {hasValue() or (children().count() > id.count())}
"
"pharmac-medication","Medication.ingredient.item[x].text","Medication.ingredient.item[x].text","","","",1,1,"","","Y","string {[]} {[]}
","Ingredient name(s)","Name of the ingredient. May contain multiple ingredients in a single text string for simplicity.","Very often the text is the same as a displayName of one of the codings.","The codes from the terminologies do not always capture the correct meaning with all the nuances of the human using them, or sometimes there is no appropriate code at all. In these cases, the text is used to capture the full meaning of the source.","","","","","","","",,,,,"",,,,"CodeableConcept.text",0,1,"","ele-1:All FHIR elements must have a @value or children {hasValue() or (children().count() > id.count())}
"
"pharmac-medication","Medication.ingredient.isActive","Medication.ingredient.isActive","","","",1,1,"Y","","","boolean {[]} {[]}
","Whether this is an active ingredient","True for active pharmaceutical ingredients, false for excipients","For PHARMAC schedule purposes, typically set to true for active ingredients. Excipients are usually not listed.","True indicates that the ingredient affects the therapeutic action of the drug (i.e. active). False indicates that the ingredient does not affect the therapeutic action of the drug (i.e. inactive).","","","","","","","",,,,,"",,,,"Medication.ingredient.isActive",0,1,"","ele-1:All FHIR elements must have a @value or children {hasValue() or (children().count() > id.count())}
"
"pharmac-medication","Medication.ingredient.strength","Medication.ingredient.strength","","","",0,1,"","","","Ratio {[]} {[]}
","Quantity of ingredient present","Specifies how many (or how much) of the items there are in this Medication.  For example, 250 mg per tablet.  This is expressed as a ratio where the numerator is 250mg and the denominator is 1 tablet.","","","","","","","","","",,,,,"",,,,"Medication.ingredient.strength",0,1,"","ele-1:All FHIR elements must have a @value or children {hasValue() or (children().count() > id.count())}
"
"pharmac-medication","Medication.batch","Medication.batch","","","",0,1,"","","","BackboneElement {[]} {[]}
","Details about packaged medications","Information that only applies to packages (not products).","","","","","","","","","",,,,,"",,,,"Medication.batch",0,1,"","ele-1:All FHIR elements must have a @value or children {hasValue() or (children().count() > id.count())}
"
"pharmac-medication","Medication.batch.id","Medication.batch.id","","","",0,1,"","","","string {[]} {[]}
","Unique id for inter-element referencing","Unique id for the element within a resource (for internal references). This may be any string value that does not contain spaces.","","","","","","","","","",,,,,"",,,,"Element.id",0,1,"",""
"pharmac-medication","Medication.batch.extension","Medication.batch.extension","","extensions
user content","",0,*,"","","","Extension {[]} {[]}
","Additional content defined by implementations","May be used to represent additional information that is not part of the basic definition of the element. To make the use of extensions safe and manageable, there is a strict set of governance  applied to the definition and use of extensions. Though any implementer can define an extension, there is a set of requirements that SHALL be met as part of the definition of the extension.","There can be no stigma associated with the use of extensions by any application, project, or standard - regardless of the institution or jurisdiction that uses or defines the extensions.  The use of extensions is what allows the FHIR specification to retain a core level of simplicity for everyone.","","","","","","","","",,,,,"",,,,"Element.extension",0,*,"","ele-1:All FHIR elements must have a @value or children {hasValue() or (children().count() > id.count())}
ext-1:Must have either extensions or value[x], not both {extension.exists() != value.exists()}"
"pharmac-medication","Medication.batch.modifierExtension","Medication.batch.modifierExtension","","extensions
user contentmodifiers","",0,*,"","Y","Y","Extension {[]} {[]}
","Extensions that cannot be ignored even if unrecognized","May be used to represent additional information that is not part of the basic definition of the element and that modifies the understanding of the element in which it is contained and/or the understanding of the containing element's descendants. Usually modifier elements provide negation or qualification. To make the use of extensions safe and manageable, there is a strict set of governance applied to the definition and use of extensions. Though any implementer can define an extension, there is a set of requirements that SHALL be met as part of the definition of the extension. Applications processing a resource are required to check for modifier extensions.

Modifier extensions SHALL NOT change the meaning of any elements on Resource or DomainResource (including cannot change the meaning of modifierExtension itself).","There can be no stigma associated with the use of extensions by any application, project, or standard - regardless of the institution or jurisdiction that uses or defines the extensions.  The use of extensions is what allows the FHIR specification to retain a core level of simplicity for everyone.","Modifier extensions allow for extensions that *cannot* be safely ignored to be clearly distinguished from the vast majority of extensions which can be safely ignored.  This promotes interoperability by eliminating the need for implementers to prohibit the presence of extensions. For further information, see the [definition of modifier extensions](http://hl7.org/fhir/R4/extensibility.html#modifierExtension).","","","","","","","",,,,,"",,,,"BackboneElement.modifierExtension",0,*,"","ele-1:All FHIR elements must have a @value or children {hasValue() or (children().count() > id.count())}
ext-1:Must have either extensions or value[x], not both {extension.exists() != value.exists()}"
"pharmac-medication","Medication.batch.lotNumber","Medication.batch.lotNumber","","","",0,1,"","","","string {[]} {[]}
","Identifier assigned to batch","The assigned lot number of a batch of the specified product.","","","","","","","","","",,,,,"",,,,"Medication.batch.lotNumber",0,1,"","ele-1:All FHIR elements must have a @value or children {hasValue() or (children().count() > id.count())}
"
"pharmac-medication","Medication.batch.expirationDate","Medication.batch.expirationDate","","","",0,1,"","","","dateTime {[]} {[]}
","When batch will expire","When this specific batch of product will expire.","","","","","","","","","",,,,,"",,,,"Medication.batch.expirationDate",0,1,"","ele-1:All FHIR elements must have a @value or children {hasValue() or (children().count() > id.count())}
"
"pricing-copayment-max","Extension","Extension","","","",0,*,"","","","null {[]} {[]}
","Pricing Co-Payment Max","Indicates whether Co-Payment Max applies to this pricing record.","","","","","","","","","",,,,,"",,,,"Extension",0,*,"ele-1
","ele-1:All FHIR elements must have a @value or children {hasValue() or (children().count() > id.count())}
ext-1:Must have either extensions or value[x], not both {extension.exists() != value.exists()}"
"pricing-copayment-max","Extension.id","Extension.id","","","",0,1,"","","","string {[]} {[]}
","Unique id for inter-element referencing","Unique id for the element within a resource (for internal references). This may be any string value that does not contain spaces.","","","","","","","","","",,,,,"",,,,"Element.id",0,1,"",""
"pricing-copayment-max","Extension.extension","Extension.extension","","","",0,0,"","","","Extension {[]} {[]}
","Extension","An Extension","","","","","","","","","",,,,,"","value:url}
","Extensions are always sliced by (at least) url",,"open","Element.extension",0,*,"","ele-1:All FHIR elements must have a @value or children {hasValue() or (children().count() > id.count())}
ext-1:Must have either extensions or value[x], not both {extension.exists() != value.exists()}"
"pricing-copayment-max","Extension.url","Extension.url","","","",1,1,"","","","uri {[]} {[]}
","identifies the meaning of the extension","Source of the definition for the extension code - a logical name or a URL.","The definition may point directly to a computable or human-readable definition of the extensibility codes, or it may be a logical URI as declared in some other specification. The definition SHALL be a URI for the Structure Definition defining the extension.","","","","<valueUri xmlns=""http://hl7.org/fhir"" value=""https://fhir-ig.digital.health.nz/pharmac-schedules/StructureDefinition/pricing-copayment-max""/>","","","","",,,,,"",,,,"Extension.url",1,1,"",""
"pricing-copayment-max","Extension.value[x]","Extension.value[x]","","","",0,1,"","","","string {[]} {[]}
","Co-Payment Max applicability.","Value of extension - must be one of a constrained set of the data types (see [Extensibility](http://hl7.org/fhir/R4/extensibility.html) for a list).","","","","","","","","","",,,,,"",,,,"Extension.value[x]",0,1,"","ele-1:All FHIR elements must have a @value or children {hasValue() or (children().count() > id.count())}
"
"pricing-effective-date","Extension","Extension","","","",0,*,"","","","null {[]} {[]}
","Pricing Effective Date","The date from which this pricing becomes effective.","","","","","","","","","",,,,,"",,,,"Extension",0,*,"ele-1
","ele-1:All FHIR elements must have a @value or children {hasValue() or (children().count() > id.count())}
ext-1:Must have either extensions or value[x], not both {extension.exists() != value.exists()}"
"pricing-effective-date","Extension.id","Extension.id","","","",0,1,"","","","string {[]} {[]}
","Unique id for inter-element referencing","Unique id for the element within a resource (for internal references). This may be any string value that does not contain spaces.","","","","","","","","","",,,,,"",,,,"Element.id",0,1,"",""
"pricing-effective-date","Extension.extension","Extension.extension","","","",0,0,"","","","Extension {[]} {[]}
","Extension","An Extension","","","","","","","","","",,,,,"","value:url}
","Extensions are always sliced by (at least) url",,"open","Element.extension",0,*,"","ele-1:All FHIR elements must have a @value or children {hasValue() or (children().count() > id.count())}
ext-1:Must have either extensions or value[x], not both {extension.exists() != value.exists()}"
"pricing-effective-date","Extension.url","Extension.url","","","",1,1,"","","","uri {[]} {[]}
","identifies the meaning of the extension","Source of the definition for the extension code - a logical name or a URL.","The definition may point directly to a computable or human-readable definition of the extensibility codes, or it may be a logical URI as declared in some other specification. The definition SHALL be a URI for the Structure Definition defining the extension.","","","","<valueUri xmlns=""http://hl7.org/fhir"" value=""https://fhir-ig.digital.health.nz/pharmac-schedules/StructureDefinition/pricing-effective-date""/>","","","","",,,,,"",,,,"Extension.url",1,1,"",""
"pricing-effective-date","Extension.value[x]","Extension.value[x]","","","",0,1,"","","","date {[]} {[]}
","Effective date for pricing","Value of extension - must be one of a constrained set of the data types (see [Extensibility](http://hl7.org/fhir/R4/extensibility.html) for a list).","","","","","","","","","",,,,,"",,,,"Extension.value[x]",0,1,"","ele-1:All FHIR elements must have a @value or children {hasValue() or (children().count() > id.count())}
"
"pricing-expiry-date","Extension","Extension","","","",0,*,"","","","null {[]} {[]}
","Pricing Expiry Date","The date on which this pricing expires or ceases to be valid.","","","","","","","","","",,,,,"",,,,"Extension",0,*,"ele-1
","ele-1:All FHIR elements must have a @value or children {hasValue() or (children().count() > id.count())}
ext-1:Must have either extensions or value[x], not both {extension.exists() != value.exists()}"
"pricing-expiry-date","Extension.id","Extension.id","","","",0,1,"","","","string {[]} {[]}
","Unique id for inter-element referencing","Unique id for the element within a resource (for internal references). This may be any string value that does not contain spaces.","","","","","","","","","",,,,,"",,,,"Element.id",0,1,"",""
"pricing-expiry-date","Extension.extension","Extension.extension","","","",0,0,"","","","Extension {[]} {[]}
","Extension","An Extension","","","","","","","","","",,,,,"","value:url}
","Extensions are always sliced by (at least) url",,"open","Element.extension",0,*,"","ele-1:All FHIR elements must have a @value or children {hasValue() or (children().count() > id.count())}
ext-1:Must have either extensions or value[x], not both {extension.exists() != value.exists()}"
"pricing-expiry-date","Extension.url","Extension.url","","","",1,1,"","","","uri {[]} {[]}
","identifies the meaning of the extension","Source of the definition for the extension code - a logical name or a URL.","The definition may point directly to a computable or human-readable definition of the extensibility codes, or it may be a logical URI as declared in some other specification. The definition SHALL be a URI for the Structure Definition defining the extension.","","","","<valueUri xmlns=""http://hl7.org/fhir"" value=""https://fhir-ig.digital.health.nz/pharmac-schedules/StructureDefinition/pricing-expiry-date""/>","","","","",,,,,"",,,,"Extension.url",1,1,"",""
"pricing-expiry-date","Extension.value[x]","Extension.value[x]","","","",0,1,"","","","date {[]} {[]}
","Expiry date for pricing","Value of extension - must be one of a constrained set of the data types (see [Extensibility](http://hl7.org/fhir/R4/extensibility.html) for a list).","","","","","","","","","",,,,,"",,,,"Extension.value[x]",0,1,"","ele-1:All FHIR elements must have a @value or children {hasValue() or (children().count() > id.count())}
"
"pricing-not-combined","Extension","Extension","","","",0,*,"","","","null {[]} {[]}
","Pricing Not Combined","Indicates whether Not Combined applies to this pricing record.","","","","","","","","","",,,,,"",,,,"Extension",0,*,"ele-1
","ele-1:All FHIR elements must have a @value or children {hasValue() or (children().count() > id.count())}
ext-1:Must have either extensions or value[x], not both {extension.exists() != value.exists()}"
"pricing-not-combined","Extension.id","Extension.id","","","",0,1,"","","","string {[]} {[]}
","Unique id for inter-element referencing","Unique id for the element within a resource (for internal references). This may be any string value that does not contain spaces.","","","","","","","","","",,,,,"",,,,"Element.id",0,1,"",""
"pricing-not-combined","Extension.extension","Extension.extension","","","",0,0,"","","","Extension {[]} {[]}
","Extension","An Extension","","","","","","","","","",,,,,"","value:url}
","Extensions are always sliced by (at least) url",,"open","Element.extension",0,*,"","ele-1:All FHIR elements must have a @value or children {hasValue() or (children().count() > id.count())}
ext-1:Must have either extensions or value[x], not both {extension.exists() != value.exists()}"
"pricing-not-combined","Extension.url","Extension.url","","","",1,1,"","","","uri {[]} {[]}
","identifies the meaning of the extension","Source of the definition for the extension code - a logical name or a URL.","The definition may point directly to a computable or human-readable definition of the extensibility codes, or it may be a logical URI as declared in some other specification. The definition SHALL be a URI for the Structure Definition defining the extension.","","","","<valueUri xmlns=""http://hl7.org/fhir"" value=""https://fhir-ig.digital.health.nz/pharmac-schedules/StructureDefinition/pricing-not-combined""/>","","","","",,,,,"",,,,"Extension.url",1,1,"",""
"pricing-not-combined","Extension.value[x]","Extension.value[x]","","","",0,1,"","","","boolean {[]} {[]}
","Not Combined applicability.","Value of extension - must be one of a constrained set of the data types (see [Extensibility](http://hl7.org/fhir/R4/extensibility.html) for a list).","","","","","","","","","",,,,,"",,,,"Extension.value[x]",0,1,"","ele-1:All FHIR elements must have a @value or children {hasValue() or (children().count() > id.count())}
"
"pricing-section-29","Extension","Extension","","","",0,*,"","","","null {[]} {[]}
","Pricing Section 29","Indicates whether Section 29 applies to this pricing record.","","","","","","","","","",,,,,"",,,,"Extension",0,*,"ele-1
","ele-1:All FHIR elements must have a @value or children {hasValue() or (children().count() > id.count())}
ext-1:Must have either extensions or value[x], not both {extension.exists() != value.exists()}"
"pricing-section-29","Extension.id","Extension.id","","","",0,1,"","","","string {[]} {[]}
","Unique id for inter-element referencing","Unique id for the element within a resource (for internal references). This may be any string value that does not contain spaces.","","","","","","","","","",,,,,"",,,,"Element.id",0,1,"",""
"pricing-section-29","Extension.extension","Extension.extension","","","",0,0,"","","","Extension {[]} {[]}
","Extension","An Extension","","","","","","","","","",,,,,"","value:url}
","Extensions are always sliced by (at least) url",,"open","Element.extension",0,*,"","ele-1:All FHIR elements must have a @value or children {hasValue() or (children().count() > id.count())}
ext-1:Must have either extensions or value[x], not both {extension.exists() != value.exists()}"
"pricing-section-29","Extension.url","Extension.url","","","",1,1,"","","","uri {[]} {[]}
","identifies the meaning of the extension","Source of the definition for the extension code - a logical name or a URL.","The definition may point directly to a computable or human-readable definition of the extensibility codes, or it may be a logical URI as declared in some other specification. The definition SHALL be a URI for the Structure Definition defining the extension.","","","","<valueUri xmlns=""http://hl7.org/fhir"" value=""https://fhir-ig.digital.health.nz/pharmac-schedules/StructureDefinition/pricing-section-29""/>","","","","",,,,,"",,,,"Extension.url",1,1,"",""
"pricing-section-29","Extension.value[x]","Extension.value[x]","","","",0,1,"","","","boolean {[]} {[]}
","Section 29 applicability.","Value of extension - must be one of a constrained set of the data types (see [Extensibility](http://hl7.org/fhir/R4/extensibility.html) for a list).","","","","","","","","","",,,,,"",,,,"Extension.value[x]",0,1,"","ele-1:All FHIR elements must have a @value or children {hasValue() or (children().count() > id.count())}
"
"schedule-funding-attributes","Extension","Extension","","","",0,*,"","","","null {[]} {[]}
","Schedule Funding Attributes","Grouped funding attributes for schedule records, including contract and dispensing flags, co-payment markers, and related indicators.","","","","","","","","","",,,,,"",,,,"Extension",0,*,"ele-1
","ele-1:All FHIR elements must have a @value or children {hasValue() or (children().count() > id.count())}
ext-1:Must have either extensions or value[x], not both {extension.exists() != value.exists()}"
"schedule-funding-attributes","Extension.id","Extension.id","","","",0,1,"","","","string {[]} {[]}
","Unique id for inter-element referencing","Unique id for the element within a resource (for internal references). This may be any string value that does not contain spaces.","","","","","","","","","",,,,,"",,,,"Element.id",0,1,"",""
"schedule-funding-attributes","Extension.extension","Extension.extension","","extensions
user content","",0,*,"","","","Extension {[]} {[]}
","Additional content defined by implementations","May be used to represent additional information that is not part of the basic definition of the element. To make the use of extensions safe and manageable, there is a strict set of governance  applied to the definition and use of extensions. Though any implementer can define an extension, there is a set of requirements that SHALL be met as part of the definition of the extension.","There can be no stigma associated with the use of extensions by any application, project, or standard - regardless of the institution or jurisdiction that uses or defines the extensions.  The use of extensions is what allows the FHIR specification to retain a core level of simplicity for everyone.","","","","","","","","",,,,,"","value:url}
","Extensions are always sliced by (at least) url",,"open","Element.extension",0,*,"","ele-1:All FHIR elements must have a @value or children {hasValue() or (children().count() > id.count())}
ext-1:Must have either extensions or value[x], not both {extension.exists() != value.exists()}"
"schedule-funding-attributes","Extension.extension:productMultiple","Extension.extension","productMultiple","","",0,1,"","","","Extension {[]} {[]}
","Extension","An Extension","","","","","","","","","",,,,,"",,,,"Element.extension",0,*,"","ele-1:All FHIR elements must have a @value or children {hasValue() or (children().count() > id.count())}
ext-1:Must have either extensions or value[x], not both {extension.exists() != value.exists()}"
"schedule-funding-attributes","Extension.extension:productMultiple.id","Extension.extension.id","","","",0,1,"","","","string {[]} {[]}
","Unique id for inter-element referencing","Unique id for the element within a resource (for internal references). This may be any string value that does not contain spaces.","","","","","","","","","",,,,,"",,,,"Element.id",0,1,"",""
"schedule-funding-attributes","Extension.extension:productMultiple.extension","Extension.extension.extension","","","",0,0,"","","","Extension {[]} {[]}
","Extension","An Extension","","","","","","","","","",,,,,"","value:url}
","Extensions are always sliced by (at least) url",,"open","Element.extension",0,*,"","ele-1:All FHIR elements must have a @value or children {hasValue() or (children().count() > id.count())}
ext-1:Must have either extensions or value[x], not both {extension.exists() != value.exists()}"
"schedule-funding-attributes","Extension.extension:productMultiple.url","Extension.extension.url","","","",1,1,"","","","uri {[]} {[]}
","identifies the meaning of the extension","Source of the definition for the extension code - a logical name or a URL.","The definition may point directly to a computable or human-readable definition of the extensibility codes, or it may be a logical URI as declared in some other specification. The definition SHALL be a URI for the Structure Definition defining the extension.","","","","<valueUri xmlns=""http://hl7.org/fhir"" value=""productMultiple""/>","","","","",,,,,"",,,,"Extension.url",1,1,"",""
"schedule-funding-attributes","Extension.extension:productMultiple.value[x]","Extension.extension.value[x]","","","",0,1,"","","","boolean {[]} {[]}
","Product multiple flag","Value of extension - must be one of a constrained set of the data types (see [Extensibility](http://hl7.org/fhir/R4/extensibility.html) for a list).","","","","","","","","","",,,,,"",,,,"Extension.value[x]",0,1,"","ele-1:All FHIR elements must have a @value or children {hasValue() or (children().count() > id.count())}
"
"schedule-funding-attributes","Extension.extension:productMultiplier","Extension.extension","productMultiplier","","",0,1,"","","","Extension {[]} {[]}
","Extension","An Extension","","","","","","","","","",,,,,"",,,,"Element.extension",0,*,"","ele-1:All FHIR elements must have a @value or children {hasValue() or (children().count() > id.count())}
ext-1:Must have either extensions or value[x], not both {extension.exists() != value.exists()}"
"schedule-funding-attributes","Extension.extension:productMultiplier.id","Extension.extension.id","","","",0,1,"","","","string {[]} {[]}
","Unique id for inter-element referencing","Unique id for the element within a resource (for internal references). This may be any string value that does not contain spaces.","","","","","","","","","",,,,,"",,,,"Element.id",0,1,"",""
"schedule-funding-attributes","Extension.extension:productMultiplier.extension","Extension.extension.extension","","","",0,0,"","","","Extension {[]} {[]}
","Extension","An Extension","","","","","","","","","",,,,,"","value:url}
","Extensions are always sliced by (at least) url",,"open","Element.extension",0,*,"","ele-1:All FHIR elements must have a @value or children {hasValue() or (children().count() > id.count())}
ext-1:Must have either extensions or value[x], not both {extension.exists() != value.exists()}"
"schedule-funding-attributes","Extension.extension:productMultiplier.url","Extension.extension.url","","","",1,1,"","","","uri {[]} {[]}
","identifies the meaning of the extension","Source of the definition for the extension code - a logical name or a URL.","The definition may point directly to a computable or human-readable definition of the extensibility codes, or it may be a logical URI as declared in some other specification. The definition SHALL be a URI for the Structure Definition defining the extension.","","","","<valueUri xmlns=""http://hl7.org/fhir"" value=""productMultiplier""/>","","","","",,,,,"",,,,"Extension.url",1,1,"",""
"schedule-funding-attributes","Extension.extension:productMultiplier.value[x]","Extension.extension.value[x]","","","",0,1,"","","","integer {[]} {[]}
","Product multiplier value","Value of extension - must be one of a constrained set of the data types (see [Extensibility](http://hl7.org/fhir/R4/extensibility.html) for a list).","","","","","","","","","",,,,,"",,,,"Extension.value[x]",0,1,"","ele-1:All FHIR elements must have a @value or children {hasValue() or (children().count() > id.count())}
"
"schedule-funding-attributes","Extension.extension:originalPack","Extension.extension","originalPack","","",0,1,"","","","Extension {[]} {[]}
","Extension","An Extension","","","","","","","","","",,,,,"",,,,"Element.extension",0,*,"","ele-1:All FHIR elements must have a @value or children {hasValue() or (children().count() > id.count())}
ext-1:Must have either extensions or value[x], not both {extension.exists() != value.exists()}"
"schedule-funding-attributes","Extension.extension:originalPack.id","Extension.extension.id","","","",0,1,"","","","string {[]} {[]}
","Unique id for inter-element referencing","Unique id for the element within a resource (for internal references). This may be any string value that does not contain spaces.","","","","","","","","","",,,,,"",,,,"Element.id",0,1,"",""
"schedule-funding-attributes","Extension.extension:originalPack.extension","Extension.extension.extension","","","",0,0,"","","","Extension {[]} {[]}
","Extension","An Extension","","","","","","","","","",,,,,"","value:url}
","Extensions are always sliced by (at least) url",,"open","Element.extension",0,*,"","ele-1:All FHIR elements must have a @value or children {hasValue() or (children().count() > id.count())}
ext-1:Must have either extensions or value[x], not both {extension.exists() != value.exists()}"
"schedule-funding-attributes","Extension.extension:originalPack.url","Extension.extension.url","","","",1,1,"","","","uri {[]} {[]}
","identifies the meaning of the extension","Source of the definition for the extension code - a logical name or a URL.","The definition may point directly to a computable or human-readable definition of the extensibility codes, or it may be a logical URI as declared in some other specification. The definition SHALL be a URI for the Structure Definition defining the extension.","","","","<valueUri xmlns=""http://hl7.org/fhir"" value=""originalPack""/>","","","","",,,,,"",,,,"Extension.url",1,1,"",""
"schedule-funding-attributes","Extension.extension:originalPack.value[x]","Extension.extension.value[x]","","","",0,1,"","","","boolean {[]} {[]}
","Original pack flag","Value of extension - must be one of a constrained set of the data types (see [Extensibility](http://hl7.org/fhir/R4/extensibility.html) for a list).","","","","","","","","","",,,,,"",,,,"Extension.value[x]",0,1,"","ele-1:All FHIR elements must have a @value or children {hasValue() or (children().count() > id.count())}
"
"schedule-funding-attributes","Extension.extension:safetyListMedicine","Extension.extension","safetyListMedicine","","",0,1,"","","","Extension {[]} {[]}
","Extension","An Extension","","","","","","","","","",,,,,"",,,,"Element.extension",0,*,"","ele-1:All FHIR elements must have a @value or children {hasValue() or (children().count() > id.count())}
ext-1:Must have either extensions or value[x], not both {extension.exists() != value.exists()}"
"schedule-funding-attributes","Extension.extension:safetyListMedicine.id","Extension.extension.id","","","",0,1,"","","","string {[]} {[]}
","Unique id for inter-element referencing","Unique id for the element within a resource (for internal references). This may be any string value that does not contain spaces.","","","","","","","","","",,,,,"",,,,"Element.id",0,1,"",""
"schedule-funding-attributes","Extension.extension:safetyListMedicine.extension","Extension.extension.extension","","","",0,0,"","","","Extension {[]} {[]}
","Extension","An Extension","","","","","","","","","",,,,,"","value:url}
","Extensions are always sliced by (at least) url",,"open","Element.extension",0,*,"","ele-1:All FHIR elements must have a @value or children {hasValue() or (children().count() > id.count())}
ext-1:Must have either extensions or value[x], not both {extension.exists() != value.exists()}"
"schedule-funding-attributes","Extension.extension:safetyListMedicine.url","Extension.extension.url","","","",1,1,"","","","uri {[]} {[]}
","identifies the meaning of the extension","Source of the definition for the extension code - a logical name or a URL.","The definition may point directly to a computable or human-readable definition of the extensibility codes, or it may be a logical URI as declared in some other specification. The definition SHALL be a URI for the Structure Definition defining the extension.","","","","<valueUri xmlns=""http://hl7.org/fhir"" value=""safetyListMedicine""/>","","","","",,,,,"",,,,"Extension.url",1,1,"",""
"schedule-funding-attributes","Extension.extension:safetyListMedicine.value[x]","Extension.extension.value[x]","","","",0,1,"","","","boolean {[]} {[]}
","Safety list medicine flag","Value of extension - must be one of a constrained set of the data types (see [Extensibility](http://hl7.org/fhir/R4/extensibility.html) for a list).","","","","","","","","","",,,,,"",,,,"Extension.value[x]",0,1,"","ele-1:All FHIR elements must have a @value or children {hasValue() or (children().count() > id.count())}
"
"schedule-funding-attributes","Extension.extension:costBrandSource","Extension.extension","costBrandSource","","",0,1,"","","","Extension {[]} {[]}
","Extension","An Extension","","","","","","","","","",,,,,"",,,,"Element.extension",0,*,"","ele-1:All FHIR elements must have a @value or children {hasValue() or (children().count() > id.count())}
ext-1:Must have either extensions or value[x], not both {extension.exists() != value.exists()}"
"schedule-funding-attributes","Extension.extension:costBrandSource.id","Extension.extension.id","","","",0,1,"","","","string {[]} {[]}
","Unique id for inter-element referencing","Unique id for the element within a resource (for internal references). This may be any string value that does not contain spaces.","","","","","","","","","",,,,,"",,,,"Element.id",0,1,"",""
"schedule-funding-attributes","Extension.extension:costBrandSource.extension","Extension.extension.extension","","","",0,0,"","","","Extension {[]} {[]}
","Extension","An Extension","","","","","","","","","",,,,,"","value:url}
","Extensions are always sliced by (at least) url",,"open","Element.extension",0,*,"","ele-1:All FHIR elements must have a @value or children {hasValue() or (children().count() > id.count())}
ext-1:Must have either extensions or value[x], not both {extension.exists() != value.exists()}"
"schedule-funding-attributes","Extension.extension:costBrandSource.url","Extension.extension.url","","","",1,1,"","","","uri {[]} {[]}
","identifies the meaning of the extension","Source of the definition for the extension code - a logical name or a URL.","The definition may point directly to a computable or human-readable definition of the extensibility codes, or it may be a logical URI as declared in some other specification. The definition SHALL be a URI for the Structure Definition defining the extension.","","","","<valueUri xmlns=""http://hl7.org/fhir"" value=""costBrandSource""/>","","","","",,,,,"",,,,"Extension.url",1,1,"",""
"schedule-funding-attributes","Extension.extension:costBrandSource.value[x]","Extension.extension.value[x]","","","",0,1,"","","","boolean {[]} {[]}
","Cost brand source flag","Value of extension - must be one of a constrained set of the data types (see [Extensibility](http://hl7.org/fhir/R4/extensibility.html) for a list).","","","","","","","","","",,,,,"",,,,"Extension.value[x]",0,1,"","ele-1:All FHIR elements must have a @value or children {hasValue() or (children().count() > id.count())}
"
"schedule-funding-attributes","Extension.extension:wastageClaimable","Extension.extension","wastageClaimable","","",0,1,"","","","Extension {[]} {[]}
","Extension","An Extension","","","","","","","","","",,,,,"",,,,"Element.extension",0,*,"","ele-1:All FHIR elements must have a @value or children {hasValue() or (children().count() > id.count())}
ext-1:Must have either extensions or value[x], not both {extension.exists() != value.exists()}"
"schedule-funding-attributes","Extension.extension:wastageClaimable.id","Extension.extension.id","","","",0,1,"","","","string {[]} {[]}
","Unique id for inter-element referencing","Unique id for the element within a resource (for internal references). This may be any string value that does not contain spaces.","","","","","","","","","",,,,,"",,,,"Element.id",0,1,"",""
"schedule-funding-attributes","Extension.extension:wastageClaimable.extension","Extension.extension.extension","","","",0,0,"","","","Extension {[]} {[]}
","Extension","An Extension","","","","","","","","","",,,,,"","value:url}
","Extensions are always sliced by (at least) url",,"open","Element.extension",0,*,"","ele-1:All FHIR elements must have a @value or children {hasValue() or (children().count() > id.count())}
ext-1:Must have either extensions or value[x], not both {extension.exists() != value.exists()}"
"schedule-funding-attributes","Extension.extension:wastageClaimable.url","Extension.extension.url","","","",1,1,"","","","uri {[]} {[]}
","identifies the meaning of the extension","Source of the definition for the extension code - a logical name or a URL.","The definition may point directly to a computable or human-readable definition of the extensibility codes, or it may be a logical URI as declared in some other specification. The definition SHALL be a URI for the Structure Definition defining the extension.","","","","<valueUri xmlns=""http://hl7.org/fhir"" value=""wastageClaimable""/>","","","","",,,,,"",,,,"Extension.url",1,1,"",""
"schedule-funding-attributes","Extension.extension:wastageClaimable.value[x]","Extension.extension.value[x]","","","",0,1,"","","","boolean {[]} {[]}
","Wastage claimable flag","Value of extension - must be one of a constrained set of the data types (see [Extensibility](http://hl7.org/fhir/R4/extensibility.html) for a list).","","","","","","","","","",,,,,"",,,,"Extension.value[x]",0,1,"","ele-1:All FHIR elements must have a @value or children {hasValue() or (children().count() > id.count())}
"
"schedule-funding-attributes","Extension.extension:contractType","Extension.extension","contractType","","",0,1,"","","","Extension {[]} {[]}
","Extension","An Extension","","","","","","","","","",,,,,"",,,,"Element.extension",0,*,"","ele-1:All FHIR elements must have a @value or children {hasValue() or (children().count() > id.count())}
ext-1:Must have either extensions or value[x], not both {extension.exists() != value.exists()}"
"schedule-funding-attributes","Extension.extension:contractType.id","Extension.extension.id","","","",0,1,"","","","string {[]} {[]}
","Unique id for inter-element referencing","Unique id for the element within a resource (for internal references). This may be any string value that does not contain spaces.","","","","","","","","","",,,,,"",,,,"Element.id",0,1,"",""
"schedule-funding-attributes","Extension.extension:contractType.extension","Extension.extension.extension","","","",0,0,"","","","Extension {[]} {[]}
","Extension","An Extension","","","","","","","","","",,,,,"","value:url}
","Extensions are always sliced by (at least) url",,"open","Element.extension",0,*,"","ele-1:All FHIR elements must have a @value or children {hasValue() or (children().count() > id.count())}
ext-1:Must have either extensions or value[x], not both {extension.exists() != value.exists()}"
"schedule-funding-attributes","Extension.extension:contractType.url","Extension.extension.url","","","",1,1,"","","","uri {[]} {[]}
","identifies the meaning of the extension","Source of the definition for the extension code - a logical name or a URL.","The definition may point directly to a computable or human-readable definition of the extensibility codes, or it may be a logical URI as declared in some other specification. The definition SHALL be a URI for the Structure Definition defining the extension.","","","","<valueUri xmlns=""http://hl7.org/fhir"" value=""contractType""/>","","","","",,,,,"",,,,"Extension.url",1,1,"",""
"schedule-funding-attributes","Extension.extension:contractType.value[x]","Extension.extension.value[x]","","","",0,1,"","","","string {[]} {[]}
","Contract type","Value of extension - must be one of a constrained set of the data types (see [Extensibility](http://hl7.org/fhir/R4/extensibility.html) for a list).","","","","","","","","","",,,,,"",,,,"Extension.value[x]",0,1,"","ele-1:All FHIR elements must have a @value or children {hasValue() or (children().count() > id.count())}
"
"schedule-funding-attributes","Extension.extension:dvLimitPercent","Extension.extension","dvLimitPercent","","",0,1,"","","","Extension {[]} {[]}
","Extension","An Extension","","","","","","","","","",,,,,"",,,,"Element.extension",0,*,"","ele-1:All FHIR elements must have a @value or children {hasValue() or (children().count() > id.count())}
ext-1:Must have either extensions or value[x], not both {extension.exists() != value.exists()}"
"schedule-funding-attributes","Extension.extension:dvLimitPercent.id","Extension.extension.id","","","",0,1,"","","","string {[]} {[]}
","Unique id for inter-element referencing","Unique id for the element within a resource (for internal references). This may be any string value that does not contain spaces.","","","","","","","","","",,,,,"",,,,"Element.id",0,1,"",""
"schedule-funding-attributes","Extension.extension:dvLimitPercent.extension","Extension.extension.extension","","","",0,0,"","","","Extension {[]} {[]}
","Extension","An Extension","","","","","","","","","",,,,,"","value:url}
","Extensions are always sliced by (at least) url",,"open","Element.extension",0,*,"","ele-1:All FHIR elements must have a @value or children {hasValue() or (children().count() > id.count())}
ext-1:Must have either extensions or value[x], not both {extension.exists() != value.exists()}"
"schedule-funding-attributes","Extension.extension:dvLimitPercent.url","Extension.extension.url","","","",1,1,"","","","uri {[]} {[]}
","identifies the meaning of the extension","Source of the definition for the extension code - a logical name or a URL.","The definition may point directly to a computable or human-readable definition of the extensibility codes, or it may be a logical URI as declared in some other specification. The definition SHALL be a URI for the Structure Definition defining the extension.","","","","<valueUri xmlns=""http://hl7.org/fhir"" value=""dvLimitPercent""/>","","","","",,,,,"",,,,"Extension.url",1,1,"",""
"schedule-funding-attributes","Extension.extension:dvLimitPercent.value[x]","Extension.extension.value[x]","","","",0,1,"","","","decimal {[]} {[]}
","DV limit percentage","Value of extension - must be one of a constrained set of the data types (see [Extensibility](http://hl7.org/fhir/R4/extensibility.html) for a list).","","","","","","","","","",,,,,"",,,,"Extension.value[x]",0,1,"","ele-1:All FHIR elements must have a @value or children {hasValue() or (children().count() > id.count())}
"
"schedule-funding-attributes","Extension.extension:brandSwitchFee","Extension.extension","brandSwitchFee","","",0,1,"","","","Extension {[]} {[]}
","Extension","An Extension","","","","","","","","","",,,,,"",,,,"Element.extension",0,*,"","ele-1:All FHIR elements must have a @value or children {hasValue() or (children().count() > id.count())}
ext-1:Must have either extensions or value[x], not both {extension.exists() != value.exists()}"
"schedule-funding-attributes","Extension.extension:brandSwitchFee.id","Extension.extension.id","","","",0,1,"","","","string {[]} {[]}
","Unique id for inter-element referencing","Unique id for the element within a resource (for internal references). This may be any string value that does not contain spaces.","","","","","","","","","",,,,,"",,,,"Element.id",0,1,"",""
"schedule-funding-attributes","Extension.extension:brandSwitchFee.extension","Extension.extension.extension","","","",0,0,"","","","Extension {[]} {[]}
","Extension","An Extension","","","","","","","","","",,,,,"","value:url}
","Extensions are always sliced by (at least) url",,"open","Element.extension",0,*,"","ele-1:All FHIR elements must have a @value or children {hasValue() or (children().count() > id.count())}
ext-1:Must have either extensions or value[x], not both {extension.exists() != value.exists()}"
"schedule-funding-attributes","Extension.extension:brandSwitchFee.url","Extension.extension.url","","","",1,1,"","","","uri {[]} {[]}
","identifies the meaning of the extension","Source of the definition for the extension code - a logical name or a URL.","The definition may point directly to a computable or human-readable definition of the extensibility codes, or it may be a logical URI as declared in some other specification. The definition SHALL be a URI for the Structure Definition defining the extension.","","","","<valueUri xmlns=""http://hl7.org/fhir"" value=""brandSwitchFee""/>","","","","",,,,,"",,,,"Extension.url",1,1,"",""
"schedule-funding-attributes","Extension.extension:brandSwitchFee.value[x]","Extension.extension.value[x]","","","",0,1,"","","","boolean {[]} {[]}
","Brand switch fee flag","Value of extension - must be one of a constrained set of the data types (see [Extensibility](http://hl7.org/fhir/R4/extensibility.html) for a list).","","","","","","","","","",,,,,"",,,,"Extension.value[x]",0,1,"","ele-1:All FHIR elements must have a @value or children {hasValue() or (children().count() > id.count())}
"
"schedule-funding-attributes","Extension.extension:statim","Extension.extension","statim","","",0,1,"","","","Extension {[]} {[]}
","Extension","An Extension","","","","","","","","","",,,,,"",,,,"Element.extension",0,*,"","ele-1:All FHIR elements must have a @value or children {hasValue() or (children().count() > id.count())}
ext-1:Must have either extensions or value[x], not both {extension.exists() != value.exists()}"
"schedule-funding-attributes","Extension.extension:statim.id","Extension.extension.id","","","",0,1,"","","","string {[]} {[]}
","Unique id for inter-element referencing","Unique id for the element within a resource (for internal references). This may be any string value that does not contain spaces.","","","","","","","","","",,,,,"",,,,"Element.id",0,1,"",""
"schedule-funding-attributes","Extension.extension:statim.extension","Extension.extension.extension","","","",0,0,"","","","Extension {[]} {[]}
","Extension","An Extension","","","","","","","","","",,,,,"","value:url}
","Extensions are always sliced by (at least) url",,"open","Element.extension",0,*,"","ele-1:All FHIR elements must have a @value or children {hasValue() or (children().count() > id.count())}
ext-1:Must have either extensions or value[x], not both {extension.exists() != value.exists()}"
"schedule-funding-attributes","Extension.extension:statim.url","Extension.extension.url","","","",1,1,"","","","uri {[]} {[]}
","identifies the meaning of the extension","Source of the definition for the extension code - a logical name or a URL.","The definition may point directly to a computable or human-readable definition of the extensibility codes, or it may be a logical URI as declared in some other specification. The definition SHALL be a URI for the Structure Definition defining the extension.","","","","<valueUri xmlns=""http://hl7.org/fhir"" value=""statim""/>","","","","",,,,,"",,,,"Extension.url",1,1,"",""
"schedule-funding-attributes","Extension.extension:statim.value[x]","Extension.extension.value[x]","","","",0,1,"","","","string {[]} {[]}
","Statim applicability","Value of extension - must be one of a constrained set of the data types (see [Extensibility](http://hl7.org/fhir/R4/extensibility.html) for a list).","","","","","","","","","",,,,,"",,,,"Extension.value[x]",0,1,"","ele-1:All FHIR elements must have a @value or children {hasValue() or (children().count() > id.count())}
"
"schedule-funding-attributes","Extension.extension:inCombination","Extension.extension","inCombination","","",0,1,"","","","Extension {[]} {[]}
","Extension","An Extension","","","","","","","","","",,,,,"",,,,"Element.extension",0,*,"","ele-1:All FHIR elements must have a @value or children {hasValue() or (children().count() > id.count())}
ext-1:Must have either extensions or value[x], not both {extension.exists() != value.exists()}"
"schedule-funding-attributes","Extension.extension:inCombination.id","Extension.extension.id","","","",0,1,"","","","string {[]} {[]}
","Unique id for inter-element referencing","Unique id for the element within a resource (for internal references). This may be any string value that does not contain spaces.","","","","","","","","","",,,,,"",,,,"Element.id",0,1,"",""
"schedule-funding-attributes","Extension.extension:inCombination.extension","Extension.extension.extension","","","",0,0,"","","","Extension {[]} {[]}
","Extension","An Extension","","","","","","","","","",,,,,"","value:url}
","Extensions are always sliced by (at least) url",,"open","Element.extension",0,*,"","ele-1:All FHIR elements must have a @value or children {hasValue() or (children().count() > id.count())}
ext-1:Must have either extensions or value[x], not both {extension.exists() != value.exists()}"
"schedule-funding-attributes","Extension.extension:inCombination.url","Extension.extension.url","","","",1,1,"","","","uri {[]} {[]}
","identifies the meaning of the extension","Source of the definition for the extension code - a logical name or a URL.","The definition may point directly to a computable or human-readable definition of the extensibility codes, or it may be a logical URI as declared in some other specification. The definition SHALL be a URI for the Structure Definition defining the extension.","","","","<valueUri xmlns=""http://hl7.org/fhir"" value=""inCombination""/>","","","","",,,,,"",,,,"Extension.url",1,1,"",""
"schedule-funding-attributes","Extension.extension:inCombination.value[x]","Extension.extension.value[x]","","","",0,1,"","","","code {[]} {[]}
","In-combination funding flag","Value of extension - must be one of a constrained set of the data types (see [Extensibility](http://hl7.org/fhir/R4/extensibility.html) for a list).","","","","","","","","","",,,,,"",,,,"Extension.value[x]",0,1,"","ele-1:All FHIR elements must have a @value or children {hasValue() or (children().count() > id.count())}
"
"schedule-funding-attributes","Extension.extension:section29","Extension.extension","section29","","",0,1,"","","","Extension {[]} {[]}
","Extension","An Extension","","","","","","","","","",,,,,"",,,,"Element.extension",0,*,"","ele-1:All FHIR elements must have a @value or children {hasValue() or (children().count() > id.count())}
ext-1:Must have either extensions or value[x], not both {extension.exists() != value.exists()}"
"schedule-funding-attributes","Extension.extension:section29.id","Extension.extension.id","","","",0,1,"","","","string {[]} {[]}
","Unique id for inter-element referencing","Unique id for the element within a resource (for internal references). This may be any string value that does not contain spaces.","","","","","","","","","",,,,,"",,,,"Element.id",0,1,"",""
"schedule-funding-attributes","Extension.extension:section29.extension","Extension.extension.extension","","","",0,0,"","","","Extension {[]} {[]}
","Extension","An Extension","","","","","","","","","",,,,,"","value:url}
","Extensions are always sliced by (at least) url",,"open","Element.extension",0,*,"","ele-1:All FHIR elements must have a @value or children {hasValue() or (children().count() > id.count())}
ext-1:Must have either extensions or value[x], not both {extension.exists() != value.exists()}"
"schedule-funding-attributes","Extension.extension:section29.url","Extension.extension.url","","","",1,1,"","","","uri {[]} {[]}
","identifies the meaning of the extension","Source of the definition for the extension code - a logical name or a URL.","The definition may point directly to a computable or human-readable definition of the extensibility codes, or it may be a logical URI as declared in some other specification. The definition SHALL be a URI for the Structure Definition defining the extension.","","","","<valueUri xmlns=""http://hl7.org/fhir"" value=""section29""/>","","","","",,,,,"",,,,"Extension.url",1,1,"",""
"schedule-funding-attributes","Extension.extension:section29.value[x]","Extension.extension.value[x]","","","",0,1,"","","","boolean {[]} {[]}
","Section 29 applicability","Value of extension - must be one of a constrained set of the data types (see [Extensibility](http://hl7.org/fhir/R4/extensibility.html) for a list).","","","","","","","","","",,,,,"",,,,"Extension.value[x]",0,1,"","ele-1:All FHIR elements must have a @value or children {hasValue() or (children().count() > id.count())}
"
"schedule-funding-attributes","Extension.extension:coPaymentMin","Extension.extension","coPaymentMin","","",0,1,"","","","Extension {[]} {[]}
","Extension","An Extension","","","","","","","","","",,,,,"",,,,"Element.extension",0,*,"","ele-1:All FHIR elements must have a @value or children {hasValue() or (children().count() > id.count())}
ext-1:Must have either extensions or value[x], not both {extension.exists() != value.exists()}"
"schedule-funding-attributes","Extension.extension:coPaymentMin.id","Extension.extension.id","","","",0,1,"","","","string {[]} {[]}
","Unique id for inter-element referencing","Unique id for the element within a resource (for internal references). This may be any string value that does not contain spaces.","","","","","","","","","",,,,,"",,,,"Element.id",0,1,"",""
"schedule-funding-attributes","Extension.extension:coPaymentMin.extension","Extension.extension.extension","","","",0,0,"","","","Extension {[]} {[]}
","Extension","An Extension","","","","","","","","","",,,,,"","value:url}
","Extensions are always sliced by (at least) url",,"open","Element.extension",0,*,"","ele-1:All FHIR elements must have a @value or children {hasValue() or (children().count() > id.count())}
ext-1:Must have either extensions or value[x], not both {extension.exists() != value.exists()}"
"schedule-funding-attributes","Extension.extension:coPaymentMin.url","Extension.extension.url","","","",1,1,"","","","uri {[]} {[]}
","identifies the meaning of the extension","Source of the definition for the extension code - a logical name or a URL.","The definition may point directly to a computable or human-readable definition of the extensibility codes, or it may be a logical URI as declared in some other specification. The definition SHALL be a URI for the Structure Definition defining the extension.","","","","<valueUri xmlns=""http://hl7.org/fhir"" value=""coPaymentMin""/>","","","","",,,,,"",,,,"Extension.url",1,1,"",""
"schedule-funding-attributes","Extension.extension:coPaymentMin.value[x]","Extension.extension.value[x]","","","",0,1,"","","","code {[]} {[]}
","Co-payment minimum applicability","Value of extension - must be one of a constrained set of the data types (see [Extensibility](http://hl7.org/fhir/R4/extensibility.html) for a list).","","","","","","","","","",,,,,"",,,,"Extension.value[x]",0,1,"","ele-1:All FHIR elements must have a @value or children {hasValue() or (children().count() > id.count())}
"
"schedule-funding-attributes","Extension.extension:coPaymentMax","Extension.extension","coPaymentMax","","",0,1,"","","","Extension {[]} {[]}
","Extension","An Extension","","","","","","","","","",,,,,"",,,,"Element.extension",0,*,"","ele-1:All FHIR elements must have a @value or children {hasValue() or (children().count() > id.count())}
ext-1:Must have either extensions or value[x], not both {extension.exists() != value.exists()}"
"schedule-funding-attributes","Extension.extension:coPaymentMax.id","Extension.extension.id","","","",0,1,"","","","string {[]} {[]}
","Unique id for inter-element referencing","Unique id for the element within a resource (for internal references). This may be any string value that does not contain spaces.","","","","","","","","","",,,,,"",,,,"Element.id",0,1,"",""
"schedule-funding-attributes","Extension.extension:coPaymentMax.extension","Extension.extension.extension","","","",0,0,"","","","Extension {[]} {[]}
","Extension","An Extension","","","","","","","","","",,,,,"","value:url}
","Extensions are always sliced by (at least) url",,"open","Element.extension",0,*,"","ele-1:All FHIR elements must have a @value or children {hasValue() or (children().count() > id.count())}
ext-1:Must have either extensions or value[x], not both {extension.exists() != value.exists()}"
"schedule-funding-attributes","Extension.extension:coPaymentMax.url","Extension.extension.url","","","",1,1,"","","","uri {[]} {[]}
","identifies the meaning of the extension","Source of the definition for the extension code - a logical name or a URL.","The definition may point directly to a computable or human-readable definition of the extensibility codes, or it may be a logical URI as declared in some other specification. The definition SHALL be a URI for the Structure Definition defining the extension.","","","","<valueUri xmlns=""http://hl7.org/fhir"" value=""coPaymentMax""/>","","","","",,,,,"",,,,"Extension.url",1,1,"",""
"schedule-funding-attributes","Extension.extension:coPaymentMax.value[x]","Extension.extension.value[x]","","","",0,1,"","","","code {[]} {[]}
","Co-payment maximum applicability","Value of extension - must be one of a constrained set of the data types (see [Extensibility](http://hl7.org/fhir/R4/extensibility.html) for a list).","","","","","","","","","",,,,,"",,,,"Extension.value[x]",0,1,"","ele-1:All FHIR elements must have a @value or children {hasValue() or (children().count() > id.count())}
"
"schedule-funding-attributes","Extension.url","Extension.url","","","",1,1,"","","","uri {[]} {[]}
","identifies the meaning of the extension","Source of the definition for the extension code - a logical name or a URL.","The definition may point directly to a computable or human-readable definition of the extensibility codes, or it may be a logical URI as declared in some other specification. The definition SHALL be a URI for the Structure Definition defining the extension.","","","","<valueUri xmlns=""http://hl7.org/fhir"" value=""https://fhir-ig.digital.health.nz/pharmac-schedules/StructureDefinition/schedule-funding-attributes""/>","","","","",,,,,"",,,,"Extension.url",1,1,"",""
"schedule-funding-attributes","Extension.value[x]","Extension.value[x]","","","",0,0,"","","","base64Binary {[]} {[]}
boolean {[]} {[]}canonical {[]} {[]}code {[]} {[]}date {[]} {[]}dateTime {[]} {[]}decimal {[]} {[]}id {[]} {[]}instant {[]} {[]}integer {[]} {[]}markdown {[]} {[]}oid {[]} {[]}positiveInt {[]} {[]}string {[]} {[]}time {[]} {[]}unsignedInt {[]} {[]}uri {[]} {[]}url {[]} {[]}uuid {[]} {[]}Address {[]} {[]}Age {[]} {[]}Annotation {[]} {[]}Attachment {[]} {[]}CodeableConcept {[]} {[]}Coding {[]} {[]}ContactPoint {[]} {[]}Count {[]} {[]}Distance {[]} {[]}Duration {[]} {[]}HumanName {[]} {[]}Identifier {[]} {[]}Money {[]} {[]}Period {[]} {[]}Quantity {[]} {[]}Range {[]} {[]}Ratio {[]} {[]}Reference {[]} {[]}SampledData {[]} {[]}Signature {[]} {[]}Timing {[]} {[]}ContactDetail {[]} {[]}Contributor {[]} {[]}DataRequirement {[]} {[]}Expression {[]} {[]}ParameterDefinition {[]} {[]}RelatedArtifact {[]} {[]}TriggerDefinition {[]} {[]}UsageContext {[]} {[]}Dosage {[]} {[]}Meta {[]} {[]}","Value of extension","Value of extension - must be one of a constrained set of the data types (see [Extensibility](http://hl7.org/fhir/R4/extensibility.html) for a list).","","","","","","","","","",,,,,"",,,,"Extension.value[x]",0,1,"","ele-1:All FHIR elements must have a @value or children {hasValue() or (children().count() > id.count())}
"
"statim","Extension","Extension","","","",0,*,"","","","null {[]} {[]}
","Statim (Urgent Dispensing)","Indicates whether stat (urgent) dispensing rules apply for this item.","","","","","","","","","",,,,,"",,,,"Extension",0,*,"ele-1
","ele-1:All FHIR elements must have a @value or children {hasValue() or (children().count() > id.count())}
ext-1:Must have either extensions or value[x], not both {extension.exists() != value.exists()}"
"statim","Extension.id","Extension.id","","","",0,1,"","","","string {[]} {[]}
","Unique id for inter-element referencing","Unique id for the element within a resource (for internal references). This may be any string value that does not contain spaces.","","","","","","","","","",,,,,"",,,,"Element.id",0,1,"",""
"statim","Extension.extension","Extension.extension","","","",0,0,"","","","Extension {[]} {[]}
","Extension","An Extension","","","","","","","","","",,,,,"","value:url}
","Extensions are always sliced by (at least) url",,"open","Element.extension",0,*,"","ele-1:All FHIR elements must have a @value or children {hasValue() or (children().count() > id.count())}
ext-1:Must have either extensions or value[x], not both {extension.exists() != value.exists()}"
"statim","Extension.url","Extension.url","","","",1,1,"","","","uri {[]} {[]}
","identifies the meaning of the extension","Source of the definition for the extension code - a logical name or a URL.","The definition may point directly to a computable or human-readable definition of the extensibility codes, or it may be a logical URI as declared in some other specification. The definition SHALL be a URI for the Structure Definition defining the extension.","","","","<valueUri xmlns=""http://hl7.org/fhir"" value=""https://fhir-ig.digital.health.nz/pharmac-schedules/StructureDefinition/statim""/>","","","","",,,,,"",,,,"Extension.url",1,1,"",""
"statim","Extension.value[x]","Extension.value[x]","","","",0,1,"","","","string {[]} {[]}
","Statim flag","Value of extension - must be one of a constrained set of the data types (see [Extensibility](http://hl7.org/fhir/R4/extensibility.html) for a list).","","","","","","","","","",,,,,"",,,,"Extension.value[x]",0,1,"","ele-1:All FHIR elements must have a @value or children {hasValue() or (children().count() > id.count())}
"
"wastage-claimable","Extension","Extension","","","",0,*,"","","","null {[]} {[]}
","Wastage Claimable","Indicates whether wastage for this item may be claimed.","","","","","","","","","",,,,,"",,,,"Extension",0,*,"ele-1
","ele-1:All FHIR elements must have a @value or children {hasValue() or (children().count() > id.count())}
ext-1:Must have either extensions or value[x], not both {extension.exists() != value.exists()}"
"wastage-claimable","Extension.id","Extension.id","","","",0,1,"","","","string {[]} {[]}
","Unique id for inter-element referencing","Unique id for the element within a resource (for internal references). This may be any string value that does not contain spaces.","","","","","","","","","",,,,,"",,,,"Element.id",0,1,"",""
"wastage-claimable","Extension.extension","Extension.extension","","","",0,0,"","","","Extension {[]} {[]}
","Extension","An Extension","","","","","","","","","",,,,,"","value:url}
","Extensions are always sliced by (at least) url",,"open","Element.extension",0,*,"","ele-1:All FHIR elements must have a @value or children {hasValue() or (children().count() > id.count())}
ext-1:Must have either extensions or value[x], not both {extension.exists() != value.exists()}"
"wastage-claimable","Extension.url","Extension.url","","","",1,1,"","","","uri {[]} {[]}
","identifies the meaning of the extension","Source of the definition for the extension code - a logical name or a URL.","The definition may point directly to a computable or human-readable definition of the extensibility codes, or it may be a logical URI as declared in some other specification. The definition SHALL be a URI for the Structure Definition defining the extension.","","","","<valueUri xmlns=""http://hl7.org/fhir"" value=""https://fhir-ig.digital.health.nz/pharmac-schedules/StructureDefinition/wastage-claimable""/>","","","","",,,,,"",,,,"Extension.url",1,1,"",""
"wastage-claimable","Extension.value[x]","Extension.value[x]","","","",0,1,"","","","boolean {[]} {[]}
","Wastage claimable flag","Value of extension - must be one of a constrained set of the data types (see [Extensibility](http://hl7.org/fhir/R4/extensibility.html) for a list).","","","","","","","","","",,,,,"",,,,"Extension.value[x]",0,1,"","ele-1:All FHIR elements must have a @value or children {hasValue() or (children().count() > id.count())}
"
