"Id","Path","Slice Name","Alias(s)","Label","Min","Max","Must Support?","Is Modifier?","Is Summary?","Type(s)","Short","Definition","Comments","Requirements","Default Value","Meaning When Missing","Fixed Value","Pattern","Example","Minimum Value","Maximum Value","Maximum Length","Binding Strength","Binding Description","Binding Value Set","Code","Slicing Discriminator","Slicing Description","Slicing Ordered","Slicing Rules","Base Path","Base Min","Base Max","Condition(s)","Constraint(s)","Mapping: RIM Mapping","Mapping: Workflow Pattern","Mapping: FiveWs Pattern Mapping","Mapping: Object Implementation Information"
"ChargeItemDefinition","ChargeItemDefinition","","","",0,*,"","","","null {[]} {[]}
","Definition of properties and rules about how the price and the applicability of a ChargeItem can be determined","The ChargeItemDefinition resource provides the properties that apply to the (billing) codes necessary to calculate costs and prices. The properties may differ largely depending on type and realm, therefore this resource gives only a rough structure and requires profiling for each type of billing code system.","","","","","","","","","",,,,,"",,,,"ChargeItemDefinition",0,*,"","cid-0:Name should be usable as an identifier for the module by machine processing applications such as code generation {name.matches('[A-Z]([A-Za-z0-9_]){0,254}')}
dom-2:If the resource is contained in another resource, it SHALL NOT contain nested Resources {contained.contained.empty()}dom-3:If the resource is contained in another resource, it SHALL be referred to from elsewhere in the resource or SHALL refer to the containing resource {contained.where((('#'+id in (%resource.descendants().reference | %resource.descendants().as(canonical) | %resource.descendants().as(uri) | %resource.descendants().as(url))) or descendants().where(reference = '#').exists() or descendants().where(as(canonical) = '#').exists() or descendants().where(as(canonical) = '#').exists()).not()).trace('unmatched', id).empty()}dom-4:If a resource is contained in another resource, it SHALL NOT have a meta.versionId or a meta.lastUpdated {contained.meta.versionId.empty() and contained.meta.lastUpdated.empty()}dom-5:If a resource is contained in another resource, it SHALL NOT have a security label {contained.meta.security.empty()}dom-6:A resource should have narrative for robust management {text.`div`.exists()}","Entity. Role, or Act","N/A"
"ChargeItemDefinition.id","ChargeItemDefinition.id","","","",0,1,"","","Y","id {[]} {[]}
","Logical id of this artifact","The logical id of the resource, as used in the URL for the resource. Once assigned, this value never changes.","The only time that a resource does not have an id is when it is being submitted to the server using a create operation.","","","","","","","","",,,,,"",,,,"Resource.id",0,1,"",""
"ChargeItemDefinition.meta","ChargeItemDefinition.meta","","","",0,1,"","","Y","Meta {[]} {[]}
","Metadata about the resource","The metadata about the resource. This is content that is maintained by the infrastructure. Changes to the content might not always be associated with version changes to the resource.","","","","","","","","","",,,,,"",,,,"Resource.meta",0,1,"","ele-1:All FHIR elements must have a @value or children {hasValue() or (children().count() > id.count())}
"
"ChargeItemDefinition.implicitRules","ChargeItemDefinition.implicitRules","","","",0,1,"","Y","Y","uri {[]} {[]}
","A set of rules under which this content was created","A reference to a set of rules that were followed when the resource was constructed, and which must be understood when processing the content. Often, this is a reference to an implementation guide that defines the special rules along with other profiles etc.","Asserting this rule set restricts the content to be only understood by a limited set of trading partners. This inherently limits the usefulness of the data in the long term. However, the existing health eco-system is highly fractured, and not yet ready to define, collect, and exchange data in a generally computable sense. Wherever possible, implementers and/or specification writers should avoid using this element. Often, when used, the URL is a reference to an implementation guide that defines these special rules as part of it's narrative along with other profiles, value sets, etc.","","","","","","","","",,,,,"",,,,"Resource.implicitRules",0,1,"","ele-1:All FHIR elements must have a @value or children {hasValue() or (children().count() > id.count())}
"
"ChargeItemDefinition.language","ChargeItemDefinition.language","","","",0,1,"","","","code {[]} {[]}
","Language of the resource content","The base language in which the resource is written.","Language is provided to support indexing and accessibility (typically, services such as text to speech use the language tag). The html language tag in the narrative applies  to the narrative. The language tag on the resource may be used to specify the language of other presentations generated from the data in the resource. Not all the content has to be in the base language. The Resource.language should not be assumed to apply to the narrative automatically. If a language is specified, it should it also be specified on the div element in the html (see rules in HTML5 for information about the relationship between xml:lang and the html lang attribute).","","","","","","","","",,"preferred","A human language.","http://hl7.org/fhir/ValueSet/languages|4.0.1","",,,,"Resource.language",0,1,"","ele-1:All FHIR elements must have a @value or children {hasValue() or (children().count() > id.count())}
"
"ChargeItemDefinition.text","ChargeItemDefinition.text","","narrative
htmlxhtmldisplay","",0,1,"","","","Narrative {[]} {[]}
","Text summary of the resource, for human interpretation","A human-readable narrative that contains a summary of the resource and can be used to represent the content of the resource to a human. The narrative need not encode all the structured data, but is required to contain sufficient detail to make it ""clinically safe"" for a human to just read the narrative. Resource definitions may define what content should be represented in the narrative to ensure clinical safety.","Contained resources do not have narrative. Resources that are not contained SHOULD have a narrative. In some cases, a resource may only have text with little or no additional discrete data (as long as all minOccurs=1 elements are satisfied).  This may be necessary for data from legacy systems where information is captured as a ""text blob"" or where text is additionally entered raw or narrated and encoded information is added later.","","","","","","","","",,,,,"",,,,"DomainResource.text",0,1,"","ele-1:All FHIR elements must have a @value or children {hasValue() or (children().count() > id.count())}
","Act.text?"
"ChargeItemDefinition.contained","ChargeItemDefinition.contained","","inline resources
anonymous resourcescontained resources","",0,*,"","","","Resource {[]} {[]}
","Contained, inline Resources","These resources do not have an independent existence apart from the resource that contains them - they cannot be identified independently, and nor can they have their own independent transaction scope.","This should never be done when the content can be identified properly, as once identification is lost, it is extremely difficult (and context dependent) to restore it again. Contained resources may have profiles and tags In their meta elements, but SHALL NOT have security labels.","","","","","","","","",,,,,"",,,,"DomainResource.contained",0,*,"","","N/A"
"ChargeItemDefinition.extension","ChargeItemDefinition.extension","","","",2,*,"","","","Extension {[]} {[]}
","Extension","An Extension","","","","","","","","","",,,,,"","value:url}
","",,"open","DomainResource.extension",0,*,"","ele-1:All FHIR elements must have a @value or children {hasValue() or (children().count() > id.count())}
ext-1:Must have either extensions or value[x], not both {extension.exists() != value.exists()}"
"ChargeItemDefinition.extension:effectiveDate","ChargeItemDefinition.extension","effectiveDate","","",1,1,"Y","","","Extension {[CanonicalType[https://fhir-ig.digital.health.nz/pharmac-schedules/StructureDefinition/pricing-effective-date]]} {[]}
","Effective date for this funding rule","The date from which this funding rule becomes effective","","","","","","","","","",,,,,"",,,,"DomainResource.extension",0,*,"ele-1
","ele-1:All FHIR elements must have a @value or children {hasValue() or (children().count() > id.count())}
ext-1:Must have either extensions or value[x], not both {extension.exists() != value.exists()}"
"ChargeItemDefinition.extension:expiryDate","ChargeItemDefinition.extension","expiryDate","","",0,1,"Y","","","Extension {[CanonicalType[https://fhir-ig.digital.health.nz/pharmac-schedules/StructureDefinition/pricing-expiry-date]]} {[]}
","Expiry date for this funding rule","The date on which this funding rule expires (optional)","","","","","","","","","",,,,,"",,,,"DomainResource.extension",0,*,"ele-1
","ele-1:All FHIR elements must have a @value or children {hasValue() or (children().count() > id.count())}
ext-1:Must have either extensions or value[x], not both {extension.exists() != value.exists()}"
"ChargeItemDefinition.extension:authorizationForm","ChargeItemDefinition.extension","authorizationForm","","",0,0,"Y","","","Extension {[CanonicalType[https://fhir-ig.digital.health.nz/pharmac-schedules/StructureDefinition/authorization-form]]} {[]}
","Authorization Form","The special authorization form code required for this medication (e.g., 'SA2535'). This identifies the specific PHARMAC authorization form that prescribers must complete for patient eligibility.","","","","","","","","","",,,,,"",,,,"DomainResource.extension",0,*,"ele-1
","ele-1:All FHIR elements must have a @value or children {hasValue() or (children().count() > id.count())}
ext-1:Must have either extensions or value[x], not both {extension.exists() != value.exists()}"
"ChargeItemDefinition.extension:authorizationTitle","ChargeItemDefinition.extension","authorizationTitle","","",0,0,"Y","","","Extension {[CanonicalType[https://fhir-ig.digital.health.nz/pharmac-schedules/StructureDefinition/authorization-title]]} {[]}
","Authorization Title","A human-readable title for the authorization requirement (e.g., 'Budesonide - Special Authorization Required'). This provides context for the authorization need.","","","","","","","","","",,,,,"",,,,"DomainResource.extension",0,*,"ele-1
","ele-1:All FHIR elements must have a @value or children {hasValue() or (children().count() > id.count())}
ext-1:Must have either extensions or value[x], not both {extension.exists() != value.exists()}"
"ChargeItemDefinition.extension:authorizationCaseCount","ChargeItemDefinition.extension","authorizationCaseCount","","",0,0,"Y","","","Extension {[CanonicalType[https://fhir-ig.digital.health.nz/pharmac-schedules/StructureDefinition/authorization-case-count]]} {[]}
","Authorization Case Count","The number of authorization cases or approval criteria specified in the authorization requirement. This indicates how many different clinical scenarios or conditions have distinct approval pathways.","","","","","","","","","",,,,,"",,,,"DomainResource.extension",0,*,"ele-1
","ele-1:All FHIR elements must have a @value or children {hasValue() or (children().count() > id.count())}
ext-1:Must have either extensions or value[x], not both {extension.exists() != value.exists()}"
"ChargeItemDefinition.extension:deviceDefinition","ChargeItemDefinition.extension","deviceDefinition","","",0,*,"Y","","","Extension {[CanonicalType[https://fhir-ig.digital.health.nz/pharmac-schedules/StructureDefinition/device-definition-reference]]} {[]}
","Device Definition Reference","Reference to the DeviceDefinition that these funding rules apply to","","","","","","","","","",,,,,"",,,,"DomainResource.extension",0,*,"ele-1
","ele-1:All FHIR elements must have a @value or children {hasValue() or (children().count() > id.count())}
ext-1:Must have either extensions or value[x], not both {extension.exists() != value.exists()}"
"ChargeItemDefinition.extension:fundingRule","ChargeItemDefinition.extension","fundingRule","","",1,*,"Y","","","Extension {[CanonicalType[http://schedule.pharmac.govt.nz/fhir/StructureDefinition/funding-rule]]} {[]}
","Funding rules and conditions (REQUIRED)","Funding rules that define conditions, restrictions, case sequences, and funding mechanism types (e.g., Prescription, BSO, Rural PSO). This is the primary defining characteristic of this profile.","","","","","","","","","",,,,,"",,,,"DomainResource.extension",0,*,"ele-1
","ele-1:All FHIR elements must have a @value or children {hasValue() or (children().count() > id.count())}
ext-1:Must have either extensions or value[x], not both {extension.exists() != value.exists()}"
"ChargeItemDefinition.extension:fundingRule.id","ChargeItemDefinition.extension.id","","","",0,1,"","","","string {[]} {[]}
","Unique id for inter-element referencing","Unique id for the element within a resource (for internal references). This may be any string value that does not contain spaces.","","","","","","","","","",,,,,"",,,,"Element.id",0,1,"","","n/a"
"ChargeItemDefinition.extension:fundingRule.extension","ChargeItemDefinition.extension.extension","","","",1,*,"","","","Extension {[]} {[]}
","Extension","An Extension","","","","","","","","","",,,,,"","value:url}
","Extensions are always sliced by (at least) url",,"open","Element.extension",0,*,"","ele-1:All FHIR elements must have a @value or children {hasValue() or (children().count() > id.count())}
ext-1:Must have either extensions or value[x], not both {extension.exists() != value.exists()}"
"ChargeItemDefinition.extension:fundingRule.extension:type","ChargeItemDefinition.extension.extension","type","","",1,1,"Y","","","Extension {[]} {[]}
","Funding type (e.g., community, hospital)","The type of funding context - typically 'community' or 'hospital'","","","","","","","","","",,,,,"",,,,"Element.extension",0,*,"","ele-1:All FHIR elements must have a @value or children {hasValue() or (children().count() > id.count())}
ext-1:Must have either extensions or value[x], not both {extension.exists() != value.exists()}"
"ChargeItemDefinition.extension:fundingRule.extension:type.id","ChargeItemDefinition.extension.extension.id","","","",0,1,"","","","string {[]} {[]}
","Unique id for inter-element referencing","Unique id for the element within a resource (for internal references). This may be any string value that does not contain spaces.","","","","","","","","","",,,,,"",,,,"Element.id",0,1,"","","n/a"
"ChargeItemDefinition.extension:fundingRule.extension:type.extension","ChargeItemDefinition.extension.extension.extension","","","",0,0,"","","","Extension {[]} {[]}
","Extension","An Extension","","","","","","","","","",,,,,"","value:url}
","Extensions are always sliced by (at least) url",,"open","Element.extension",0,*,"","ele-1:All FHIR elements must have a @value or children {hasValue() or (children().count() > id.count())}
ext-1:Must have either extensions or value[x], not both {extension.exists() != value.exists()}"
"ChargeItemDefinition.extension:fundingRule.extension:type.url","ChargeItemDefinition.extension.extension.url","","","",1,1,"","","","uri {[]} {[]}
","identifies the meaning of the extension","Source of the definition for the extension code - a logical name or a URL.","The definition may point directly to a computable or human-readable definition of the extensibility codes, or it may be a logical URI as declared in some other specification. The definition SHALL be a URI for the Structure Definition defining the extension.","","","","<valueUri xmlns=""http://hl7.org/fhir"" value=""type""/>","","","","",,,,,"",,,,"Extension.url",1,1,"","","N/A"
"ChargeItemDefinition.extension:fundingRule.extension:type.value[x]","ChargeItemDefinition.extension.extension.value[x]","","","",0,1,"","","","code {[]} {[]}
","Funding type","The type of funding context (e.g., community, hospital). Typically aligns with PHARMAC schedule funding columns such as community or hospital supply.","","","","","","","","","",,,,,"",,,,"Extension.value[x]",0,1,"","ele-1:All FHIR elements must have a @value or children {hasValue() or (children().count() > id.count())}
","N/A"
"ChargeItemDefinition.extension:fundingRule.extension:rule","ChargeItemDefinition.extension.extension","rule","","",0,*,"Y","","","Extension {[]} {[]}
","Specific funding rules","Array of specific funding rules including case sequences, funding mechanisms, and other conditions","","","","","","","","","",,,,,"",,,,"Element.extension",0,*,"","ele-1:All FHIR elements must have a @value or children {hasValue() or (children().count() > id.count())}
ext-1:Must have either extensions or value[x], not both {extension.exists() != value.exists()}"
"ChargeItemDefinition.extension:fundingRule.extension:rule.id","ChargeItemDefinition.extension.extension.id","","","",0,1,"","","","string {[]} {[]}
","Unique id for inter-element referencing","Unique id for the element within a resource (for internal references). This may be any string value that does not contain spaces.","","","","","","","","","",,,,,"",,,,"Element.id",0,1,"","","n/a"
"ChargeItemDefinition.extension:fundingRule.extension:rule.extension","ChargeItemDefinition.extension.extension.extension","","","",1,*,"","","","Extension {[]} {[]}
","Extension","An Extension","","","","","","","","","",,,,,"","value:url}
","Extensions are always sliced by (at least) url",,"open","Element.extension",0,*,"","ele-1:All FHIR elements must have a @value or children {hasValue() or (children().count() > id.count())}
ext-1:Must have either extensions or value[x], not both {extension.exists() != value.exists()}"
"ChargeItemDefinition.extension:fundingRule.extension:rule.extension:type","ChargeItemDefinition.extension.extension.extension","type","","",1,1,"Y","","","Extension {[]} {[]}
","Rule type (e.g., CaseSequence, FundingMechanism)","The type of funding rule - common types include CaseSequence (ordered case number), FundingMechanism (Prescription, BSO, RuralPSO)","","","","","","","","","",,,,,"",,,,"Element.extension",0,*,"","ele-1:All FHIR elements must have a @value or children {hasValue() or (children().count() > id.count())}
ext-1:Must have either extensions or value[x], not both {extension.exists() != value.exists()}"
"ChargeItemDefinition.extension:fundingRule.extension:rule.extension:type.id","ChargeItemDefinition.extension.extension.extension.id","","","",0,1,"","","","string {[]} {[]}
","Unique id for inter-element referencing","Unique id for the element within a resource (for internal references). This may be any string value that does not contain spaces.","","","","","","","","","",,,,,"",,,,"Element.id",0,1,"","","n/a"
"ChargeItemDefinition.extension:fundingRule.extension:rule.extension:type.extension","ChargeItemDefinition.extension.extension.extension.extension","","","",0,0,"","","","Extension {[]} {[]}
","Extension","An Extension","","","","","","","","","",,,,,"","value:url}
","Extensions are always sliced by (at least) url",,"open","Element.extension",0,*,"","ele-1:All FHIR elements must have a @value or children {hasValue() or (children().count() > id.count())}
ext-1:Must have either extensions or value[x], not both {extension.exists() != value.exists()}"
"ChargeItemDefinition.extension:fundingRule.extension:rule.extension:type.url","ChargeItemDefinition.extension.extension.extension.url","","","",1,1,"","","","uri {[]} {[]}
","identifies the meaning of the extension","Source of the definition for the extension code - a logical name or a URL.","The definition may point directly to a computable or human-readable definition of the extensibility codes, or it may be a logical URI as declared in some other specification. The definition SHALL be a URI for the Structure Definition defining the extension.","","","","<valueUri xmlns=""http://hl7.org/fhir"" value=""type""/>","","","","",,,,,"",,,,"Extension.url",1,1,"","","N/A"
"ChargeItemDefinition.extension:fundingRule.extension:rule.extension:type.value[x]","ChargeItemDefinition.extension.extension.extension.value[x]","","","",0,1,"","","","code {[]} {[]}
","Rule type","The type of funding rule (e.g., DoseSWt, FormReqd, FormMax, MaxCoPayment, SubRxF, Special, CaseSequence). CaseSequence indicates an ordered case within a card, with the numeric value held in the corresponding value element.","","","","","","","","","",,,,,"",,,,"Extension.value[x]",0,1,"","ele-1:All FHIR elements must have a @value or children {hasValue() or (children().count() > id.count())}
","N/A"
"ChargeItemDefinition.extension:fundingRule.extension:rule.extension:value","ChargeItemDefinition.extension.extension.extension","value","","",0,1,"Y","","","Extension {[]} {[]}
","Rule value (e.g., case sequence number)","Numeric value associated with the funding rule, such as the case sequence number (1, 2, etc.)","","","","","","","","","",,,,,"",,,,"Element.extension",0,*,"","ele-1:All FHIR elements must have a @value or children {hasValue() or (children().count() > id.count())}
ext-1:Must have either extensions or value[x], not both {extension.exists() != value.exists()}"
"ChargeItemDefinition.extension:fundingRule.extension:rule.extension:value.id","ChargeItemDefinition.extension.extension.extension.id","","","",0,1,"","","","string {[]} {[]}
","Unique id for inter-element referencing","Unique id for the element within a resource (for internal references). This may be any string value that does not contain spaces.","","","","","","","","","",,,,,"",,,,"Element.id",0,1,"","","n/a"
"ChargeItemDefinition.extension:fundingRule.extension:rule.extension:value.extension","ChargeItemDefinition.extension.extension.extension.extension","","","",0,0,"","","","Extension {[]} {[]}
","Extension","An Extension","","","","","","","","","",,,,,"","value:url}
","Extensions are always sliced by (at least) url",,"open","Element.extension",0,*,"","ele-1:All FHIR elements must have a @value or children {hasValue() or (children().count() > id.count())}
ext-1:Must have either extensions or value[x], not both {extension.exists() != value.exists()}"
"ChargeItemDefinition.extension:fundingRule.extension:rule.extension:value.url","ChargeItemDefinition.extension.extension.extension.url","","","",1,1,"","","","uri {[]} {[]}
","identifies the meaning of the extension","Source of the definition for the extension code - a logical name or a URL.","The definition may point directly to a computable or human-readable definition of the extensibility codes, or it may be a logical URI as declared in some other specification. The definition SHALL be a URI for the Structure Definition defining the extension.","","","","<valueUri xmlns=""http://hl7.org/fhir"" value=""value""/>","","","","",,,,,"",,,,"Extension.url",1,1,"","","N/A"
"ChargeItemDefinition.extension:fundingRule.extension:rule.extension:value.value[x]","ChargeItemDefinition.extension.extension.extension.value[x]","","","",0,1,"","","","decimal {[]} {[]}
integer {[]} {[]}","Value of extension","Value of extension - must be one of a constrained set of the data types (see [Extensibility](http://hl7.org/fhir/R4/extensibility.html) for a list).","","","","","","","","","",,,,,"","type:$this}
","",,"closed","Extension.value[x]",0,1,"","ele-1:All FHIR elements must have a @value or children {hasValue() or (children().count() > id.count())}
","N/A"
"ChargeItemDefinition.extension:fundingRule.extension:rule.extension:value.value[x]:valueDecimal","ChargeItemDefinition.extension.extension.extension.value[x]","valueDecimal","","",0,1,"","","","decimal {[]} {[]}
","Rule value (decimal)","Value of extension - must be one of a constrained set of the data types (see [Extensibility](http://hl7.org/fhir/R4/extensibility.html) for a list).","","","","","","","","","",,,,,"",,,,"Extension.value[x]",0,1,"","ele-1:All FHIR elements must have a @value or children {hasValue() or (children().count() > id.count())}
","N/A"
"ChargeItemDefinition.extension:fundingRule.extension:rule.extension:value.value[x]:valueInteger","ChargeItemDefinition.extension.extension.extension.value[x]","valueInteger","","",0,1,"","","","integer {[]} {[]}
","Rule value (integer)","Value of extension - must be one of a constrained set of the data types (see [Extensibility](http://hl7.org/fhir/R4/extensibility.html) for a list).","","","","","","","","","",,,,,"",,,,"Extension.value[x]",0,1,"","ele-1:All FHIR elements must have a @value or children {hasValue() or (children().count() > id.count())}
","N/A"
"ChargeItemDefinition.extension:fundingRule.extension:rule.extension:attribute","ChargeItemDefinition.extension.extension.extension","attribute","","",0,1,"Y","","","Extension {[]} {[]}
","Rule attribute (e.g., Prescription, BSO, RuralPSO)","Attribute code that qualifies the rule type, such as the specific funding mechanism","","","","","","","","","",,,,,"",,,,"Element.extension",0,*,"","ele-1:All FHIR elements must have a @value or children {hasValue() or (children().count() > id.count())}
ext-1:Must have either extensions or value[x], not both {extension.exists() != value.exists()}"
"ChargeItemDefinition.extension:fundingRule.extension:rule.extension:attribute.id","ChargeItemDefinition.extension.extension.extension.id","","","",0,1,"","","","string {[]} {[]}
","Unique id for inter-element referencing","Unique id for the element within a resource (for internal references). This may be any string value that does not contain spaces.","","","","","","","","","",,,,,"",,,,"Element.id",0,1,"","","n/a"
"ChargeItemDefinition.extension:fundingRule.extension:rule.extension:attribute.extension","ChargeItemDefinition.extension.extension.extension.extension","","","",0,0,"","","","Extension {[]} {[]}
","Extension","An Extension","","","","","","","","","",,,,,"","value:url}
","Extensions are always sliced by (at least) url",,"open","Element.extension",0,*,"","ele-1:All FHIR elements must have a @value or children {hasValue() or (children().count() > id.count())}
ext-1:Must have either extensions or value[x], not both {extension.exists() != value.exists()}"
"ChargeItemDefinition.extension:fundingRule.extension:rule.extension:attribute.url","ChargeItemDefinition.extension.extension.extension.url","","","",1,1,"","","","uri {[]} {[]}
","identifies the meaning of the extension","Source of the definition for the extension code - a logical name or a URL.","The definition may point directly to a computable or human-readable definition of the extensibility codes, or it may be a logical URI as declared in some other specification. The definition SHALL be a URI for the Structure Definition defining the extension.","","","","<valueUri xmlns=""http://hl7.org/fhir"" value=""attribute""/>","","","","",,,,,"",,,,"Extension.url",1,1,"","","N/A"
"ChargeItemDefinition.extension:fundingRule.extension:rule.extension:attribute.value[x]","ChargeItemDefinition.extension.extension.extension.value[x]","","","",0,1,"","","","code {[]} {[]}
","Rule attribute","Attribute associated with the funding rule (e.g., Rx, Subsidy). This may be used to further qualify the rule type where required.","","","","","","","","","",,,,,"",,,,"Extension.value[x]",0,1,"","ele-1:All FHIR elements must have a @value or children {hasValue() or (children().count() > id.count())}
","N/A"
"ChargeItemDefinition.extension:fundingRule.extension:rule.extension:href","ChargeItemDefinition.extension.extension.extension","href","","",0,1,"Y","","","Extension {[]} {[]}
","Extension","An Extension","","","","","","","","","",,,,,"",,,,"Element.extension",0,*,"","ele-1:All FHIR elements must have a @value or children {hasValue() or (children().count() > id.count())}
ext-1:Must have either extensions or value[x], not both {extension.exists() != value.exists()}"
"ChargeItemDefinition.extension:fundingRule.extension:rule.extension:href.id","ChargeItemDefinition.extension.extension.extension.id","","","",0,1,"","","","string {[]} {[]}
","Unique id for inter-element referencing","Unique id for the element within a resource (for internal references). This may be any string value that does not contain spaces.","","","","","","","","","",,,,,"",,,,"Element.id",0,1,"","","n/a"
"ChargeItemDefinition.extension:fundingRule.extension:rule.extension:href.extension","ChargeItemDefinition.extension.extension.extension.extension","","","",0,0,"","","","Extension {[]} {[]}
","Extension","An Extension","","","","","","","","","",,,,,"","value:url}
","Extensions are always sliced by (at least) url",,"open","Element.extension",0,*,"","ele-1:All FHIR elements must have a @value or children {hasValue() or (children().count() > id.count())}
ext-1:Must have either extensions or value[x], not both {extension.exists() != value.exists()}"
"ChargeItemDefinition.extension:fundingRule.extension:rule.extension:href.url","ChargeItemDefinition.extension.extension.extension.url","","","",1,1,"","","","uri {[]} {[]}
","identifies the meaning of the extension","Source of the definition for the extension code - a logical name or a URL.","The definition may point directly to a computable or human-readable definition of the extensibility codes, or it may be a logical URI as declared in some other specification. The definition SHALL be a URI for the Structure Definition defining the extension.","","","","<valueUri xmlns=""http://hl7.org/fhir"" value=""href""/>","","","","",,,,,"",,,,"Extension.url",1,1,"","","N/A"
"ChargeItemDefinition.extension:fundingRule.extension:rule.extension:href.value[x]","ChargeItemDefinition.extension.extension.extension.value[x]","","","",0,1,"","","","code {[]} {[]}
","Rule href/reference","Reference code for special funding arrangements (e.g., SA2137)","","","","","","","","","",,,,,"",,,,"Extension.value[x]",0,1,"","ele-1:All FHIR elements must have a @value or children {hasValue() or (children().count() > id.count())}
","N/A"
"ChargeItemDefinition.extension:fundingRule.extension:rule.url","ChargeItemDefinition.extension.extension.url","","","",1,1,"","","","uri {[]} {[]}
","identifies the meaning of the extension","Source of the definition for the extension code - a logical name or a URL.","The definition may point directly to a computable or human-readable definition of the extensibility codes, or it may be a logical URI as declared in some other specification. The definition SHALL be a URI for the Structure Definition defining the extension.","","","","<valueUri xmlns=""http://hl7.org/fhir"" value=""rule""/>","","","","",,,,,"",,,,"Extension.url",1,1,"","","N/A"
"ChargeItemDefinition.extension:fundingRule.extension:rule.value[x]","ChargeItemDefinition.extension.extension.value[x]","","","",0,0,"","","","base64Binary {[]} {[]}
boolean {[]} {[]}canonical {[]} {[]}code {[]} {[]}date {[]} {[]}dateTime {[]} {[]}decimal {[]} {[]}id {[]} {[]}instant {[]} {[]}integer {[]} {[]}markdown {[]} {[]}oid {[]} {[]}positiveInt {[]} {[]}string {[]} {[]}time {[]} {[]}unsignedInt {[]} {[]}uri {[]} {[]}url {[]} {[]}uuid {[]} {[]}Address {[]} {[]}Age {[]} {[]}Annotation {[]} {[]}Attachment {[]} {[]}CodeableConcept {[]} {[]}Coding {[]} {[]}ContactPoint {[]} {[]}Count {[]} {[]}Distance {[]} {[]}Duration {[]} {[]}HumanName {[]} {[]}Identifier {[]} {[]}Money {[]} {[]}Period {[]} {[]}Quantity {[]} {[]}Range {[]} {[]}Ratio {[]} {[]}Reference {[]} {[]}SampledData {[]} {[]}Signature {[]} {[]}Timing {[]} {[]}ContactDetail {[]} {[]}Contributor {[]} {[]}DataRequirement {[]} {[]}Expression {[]} {[]}ParameterDefinition {[]} {[]}RelatedArtifact {[]} {[]}TriggerDefinition {[]} {[]}UsageContext {[]} {[]}Dosage {[]} {[]}Meta {[]} {[]}","Value of extension","Value of extension - must be one of a constrained set of the data types (see [Extensibility](http://hl7.org/fhir/R4/extensibility.html) for a list).","","","","","","","","","",,,,,"",,,,"Extension.value[x]",0,1,"","ele-1:All FHIR elements must have a @value or children {hasValue() or (children().count() > id.count())}
","N/A"
"ChargeItemDefinition.extension:fundingRule.url","ChargeItemDefinition.extension.url","","","",1,1,"","","","uri {[]} {[]}
","identifies the meaning of the extension","Source of the definition for the extension code - a logical name or a URL.","The definition may point directly to a computable or human-readable definition of the extensibility codes, or it may be a logical URI as declared in some other specification. The definition SHALL be a URI for the Structure Definition defining the extension.","","","","<valueUri xmlns=""http://hl7.org/fhir"" value=""http://schedule.pharmac.govt.nz/fhir/StructureDefinition/funding-rule""/>","","","","",,,,,"",,,,"Extension.url",1,1,"","","N/A"
"ChargeItemDefinition.extension:fundingRule.value[x]","ChargeItemDefinition.extension.value[x]","","","",0,0,"","","","base64Binary {[]} {[]}
boolean {[]} {[]}canonical {[]} {[]}code {[]} {[]}date {[]} {[]}dateTime {[]} {[]}decimal {[]} {[]}id {[]} {[]}instant {[]} {[]}integer {[]} {[]}markdown {[]} {[]}oid {[]} {[]}positiveInt {[]} {[]}string {[]} {[]}time {[]} {[]}unsignedInt {[]} {[]}uri {[]} {[]}url {[]} {[]}uuid {[]} {[]}Address {[]} {[]}Age {[]} {[]}Annotation {[]} {[]}Attachment {[]} {[]}CodeableConcept {[]} {[]}Coding {[]} {[]}ContactPoint {[]} {[]}Count {[]} {[]}Distance {[]} {[]}Duration {[]} {[]}HumanName {[]} {[]}Identifier {[]} {[]}Money {[]} {[]}Period {[]} {[]}Quantity {[]} {[]}Range {[]} {[]}Ratio {[]} {[]}Reference {[]} {[]}SampledData {[]} {[]}Signature {[]} {[]}Timing {[]} {[]}ContactDetail {[]} {[]}Contributor {[]} {[]}DataRequirement {[]} {[]}Expression {[]} {[]}ParameterDefinition {[]} {[]}RelatedArtifact {[]} {[]}TriggerDefinition {[]} {[]}UsageContext {[]} {[]}Dosage {[]} {[]}Meta {[]} {[]}","Value of extension","Value of extension - must be one of a constrained set of the data types (see [Extensibility](http://hl7.org/fhir/R4/extensibility.html) for a list).","","","","","","","","","",,,,,"",,,,"Extension.value[x]",0,1,"","ele-1:All FHIR elements must have a @value or children {hasValue() or (children().count() > id.count())}
","N/A"
"ChargeItemDefinition.extension:costBrandSource","ChargeItemDefinition.extension","costBrandSource","","",0,0,"","","","Extension {[CanonicalType[https://fhir-ig.digital.health.nz/pharmac-schedules/StructureDefinition/cost-brand-source]]} {[]}
","Cost Brand Source","Indicates whether pricing for this item is sourced from a cost brand.","","","","","","","","","",,,,,"",,,,"DomainResource.extension",0,*,"ele-1
","ele-1:All FHIR elements must have a @value or children {hasValue() or (children().count() > id.count())}
ext-1:Must have either extensions or value[x], not both {extension.exists() != value.exists()}"
"ChargeItemDefinition.extension:wastageClaimable","ChargeItemDefinition.extension","wastageClaimable","","",0,0,"","","","Extension {[CanonicalType[https://fhir-ig.digital.health.nz/pharmac-schedules/StructureDefinition/wastage-claimable]]} {[]}
","Wastage Claimable","Indicates whether wastage for this item may be claimed.","","","","","","","","","",,,,,"",,,,"DomainResource.extension",0,*,"ele-1
","ele-1:All FHIR elements must have a @value or children {hasValue() or (children().count() > id.count())}
ext-1:Must have either extensions or value[x], not both {extension.exists() != value.exists()}"
"ChargeItemDefinition.extension:contractType","ChargeItemDefinition.extension","contractType","","",0,0,"","","","Extension {[CanonicalType[https://fhir-ig.digital.health.nz/pharmac-schedules/StructureDefinition/contract-type]]} {[]}
","Contract Type","Type of PHARMAC contract that applies to this item (for example, sole-supply, preferred).","","","","","","","","","",,,,,"",,,,"DomainResource.extension",0,*,"ele-1
","ele-1:All FHIR elements must have a @value or children {hasValue() or (children().count() > id.count())}
ext-1:Must have either extensions or value[x], not both {extension.exists() != value.exists()}"
"ChargeItemDefinition.extension:dvLimitPercent","ChargeItemDefinition.extension","dvLimitPercent","","",0,0,"","","","Extension {[CanonicalType[https://fhir-ig.digital.health.nz/pharmac-schedules/StructureDefinition/dv-limit-percent]]} {[]}
","Daily Volume Limit Percent","Percentage daily volume limit that applies to this item.","","","","","","","","","",,,,,"",,,,"DomainResource.extension",0,*,"ele-1
","ele-1:All FHIR elements must have a @value or children {hasValue() or (children().count() > id.count())}
ext-1:Must have either extensions or value[x], not both {extension.exists() != value.exists()}"
"ChargeItemDefinition.extension:brandSwitchFee","ChargeItemDefinition.extension","brandSwitchFee","","",0,0,"","","","Extension {[CanonicalType[https://fhir-ig.digital.health.nz/pharmac-schedules/StructureDefinition/brand-switch-fee]]} {[]}
","Brand Switch Fee","Indicates whether a brand switch fee applies for this item.","","","","","","","","","",,,,,"",,,,"DomainResource.extension",0,*,"ele-1
","ele-1:All FHIR elements must have a @value or children {hasValue() or (children().count() > id.count())}
ext-1:Must have either extensions or value[x], not both {extension.exists() != value.exists()}"
"ChargeItemDefinition.extension:statim","ChargeItemDefinition.extension","statim","","",0,0,"","","","Extension {[CanonicalType[https://fhir-ig.digital.health.nz/pharmac-schedules/StructureDefinition/statim]]} {[]}
","Statim (Urgent Dispensing)","Indicates whether stat (urgent) dispensing rules apply for this item.","","","","","","","","","",,,,,"",,,,"DomainResource.extension",0,*,"ele-1
","ele-1:All FHIR elements must have a @value or children {hasValue() or (children().count() > id.count())}
ext-1:Must have either extensions or value[x], not both {extension.exists() != value.exists()}"
"ChargeItemDefinition.extension:inCombination","ChargeItemDefinition.extension","inCombination","","",0,0,"","","","Extension {[CanonicalType[https://fhir-ig.digital.health.nz/pharmac-schedules/StructureDefinition/in-combination]]} {[]}
","In-Combination","Indicates whether this item is only subsidised when used in combination with other medicines or treatments.","","","","","","","","","",,,,,"",,,,"DomainResource.extension",0,*,"ele-1
","ele-1:All FHIR elements must have a @value or children {hasValue() or (children().count() > id.count())}
ext-1:Must have either extensions or value[x], not both {extension.exists() != value.exists()}"
"ChargeItemDefinition.extension:authorizationSchema","ChargeItemDefinition.extension","authorizationSchema","","",0,1,"Y","","","Extension {[CanonicalType[https://fhir-ig.digital.health.nz/pharmac-schedules/StructureDefinition/authorization-schema]]} {[]}
","Optional JSON schema for authorization/funding validation","Base64-encoded JSON schema document that describes the structured format for funding/authorization case submissions.","","","","","","","","","",,,,,"",,,,"DomainResource.extension",0,*,"ele-1
","ele-1:All FHIR elements must have a @value or children {hasValue() or (children().count() > id.count())}
ext-1:Must have either extensions or value[x], not both {extension.exists() != value.exists()}"
"ChargeItemDefinition.extension:fundingSubsidyAmount","ChargeItemDefinition.extension","fundingSubsidyAmount","","",0,1,"Y","","","Extension {[CanonicalType[https://fhir-ig.digital.health.nz/pharmac-schedules/StructureDefinition/funding-subsidy-amount]]} {[]}
","Funding Subsidy Amount","Structured subsidy details for funding rule cases, including subsidy type, status, optional amount, and display label.","","","","","","","","","",,,,,"",,,,"DomainResource.extension",0,*,"ele-1
","ele-1:All FHIR elements must have a @value or children {hasValue() or (children().count() > id.count())}
ext-1:Must have either extensions or value[x], not both {extension.exists() != value.exists()}"
"ChargeItemDefinition.extension:scheduleFundingAttributes","ChargeItemDefinition.extension","scheduleFundingAttributes","","",0,1,"Y","","","Extension {[CanonicalType[https://fhir-ig.digital.health.nz/pharmac-schedules/StructureDefinition/schedule-funding-attributes]]} {[]}
","Schedule Funding Attributes","Grouped funding attributes for schedule records, including contract and dispensing flags, co-payment markers, and related indicators.","","","","","","","","","",,,,,"",,,,"DomainResource.extension",0,*,"ele-1
","ele-1:All FHIR elements must have a @value or children {hasValue() or (children().count() > id.count())}
ext-1:Must have either extensions or value[x], not both {extension.exists() != value.exists()}"
"ChargeItemDefinition.extension:scheduleFundingAttributes.id","ChargeItemDefinition.extension.id","","","",0,1,"","","","string {[]} {[]}
","Unique id for inter-element referencing","Unique id for the element within a resource (for internal references). This may be any string value that does not contain spaces.","","","","","","","","","",,,,,"",,,,"Element.id",0,1,"","","n/a"
"ChargeItemDefinition.extension:scheduleFundingAttributes.extension","ChargeItemDefinition.extension.extension","","extensions
user content","",0,*,"","","","Extension {[]} {[]}
","Additional content defined by implementations","May be used to represent additional information that is not part of the basic definition of the element. To make the use of extensions safe and manageable, there is a strict set of governance  applied to the definition and use of extensions. Though any implementer can define an extension, there is a set of requirements that SHALL be met as part of the definition of the extension.","There can be no stigma associated with the use of extensions by any application, project, or standard - regardless of the institution or jurisdiction that uses or defines the extensions.  The use of extensions is what allows the FHIR specification to retain a core level of simplicity for everyone.","","","","","","","","",,,,,"","value:url}
","Extensions are always sliced by (at least) url",,"open","Element.extension",0,*,"","ele-1:All FHIR elements must have a @value or children {hasValue() or (children().count() > id.count())}
ext-1:Must have either extensions or value[x], not both {extension.exists() != value.exists()}","n/a"
"ChargeItemDefinition.extension:scheduleFundingAttributes.extension:productMultiple","ChargeItemDefinition.extension.extension","productMultiple","","",0,1,"","","","Extension {[]} {[]}
","Product multiple applies","Indicates whether this pack uses product multiples when calculating pricing or claims.","","","","","","","","","",,,,,"",,,,"Element.extension",0,*,"","ele-1:All FHIR elements must have a @value or children {hasValue() or (children().count() > id.count())}
ext-1:Must have either extensions or value[x], not both {extension.exists() != value.exists()}"
"ChargeItemDefinition.extension:scheduleFundingAttributes.extension:productMultiple.id","ChargeItemDefinition.extension.extension.id","","","",0,1,"","","","string {[]} {[]}
","Unique id for inter-element referencing","Unique id for the element within a resource (for internal references). This may be any string value that does not contain spaces.","","","","","","","","","",,,,,"",,,,"Element.id",0,1,"","","n/a"
"ChargeItemDefinition.extension:scheduleFundingAttributes.extension:productMultiple.extension","ChargeItemDefinition.extension.extension.extension","","","",0,0,"","","","Extension {[]} {[]}
","Extension","An Extension","","","","","","","","","",,,,,"","value:url}
","Extensions are always sliced by (at least) url",,"open","Element.extension",0,*,"","ele-1:All FHIR elements must have a @value or children {hasValue() or (children().count() > id.count())}
ext-1:Must have either extensions or value[x], not both {extension.exists() != value.exists()}"
"ChargeItemDefinition.extension:scheduleFundingAttributes.extension:productMultiple.url","ChargeItemDefinition.extension.extension.url","","","",1,1,"","","","uri {[]} {[]}
","identifies the meaning of the extension","Source of the definition for the extension code - a logical name or a URL.","The definition may point directly to a computable or human-readable definition of the extensibility codes, or it may be a logical URI as declared in some other specification. The definition SHALL be a URI for the Structure Definition defining the extension.","","","","<valueUri xmlns=""http://hl7.org/fhir"" value=""productMultiple""/>","","","","",,,,,"",,,,"Extension.url",1,1,"","","N/A"
"ChargeItemDefinition.extension:scheduleFundingAttributes.extension:productMultiple.value[x]","ChargeItemDefinition.extension.extension.value[x]","","","",0,1,"","","","boolean {[]} {[]}
","Product multiple flag","Value of extension - must be one of a constrained set of the data types (see [Extensibility](http://hl7.org/fhir/R4/extensibility.html) for a list).","","","","","","","","","",,,,,"",,,,"Extension.value[x]",0,1,"","ele-1:All FHIR elements must have a @value or children {hasValue() or (children().count() > id.count())}
","N/A"
"ChargeItemDefinition.extension:scheduleFundingAttributes.extension:productMultiplier","ChargeItemDefinition.extension.extension","productMultiplier","","",0,1,"","","","Extension {[]} {[]}
","Product multiplier value","Numeric multiplier applied when calculating pricing or claims for this pack.","","","","","","","","","",,,,,"",,,,"Element.extension",0,*,"","ele-1:All FHIR elements must have a @value or children {hasValue() or (children().count() > id.count())}
ext-1:Must have either extensions or value[x], not both {extension.exists() != value.exists()}"
"ChargeItemDefinition.extension:scheduleFundingAttributes.extension:productMultiplier.id","ChargeItemDefinition.extension.extension.id","","","",0,1,"","","","string {[]} {[]}
","Unique id for inter-element referencing","Unique id for the element within a resource (for internal references). This may be any string value that does not contain spaces.","","","","","","","","","",,,,,"",,,,"Element.id",0,1,"","","n/a"
"ChargeItemDefinition.extension:scheduleFundingAttributes.extension:productMultiplier.extension","ChargeItemDefinition.extension.extension.extension","","","",0,0,"","","","Extension {[]} {[]}
","Extension","An Extension","","","","","","","","","",,,,,"","value:url}
","Extensions are always sliced by (at least) url",,"open","Element.extension",0,*,"","ele-1:All FHIR elements must have a @value or children {hasValue() or (children().count() > id.count())}
ext-1:Must have either extensions or value[x], not both {extension.exists() != value.exists()}"
"ChargeItemDefinition.extension:scheduleFundingAttributes.extension:productMultiplier.url","ChargeItemDefinition.extension.extension.url","","","",1,1,"","","","uri {[]} {[]}
","identifies the meaning of the extension","Source of the definition for the extension code - a logical name or a URL.","The definition may point directly to a computable or human-readable definition of the extensibility codes, or it may be a logical URI as declared in some other specification. The definition SHALL be a URI for the Structure Definition defining the extension.","","","","<valueUri xmlns=""http://hl7.org/fhir"" value=""productMultiplier""/>","","","","",,,,,"",,,,"Extension.url",1,1,"","","N/A"
"ChargeItemDefinition.extension:scheduleFundingAttributes.extension:productMultiplier.value[x]","ChargeItemDefinition.extension.extension.value[x]","","","",0,1,"","","","integer {[]} {[]}
","Product multiplier value","Value of extension - must be one of a constrained set of the data types (see [Extensibility](http://hl7.org/fhir/R4/extensibility.html) for a list).","","","","","","","","","",,,,,"",,,,"Extension.value[x]",0,1,"","ele-1:All FHIR elements must have a @value or children {hasValue() or (children().count() > id.count())}
","N/A"
"ChargeItemDefinition.extension:scheduleFundingAttributes.extension:originalPack","ChargeItemDefinition.extension.extension","originalPack","","",0,1,"","","","Extension {[]} {[]}
","Original pack flag","Indicates whether this pack represents the original pack supplied by the manufacturer.","","","","","","","","","",,,,,"",,,,"Element.extension",0,*,"","ele-1:All FHIR elements must have a @value or children {hasValue() or (children().count() > id.count())}
ext-1:Must have either extensions or value[x], not both {extension.exists() != value.exists()}"
"ChargeItemDefinition.extension:scheduleFundingAttributes.extension:originalPack.id","ChargeItemDefinition.extension.extension.id","","","",0,1,"","","","string {[]} {[]}
","Unique id for inter-element referencing","Unique id for the element within a resource (for internal references). This may be any string value that does not contain spaces.","","","","","","","","","",,,,,"",,,,"Element.id",0,1,"","","n/a"
"ChargeItemDefinition.extension:scheduleFundingAttributes.extension:originalPack.extension","ChargeItemDefinition.extension.extension.extension","","","",0,0,"","","","Extension {[]} {[]}
","Extension","An Extension","","","","","","","","","",,,,,"","value:url}
","Extensions are always sliced by (at least) url",,"open","Element.extension",0,*,"","ele-1:All FHIR elements must have a @value or children {hasValue() or (children().count() > id.count())}
ext-1:Must have either extensions or value[x], not both {extension.exists() != value.exists()}"
"ChargeItemDefinition.extension:scheduleFundingAttributes.extension:originalPack.url","ChargeItemDefinition.extension.extension.url","","","",1,1,"","","","uri {[]} {[]}
","identifies the meaning of the extension","Source of the definition for the extension code - a logical name or a URL.","The definition may point directly to a computable or human-readable definition of the extensibility codes, or it may be a logical URI as declared in some other specification. The definition SHALL be a URI for the Structure Definition defining the extension.","","","","<valueUri xmlns=""http://hl7.org/fhir"" value=""originalPack""/>","","","","",,,,,"",,,,"Extension.url",1,1,"","","N/A"
"ChargeItemDefinition.extension:scheduleFundingAttributes.extension:originalPack.value[x]","ChargeItemDefinition.extension.extension.value[x]","","","",0,1,"","","","boolean {[]} {[]}
","Original pack flag","Value of extension - must be one of a constrained set of the data types (see [Extensibility](http://hl7.org/fhir/R4/extensibility.html) for a list).","","","","","","","","","",,,,,"",,,,"Extension.value[x]",0,1,"","ele-1:All FHIR elements must have a @value or children {hasValue() or (children().count() > id.count())}
","N/A"
"ChargeItemDefinition.extension:scheduleFundingAttributes.extension:safetyListMedicine","ChargeItemDefinition.extension.extension","safetyListMedicine","","",0,1,"","","","Extension {[]} {[]}
","Safety list medicine flag","Indicates whether this medication is on a PHARMAC safety list.","","","","","","","","","",,,,,"",,,,"Element.extension",0,*,"","ele-1:All FHIR elements must have a @value or children {hasValue() or (children().count() > id.count())}
ext-1:Must have either extensions or value[x], not both {extension.exists() != value.exists()}"
"ChargeItemDefinition.extension:scheduleFundingAttributes.extension:safetyListMedicine.id","ChargeItemDefinition.extension.extension.id","","","",0,1,"","","","string {[]} {[]}
","Unique id for inter-element referencing","Unique id for the element within a resource (for internal references). This may be any string value that does not contain spaces.","","","","","","","","","",,,,,"",,,,"Element.id",0,1,"","","n/a"
"ChargeItemDefinition.extension:scheduleFundingAttributes.extension:safetyListMedicine.extension","ChargeItemDefinition.extension.extension.extension","","","",0,0,"","","","Extension {[]} {[]}
","Extension","An Extension","","","","","","","","","",,,,,"","value:url}
","Extensions are always sliced by (at least) url",,"open","Element.extension",0,*,"","ele-1:All FHIR elements must have a @value or children {hasValue() or (children().count() > id.count())}
ext-1:Must have either extensions or value[x], not both {extension.exists() != value.exists()}"
"ChargeItemDefinition.extension:scheduleFundingAttributes.extension:safetyListMedicine.url","ChargeItemDefinition.extension.extension.url","","","",1,1,"","","","uri {[]} {[]}
","identifies the meaning of the extension","Source of the definition for the extension code - a logical name or a URL.","The definition may point directly to a computable or human-readable definition of the extensibility codes, or it may be a logical URI as declared in some other specification. The definition SHALL be a URI for the Structure Definition defining the extension.","","","","<valueUri xmlns=""http://hl7.org/fhir"" value=""safetyListMedicine""/>","","","","",,,,,"",,,,"Extension.url",1,1,"","","N/A"
"ChargeItemDefinition.extension:scheduleFundingAttributes.extension:safetyListMedicine.value[x]","ChargeItemDefinition.extension.extension.value[x]","","","",0,1,"","","","boolean {[]} {[]}
","Safety list medicine flag","Value of extension - must be one of a constrained set of the data types (see [Extensibility](http://hl7.org/fhir/R4/extensibility.html) for a list).","","","","","","","","","",,,,,"",,,,"Extension.value[x]",0,1,"","ele-1:All FHIR elements must have a @value or children {hasValue() or (children().count() > id.count())}
","N/A"
"ChargeItemDefinition.extension:scheduleFundingAttributes.extension:costBrandSource","ChargeItemDefinition.extension.extension","costBrandSource","","",0,1,"","","","Extension {[]} {[]}
","Extension","An Extension","","","","","","","","","",,,,,"",,,,"Element.extension",0,*,"","ele-1:All FHIR elements must have a @value or children {hasValue() or (children().count() > id.count())}
ext-1:Must have either extensions or value[x], not both {extension.exists() != value.exists()}"
"ChargeItemDefinition.extension:scheduleFundingAttributes.extension:costBrandSource.id","ChargeItemDefinition.extension.extension.id","","","",0,1,"","","","string {[]} {[]}
","Unique id for inter-element referencing","Unique id for the element within a resource (for internal references). This may be any string value that does not contain spaces.","","","","","","","","","",,,,,"",,,,"Element.id",0,1,"","","n/a"
"ChargeItemDefinition.extension:scheduleFundingAttributes.extension:costBrandSource.extension","ChargeItemDefinition.extension.extension.extension","","","",0,0,"","","","Extension {[]} {[]}
","Extension","An Extension","","","","","","","","","",,,,,"","value:url}
","Extensions are always sliced by (at least) url",,"open","Element.extension",0,*,"","ele-1:All FHIR elements must have a @value or children {hasValue() or (children().count() > id.count())}
ext-1:Must have either extensions or value[x], not both {extension.exists() != value.exists()}"
"ChargeItemDefinition.extension:scheduleFundingAttributes.extension:costBrandSource.url","ChargeItemDefinition.extension.extension.url","","","",1,1,"","","","uri {[]} {[]}
","identifies the meaning of the extension","Source of the definition for the extension code - a logical name or a URL.","The definition may point directly to a computable or human-readable definition of the extensibility codes, or it may be a logical URI as declared in some other specification. The definition SHALL be a URI for the Structure Definition defining the extension.","","","","<valueUri xmlns=""http://hl7.org/fhir"" value=""costBrandSource""/>","","","","",,,,,"",,,,"Extension.url",1,1,"","","N/A"
"ChargeItemDefinition.extension:scheduleFundingAttributes.extension:costBrandSource.value[x]","ChargeItemDefinition.extension.extension.value[x]","","","",0,1,"","","","boolean {[]} {[]}
","Cost brand source flag","Value of extension - must be one of a constrained set of the data types (see [Extensibility](http://hl7.org/fhir/R4/extensibility.html) for a list).","","","","","","","","","",,,,,"",,,,"Extension.value[x]",0,1,"","ele-1:All FHIR elements must have a @value or children {hasValue() or (children().count() > id.count())}
","N/A"
"ChargeItemDefinition.extension:scheduleFundingAttributes.extension:wastageClaimable","ChargeItemDefinition.extension.extension","wastageClaimable","","",0,1,"","","","Extension {[]} {[]}
","Extension","An Extension","","","","","","","","","",,,,,"",,,,"Element.extension",0,*,"","ele-1:All FHIR elements must have a @value or children {hasValue() or (children().count() > id.count())}
ext-1:Must have either extensions or value[x], not both {extension.exists() != value.exists()}"
"ChargeItemDefinition.extension:scheduleFundingAttributes.extension:wastageClaimable.id","ChargeItemDefinition.extension.extension.id","","","",0,1,"","","","string {[]} {[]}
","Unique id for inter-element referencing","Unique id for the element within a resource (for internal references). This may be any string value that does not contain spaces.","","","","","","","","","",,,,,"",,,,"Element.id",0,1,"","","n/a"
"ChargeItemDefinition.extension:scheduleFundingAttributes.extension:wastageClaimable.extension","ChargeItemDefinition.extension.extension.extension","","","",0,0,"","","","Extension {[]} {[]}
","Extension","An Extension","","","","","","","","","",,,,,"","value:url}
","Extensions are always sliced by (at least) url",,"open","Element.extension",0,*,"","ele-1:All FHIR elements must have a @value or children {hasValue() or (children().count() > id.count())}
ext-1:Must have either extensions or value[x], not both {extension.exists() != value.exists()}"
"ChargeItemDefinition.extension:scheduleFundingAttributes.extension:wastageClaimable.url","ChargeItemDefinition.extension.extension.url","","","",1,1,"","","","uri {[]} {[]}
","identifies the meaning of the extension","Source of the definition for the extension code - a logical name or a URL.","The definition may point directly to a computable or human-readable definition of the extensibility codes, or it may be a logical URI as declared in some other specification. The definition SHALL be a URI for the Structure Definition defining the extension.","","","","<valueUri xmlns=""http://hl7.org/fhir"" value=""wastageClaimable""/>","","","","",,,,,"",,,,"Extension.url",1,1,"","","N/A"
"ChargeItemDefinition.extension:scheduleFundingAttributes.extension:wastageClaimable.value[x]","ChargeItemDefinition.extension.extension.value[x]","","","",0,1,"","","","boolean {[]} {[]}
","Wastage claimable flag","Value of extension - must be one of a constrained set of the data types (see [Extensibility](http://hl7.org/fhir/R4/extensibility.html) for a list).","","","","","","","","","",,,,,"",,,,"Extension.value[x]",0,1,"","ele-1:All FHIR elements must have a @value or children {hasValue() or (children().count() > id.count())}
","N/A"
"ChargeItemDefinition.extension:scheduleFundingAttributes.extension:contractType","ChargeItemDefinition.extension.extension","contractType","","",0,1,"","","","Extension {[]} {[]}
","Extension","An Extension","","","","","","","","","",,,,,"",,,,"Element.extension",0,*,"","ele-1:All FHIR elements must have a @value or children {hasValue() or (children().count() > id.count())}
ext-1:Must have either extensions or value[x], not both {extension.exists() != value.exists()}"
"ChargeItemDefinition.extension:scheduleFundingAttributes.extension:contractType.id","ChargeItemDefinition.extension.extension.id","","","",0,1,"","","","string {[]} {[]}
","Unique id for inter-element referencing","Unique id for the element within a resource (for internal references). This may be any string value that does not contain spaces.","","","","","","","","","",,,,,"",,,,"Element.id",0,1,"","","n/a"
"ChargeItemDefinition.extension:scheduleFundingAttributes.extension:contractType.extension","ChargeItemDefinition.extension.extension.extension","","","",0,0,"","","","Extension {[]} {[]}
","Extension","An Extension","","","","","","","","","",,,,,"","value:url}
","Extensions are always sliced by (at least) url",,"open","Element.extension",0,*,"","ele-1:All FHIR elements must have a @value or children {hasValue() or (children().count() > id.count())}
ext-1:Must have either extensions or value[x], not both {extension.exists() != value.exists()}"
"ChargeItemDefinition.extension:scheduleFundingAttributes.extension:contractType.url","ChargeItemDefinition.extension.extension.url","","","",1,1,"","","","uri {[]} {[]}
","identifies the meaning of the extension","Source of the definition for the extension code - a logical name or a URL.","The definition may point directly to a computable or human-readable definition of the extensibility codes, or it may be a logical URI as declared in some other specification. The definition SHALL be a URI for the Structure Definition defining the extension.","","","","<valueUri xmlns=""http://hl7.org/fhir"" value=""contractType""/>","","","","",,,,,"",,,,"Extension.url",1,1,"","","N/A"
"ChargeItemDefinition.extension:scheduleFundingAttributes.extension:contractType.value[x]","ChargeItemDefinition.extension.extension.value[x]","","","",0,1,"","","","string {[]} {[]}
","Contract type","Value of extension - must be one of a constrained set of the data types (see [Extensibility](http://hl7.org/fhir/R4/extensibility.html) for a list).","","","","","","","","","",,,,,"",,,,"Extension.value[x]",0,1,"","ele-1:All FHIR elements must have a @value or children {hasValue() or (children().count() > id.count())}
","N/A"
"ChargeItemDefinition.extension:scheduleFundingAttributes.extension:dvLimitPercent","ChargeItemDefinition.extension.extension","dvLimitPercent","","",0,1,"","","","Extension {[]} {[]}
","Extension","An Extension","","","","","","","","","",,,,,"",,,,"Element.extension",0,*,"","ele-1:All FHIR elements must have a @value or children {hasValue() or (children().count() > id.count())}
ext-1:Must have either extensions or value[x], not both {extension.exists() != value.exists()}"
"ChargeItemDefinition.extension:scheduleFundingAttributes.extension:dvLimitPercent.id","ChargeItemDefinition.extension.extension.id","","","",0,1,"","","","string {[]} {[]}
","Unique id for inter-element referencing","Unique id for the element within a resource (for internal references). This may be any string value that does not contain spaces.","","","","","","","","","",,,,,"",,,,"Element.id",0,1,"","","n/a"
"ChargeItemDefinition.extension:scheduleFundingAttributes.extension:dvLimitPercent.extension","ChargeItemDefinition.extension.extension.extension","","","",0,0,"","","","Extension {[]} {[]}
","Extension","An Extension","","","","","","","","","",,,,,"","value:url}
","Extensions are always sliced by (at least) url",,"open","Element.extension",0,*,"","ele-1:All FHIR elements must have a @value or children {hasValue() or (children().count() > id.count())}
ext-1:Must have either extensions or value[x], not both {extension.exists() != value.exists()}"
"ChargeItemDefinition.extension:scheduleFundingAttributes.extension:dvLimitPercent.url","ChargeItemDefinition.extension.extension.url","","","",1,1,"","","","uri {[]} {[]}
","identifies the meaning of the extension","Source of the definition for the extension code - a logical name or a URL.","The definition may point directly to a computable or human-readable definition of the extensibility codes, or it may be a logical URI as declared in some other specification. The definition SHALL be a URI for the Structure Definition defining the extension.","","","","<valueUri xmlns=""http://hl7.org/fhir"" value=""dvLimitPercent""/>","","","","",,,,,"",,,,"Extension.url",1,1,"","","N/A"
"ChargeItemDefinition.extension:scheduleFundingAttributes.extension:dvLimitPercent.value[x]","ChargeItemDefinition.extension.extension.value[x]","","","",0,1,"","","","decimal {[]} {[]}
","DV limit percentage","Value of extension - must be one of a constrained set of the data types (see [Extensibility](http://hl7.org/fhir/R4/extensibility.html) for a list).","","","","","","","","","",,,,,"",,,,"Extension.value[x]",0,1,"","ele-1:All FHIR elements must have a @value or children {hasValue() or (children().count() > id.count())}
","N/A"
"ChargeItemDefinition.extension:scheduleFundingAttributes.extension:brandSwitchFee","ChargeItemDefinition.extension.extension","brandSwitchFee","","",0,1,"","","","Extension {[]} {[]}
","Extension","An Extension","","","","","","","","","",,,,,"",,,,"Element.extension",0,*,"","ele-1:All FHIR elements must have a @value or children {hasValue() or (children().count() > id.count())}
ext-1:Must have either extensions or value[x], not both {extension.exists() != value.exists()}"
"ChargeItemDefinition.extension:scheduleFundingAttributes.extension:brandSwitchFee.id","ChargeItemDefinition.extension.extension.id","","","",0,1,"","","","string {[]} {[]}
","Unique id for inter-element referencing","Unique id for the element within a resource (for internal references). This may be any string value that does not contain spaces.","","","","","","","","","",,,,,"",,,,"Element.id",0,1,"","","n/a"
"ChargeItemDefinition.extension:scheduleFundingAttributes.extension:brandSwitchFee.extension","ChargeItemDefinition.extension.extension.extension","","","",0,0,"","","","Extension {[]} {[]}
","Extension","An Extension","","","","","","","","","",,,,,"","value:url}
","Extensions are always sliced by (at least) url",,"open","Element.extension",0,*,"","ele-1:All FHIR elements must have a @value or children {hasValue() or (children().count() > id.count())}
ext-1:Must have either extensions or value[x], not both {extension.exists() != value.exists()}"
"ChargeItemDefinition.extension:scheduleFundingAttributes.extension:brandSwitchFee.url","ChargeItemDefinition.extension.extension.url","","","",1,1,"","","","uri {[]} {[]}
","identifies the meaning of the extension","Source of the definition for the extension code - a logical name or a URL.","The definition may point directly to a computable or human-readable definition of the extensibility codes, or it may be a logical URI as declared in some other specification. The definition SHALL be a URI for the Structure Definition defining the extension.","","","","<valueUri xmlns=""http://hl7.org/fhir"" value=""brandSwitchFee""/>","","","","",,,,,"",,,,"Extension.url",1,1,"","","N/A"
"ChargeItemDefinition.extension:scheduleFundingAttributes.extension:brandSwitchFee.value[x]","ChargeItemDefinition.extension.extension.value[x]","","","",0,1,"","","","boolean {[]} {[]}
","Brand switch fee flag","Value of extension - must be one of a constrained set of the data types (see [Extensibility](http://hl7.org/fhir/R4/extensibility.html) for a list).","","","","","","","","","",,,,,"",,,,"Extension.value[x]",0,1,"","ele-1:All FHIR elements must have a @value or children {hasValue() or (children().count() > id.count())}
","N/A"
"ChargeItemDefinition.extension:scheduleFundingAttributes.extension:statim","ChargeItemDefinition.extension.extension","statim","","",0,1,"","","","Extension {[]} {[]}
","Extension","An Extension","","","","","","","","","",,,,,"",,,,"Element.extension",0,*,"","ele-1:All FHIR elements must have a @value or children {hasValue() or (children().count() > id.count())}
ext-1:Must have either extensions or value[x], not both {extension.exists() != value.exists()}"
"ChargeItemDefinition.extension:scheduleFundingAttributes.extension:statim.id","ChargeItemDefinition.extension.extension.id","","","",0,1,"","","","string {[]} {[]}
","Unique id for inter-element referencing","Unique id for the element within a resource (for internal references). This may be any string value that does not contain spaces.","","","","","","","","","",,,,,"",,,,"Element.id",0,1,"","","n/a"
"ChargeItemDefinition.extension:scheduleFundingAttributes.extension:statim.extension","ChargeItemDefinition.extension.extension.extension","","","",0,0,"","","","Extension {[]} {[]}
","Extension","An Extension","","","","","","","","","",,,,,"","value:url}
","Extensions are always sliced by (at least) url",,"open","Element.extension",0,*,"","ele-1:All FHIR elements must have a @value or children {hasValue() or (children().count() > id.count())}
ext-1:Must have either extensions or value[x], not both {extension.exists() != value.exists()}"
"ChargeItemDefinition.extension:scheduleFundingAttributes.extension:statim.url","ChargeItemDefinition.extension.extension.url","","","",1,1,"","","","uri {[]} {[]}
","identifies the meaning of the extension","Source of the definition for the extension code - a logical name or a URL.","The definition may point directly to a computable or human-readable definition of the extensibility codes, or it may be a logical URI as declared in some other specification. The definition SHALL be a URI for the Structure Definition defining the extension.","","","","<valueUri xmlns=""http://hl7.org/fhir"" value=""statim""/>","","","","",,,,,"",,,,"Extension.url",1,1,"","","N/A"
"ChargeItemDefinition.extension:scheduleFundingAttributes.extension:statim.value[x]","ChargeItemDefinition.extension.extension.value[x]","","","",0,1,"","","","string {[]} {[]}
","Statim applicability","Value of extension - must be one of a constrained set of the data types (see [Extensibility](http://hl7.org/fhir/R4/extensibility.html) for a list).","","","","","","","","","",,,,,"",,,,"Extension.value[x]",0,1,"","ele-1:All FHIR elements must have a @value or children {hasValue() or (children().count() > id.count())}
","N/A"
"ChargeItemDefinition.extension:scheduleFundingAttributes.extension:inCombination","ChargeItemDefinition.extension.extension","inCombination","","",0,1,"","","","Extension {[]} {[]}
","Extension","An Extension","","","","","","","","","",,,,,"",,,,"Element.extension",0,*,"","ele-1:All FHIR elements must have a @value or children {hasValue() or (children().count() > id.count())}
ext-1:Must have either extensions or value[x], not both {extension.exists() != value.exists()}"
"ChargeItemDefinition.extension:scheduleFundingAttributes.extension:inCombination.id","ChargeItemDefinition.extension.extension.id","","","",0,1,"","","","string {[]} {[]}
","Unique id for inter-element referencing","Unique id for the element within a resource (for internal references). This may be any string value that does not contain spaces.","","","","","","","","","",,,,,"",,,,"Element.id",0,1,"","","n/a"
"ChargeItemDefinition.extension:scheduleFundingAttributes.extension:inCombination.extension","ChargeItemDefinition.extension.extension.extension","","","",0,0,"","","","Extension {[]} {[]}
","Extension","An Extension","","","","","","","","","",,,,,"","value:url}
","Extensions are always sliced by (at least) url",,"open","Element.extension",0,*,"","ele-1:All FHIR elements must have a @value or children {hasValue() or (children().count() > id.count())}
ext-1:Must have either extensions or value[x], not both {extension.exists() != value.exists()}"
"ChargeItemDefinition.extension:scheduleFundingAttributes.extension:inCombination.url","ChargeItemDefinition.extension.extension.url","","","",1,1,"","","","uri {[]} {[]}
","identifies the meaning of the extension","Source of the definition for the extension code - a logical name or a URL.","The definition may point directly to a computable or human-readable definition of the extensibility codes, or it may be a logical URI as declared in some other specification. The definition SHALL be a URI for the Structure Definition defining the extension.","","","","<valueUri xmlns=""http://hl7.org/fhir"" value=""inCombination""/>","","","","",,,,,"",,,,"Extension.url",1,1,"","","N/A"
"ChargeItemDefinition.extension:scheduleFundingAttributes.extension:inCombination.value[x]","ChargeItemDefinition.extension.extension.value[x]","","","",0,1,"","","","code {[]} {[]}
","In-combination funding flag","Value of extension - must be one of a constrained set of the data types (see [Extensibility](http://hl7.org/fhir/R4/extensibility.html) for a list).","","","","","","","","","",,,,,"",,,,"Extension.value[x]",0,1,"","ele-1:All FHIR elements must have a @value or children {hasValue() or (children().count() > id.count())}
","N/A"
"ChargeItemDefinition.extension:scheduleFundingAttributes.extension:section29","ChargeItemDefinition.extension.extension","section29","","",0,1,"","","","Extension {[]} {[]}
","Extension","An Extension","","","","","","","","","",,,,,"",,,,"Element.extension",0,*,"","ele-1:All FHIR elements must have a @value or children {hasValue() or (children().count() > id.count())}
ext-1:Must have either extensions or value[x], not both {extension.exists() != value.exists()}"
"ChargeItemDefinition.extension:scheduleFundingAttributes.extension:section29.id","ChargeItemDefinition.extension.extension.id","","","",0,1,"","","","string {[]} {[]}
","Unique id for inter-element referencing","Unique id for the element within a resource (for internal references). This may be any string value that does not contain spaces.","","","","","","","","","",,,,,"",,,,"Element.id",0,1,"","","n/a"
"ChargeItemDefinition.extension:scheduleFundingAttributes.extension:section29.extension","ChargeItemDefinition.extension.extension.extension","","","",0,0,"","","","Extension {[]} {[]}
","Extension","An Extension","","","","","","","","","",,,,,"","value:url}
","Extensions are always sliced by (at least) url",,"open","Element.extension",0,*,"","ele-1:All FHIR elements must have a @value or children {hasValue() or (children().count() > id.count())}
ext-1:Must have either extensions or value[x], not both {extension.exists() != value.exists()}"
"ChargeItemDefinition.extension:scheduleFundingAttributes.extension:section29.url","ChargeItemDefinition.extension.extension.url","","","",1,1,"","","","uri {[]} {[]}
","identifies the meaning of the extension","Source of the definition for the extension code - a logical name or a URL.","The definition may point directly to a computable or human-readable definition of the extensibility codes, or it may be a logical URI as declared in some other specification. The definition SHALL be a URI for the Structure Definition defining the extension.","","","","<valueUri xmlns=""http://hl7.org/fhir"" value=""section29""/>","","","","",,,,,"",,,,"Extension.url",1,1,"","","N/A"
"ChargeItemDefinition.extension:scheduleFundingAttributes.extension:section29.value[x]","ChargeItemDefinition.extension.extension.value[x]","","","",0,1,"","","","boolean {[]} {[]}
","Section 29 applicability","Value of extension - must be one of a constrained set of the data types (see [Extensibility](http://hl7.org/fhir/R4/extensibility.html) for a list).","","","","","","","","","",,,,,"",,,,"Extension.value[x]",0,1,"","ele-1:All FHIR elements must have a @value or children {hasValue() or (children().count() > id.count())}
","N/A"
"ChargeItemDefinition.extension:scheduleFundingAttributes.extension:coPaymentMin","ChargeItemDefinition.extension.extension","coPaymentMin","","",0,1,"","","","Extension {[]} {[]}
","Extension","An Extension","","","","","","","","","",,,,,"",,,,"Element.extension",0,*,"","ele-1:All FHIR elements must have a @value or children {hasValue() or (children().count() > id.count())}
ext-1:Must have either extensions or value[x], not both {extension.exists() != value.exists()}"
"ChargeItemDefinition.extension:scheduleFundingAttributes.extension:coPaymentMin.id","ChargeItemDefinition.extension.extension.id","","","",0,1,"","","","string {[]} {[]}
","Unique id for inter-element referencing","Unique id for the element within a resource (for internal references). This may be any string value that does not contain spaces.","","","","","","","","","",,,,,"",,,,"Element.id",0,1,"","","n/a"
"ChargeItemDefinition.extension:scheduleFundingAttributes.extension:coPaymentMin.extension","ChargeItemDefinition.extension.extension.extension","","","",0,0,"","","","Extension {[]} {[]}
","Extension","An Extension","","","","","","","","","",,,,,"","value:url}
","Extensions are always sliced by (at least) url",,"open","Element.extension",0,*,"","ele-1:All FHIR elements must have a @value or children {hasValue() or (children().count() > id.count())}
ext-1:Must have either extensions or value[x], not both {extension.exists() != value.exists()}"
"ChargeItemDefinition.extension:scheduleFundingAttributes.extension:coPaymentMin.url","ChargeItemDefinition.extension.extension.url","","","",1,1,"","","","uri {[]} {[]}
","identifies the meaning of the extension","Source of the definition for the extension code - a logical name or a URL.","The definition may point directly to a computable or human-readable definition of the extensibility codes, or it may be a logical URI as declared in some other specification. The definition SHALL be a URI for the Structure Definition defining the extension.","","","","<valueUri xmlns=""http://hl7.org/fhir"" value=""coPaymentMin""/>","","","","",,,,,"",,,,"Extension.url",1,1,"","","N/A"
"ChargeItemDefinition.extension:scheduleFundingAttributes.extension:coPaymentMin.value[x]","ChargeItemDefinition.extension.extension.value[x]","","","",0,1,"","","","code {[]} {[]}
","Co-payment minimum applicability","Value of extension - must be one of a constrained set of the data types (see [Extensibility](http://hl7.org/fhir/R4/extensibility.html) for a list).","","","","","","","","","",,,,,"",,,,"Extension.value[x]",0,1,"","ele-1:All FHIR elements must have a @value or children {hasValue() or (children().count() > id.count())}
","N/A"
"ChargeItemDefinition.extension:scheduleFundingAttributes.extension:coPaymentMax","ChargeItemDefinition.extension.extension","coPaymentMax","","",0,1,"","","","Extension {[]} {[]}
","Extension","An Extension","","","","","","","","","",,,,,"",,,,"Element.extension",0,*,"","ele-1:All FHIR elements must have a @value or children {hasValue() or (children().count() > id.count())}
ext-1:Must have either extensions or value[x], not both {extension.exists() != value.exists()}"
"ChargeItemDefinition.extension:scheduleFundingAttributes.extension:coPaymentMax.id","ChargeItemDefinition.extension.extension.id","","","",0,1,"","","","string {[]} {[]}
","Unique id for inter-element referencing","Unique id for the element within a resource (for internal references). This may be any string value that does not contain spaces.","","","","","","","","","",,,,,"",,,,"Element.id",0,1,"","","n/a"
"ChargeItemDefinition.extension:scheduleFundingAttributes.extension:coPaymentMax.extension","ChargeItemDefinition.extension.extension.extension","","","",0,0,"","","","Extension {[]} {[]}
","Extension","An Extension","","","","","","","","","",,,,,"","value:url}
","Extensions are always sliced by (at least) url",,"open","Element.extension",0,*,"","ele-1:All FHIR elements must have a @value or children {hasValue() or (children().count() > id.count())}
ext-1:Must have either extensions or value[x], not both {extension.exists() != value.exists()}"
"ChargeItemDefinition.extension:scheduleFundingAttributes.extension:coPaymentMax.url","ChargeItemDefinition.extension.extension.url","","","",1,1,"","","","uri {[]} {[]}
","identifies the meaning of the extension","Source of the definition for the extension code - a logical name or a URL.","The definition may point directly to a computable or human-readable definition of the extensibility codes, or it may be a logical URI as declared in some other specification. The definition SHALL be a URI for the Structure Definition defining the extension.","","","","<valueUri xmlns=""http://hl7.org/fhir"" value=""coPaymentMax""/>","","","","",,,,,"",,,,"Extension.url",1,1,"","","N/A"
"ChargeItemDefinition.extension:scheduleFundingAttributes.extension:coPaymentMax.value[x]","ChargeItemDefinition.extension.extension.value[x]","","","",0,1,"","","","code {[]} {[]}
","Co-payment maximum applicability","Value of extension - must be one of a constrained set of the data types (see [Extensibility](http://hl7.org/fhir/R4/extensibility.html) for a list).","","","","","","","","","",,,,,"",,,,"Extension.value[x]",0,1,"","ele-1:All FHIR elements must have a @value or children {hasValue() or (children().count() > id.count())}
","N/A"
"ChargeItemDefinition.extension:scheduleFundingAttributes.url","ChargeItemDefinition.extension.url","","","",1,1,"","","","uri {[]} {[]}
","identifies the meaning of the extension","Source of the definition for the extension code - a logical name or a URL.","The definition may point directly to a computable or human-readable definition of the extensibility codes, or it may be a logical URI as declared in some other specification. The definition SHALL be a URI for the Structure Definition defining the extension.","","","","<valueUri xmlns=""http://hl7.org/fhir"" value=""https://fhir-ig.digital.health.nz/pharmac-schedules/StructureDefinition/schedule-funding-attributes""/>","","","","",,,,,"",,,,"Extension.url",1,1,"","","N/A"
"ChargeItemDefinition.extension:scheduleFundingAttributes.value[x]","ChargeItemDefinition.extension.value[x]","","","",0,0,"","","","base64Binary {[]} {[]}
boolean {[]} {[]}canonical {[]} {[]}code {[]} {[]}date {[]} {[]}dateTime {[]} {[]}decimal {[]} {[]}id {[]} {[]}instant {[]} {[]}integer {[]} {[]}markdown {[]} {[]}oid {[]} {[]}positiveInt {[]} {[]}string {[]} {[]}time {[]} {[]}unsignedInt {[]} {[]}uri {[]} {[]}url {[]} {[]}uuid {[]} {[]}Address {[]} {[]}Age {[]} {[]}Annotation {[]} {[]}Attachment {[]} {[]}CodeableConcept {[]} {[]}Coding {[]} {[]}ContactPoint {[]} {[]}Count {[]} {[]}Distance {[]} {[]}Duration {[]} {[]}HumanName {[]} {[]}Identifier {[]} {[]}Money {[]} {[]}Period {[]} {[]}Quantity {[]} {[]}Range {[]} {[]}Ratio {[]} {[]}Reference {[]} {[]}SampledData {[]} {[]}Signature {[]} {[]}Timing {[]} {[]}ContactDetail {[]} {[]}Contributor {[]} {[]}DataRequirement {[]} {[]}Expression {[]} {[]}ParameterDefinition {[]} {[]}RelatedArtifact {[]} {[]}TriggerDefinition {[]} {[]}UsageContext {[]} {[]}Dosage {[]} {[]}Meta {[]} {[]}","Value of extension","Value of extension - must be one of a constrained set of the data types (see [Extensibility](http://hl7.org/fhir/R4/extensibility.html) for a list).","","","","","","","","","",,,,,"",,,,"Extension.value[x]",0,1,"","ele-1:All FHIR elements must have a @value or children {hasValue() or (children().count() > id.count())}
","N/A"
"ChargeItemDefinition.extension:PricingSection29","ChargeItemDefinition.extension","PricingSection29","","",0,1,"","","","Extension {[CanonicalType[https://fhir-ig.digital.health.nz/pharmac-schedules/StructureDefinition/pricing-section-29]]} {[]}
","Pricing Section 29","Indicates whether Section 29 applies to this pricing record.","","","","","","","","","",,,,,"",,,,"DomainResource.extension",0,*,"ele-1
","ele-1:All FHIR elements must have a @value or children {hasValue() or (children().count() > id.count())}
ext-1:Must have either extensions or value[x], not both {extension.exists() != value.exists()}"
"ChargeItemDefinition.extension:PricingNotCombined","ChargeItemDefinition.extension","PricingNotCombined","","",0,1,"","","","Extension {[CanonicalType[https://fhir-ig.digital.health.nz/pharmac-schedules/StructureDefinition/pricing-not-combined]]} {[]}
","Pricing Not Combined","Indicates whether Not Combined applies to this pricing record.","","","","","","","","","",,,,,"",,,,"DomainResource.extension",0,*,"ele-1
","ele-1:All FHIR elements must have a @value or children {hasValue() or (children().count() > id.count())}
ext-1:Must have either extensions or value[x], not both {extension.exists() != value.exists()}"
"ChargeItemDefinition.extension:PricingCoPaymentMax","ChargeItemDefinition.extension","PricingCoPaymentMax","","",0,1,"","","","Extension {[CanonicalType[https://fhir-ig.digital.health.nz/pharmac-schedules/StructureDefinition/pricing-copayment-max]]} {[]}
","Pricing Co-Payment Max","Indicates whether Co-Payment Max applies to this pricing record.","","","","","","","","","",,,,,"",,,,"DomainResource.extension",0,*,"ele-1
","ele-1:All FHIR elements must have a @value or children {hasValue() or (children().count() > id.count())}
ext-1:Must have either extensions or value[x], not both {extension.exists() != value.exists()}"
"ChargeItemDefinition.modifierExtension","ChargeItemDefinition.modifierExtension","","extensions
user content","",0,*,"","Y","","Extension {[]} {[]}
","Extensions that cannot be ignored","May be used to represent additional information that is not part of the basic definition of the resource and that modifies the understanding of the element that contains it and/or the understanding of the containing element's descendants. Usually modifier elements provide negation or qualification. To make the use of extensions safe and manageable, there is a strict set of governance applied to the definition and use of extensions. Though any implementer is allowed to define an extension, there is a set of requirements that SHALL be met as part of the definition of the extension. Applications processing a resource are required to check for modifier extensions.

Modifier extensions SHALL NOT change the meaning of any elements on Resource or DomainResource (including cannot change the meaning of modifierExtension itself).","There can be no stigma associated with the use of extensions by any application, project, or standard - regardless of the institution or jurisdiction that uses or defines the extensions.  The use of extensions is what allows the FHIR specification to retain a core level of simplicity for everyone.","Modifier extensions allow for extensions that *cannot* be safely ignored to be clearly distinguished from the vast majority of extensions which can be safely ignored.  This promotes interoperability by eliminating the need for implementers to prohibit the presence of extensions. For further information, see the [definition of modifier extensions](http://hl7.org/fhir/R4/extensibility.html#modifierExtension).","","","","","","","",,,,,"",,,,"DomainResource.modifierExtension",0,*,"","ele-1:All FHIR elements must have a @value or children {hasValue() or (children().count() > id.count())}
ext-1:Must have either extensions or value[x], not both {extension.exists() != value.exists()}","N/A"
"ChargeItemDefinition.url","ChargeItemDefinition.url","","","",1,1,"Y","","Y","uri {[]} {[]}
","Canonical identifier for this funding rule definition","Unique canonical URL for this funding rule definition","Can be a urn:uuid: or a urn:oid: but real http: addresses are preferred.  Multiple instances may share the same URL if they have a distinct version.

The determination of when to create a new version of a resource (same url, new version) vs. defining a new artifact is up to the author.  Considerations for making this decision are found in [Technical and Business Versions](http://hl7.org/fhir/R4/resource.html#versions). 

In some cases, the resource can no longer be found at the stated url, but the url itself cannot change. Implementations can use the [meta.source](http://hl7.org/fhir/R4/resource.html#meta) element to indicate where the current master source of the resource can be found.","Allows the charge item definition to be referenced by a single globally unique identifier.","","","","","","","",,,,,"",,,,"ChargeItemDefinition.url",1,1,"","ele-1:All FHIR elements must have a @value or children {hasValue() or (children().count() > id.count())}
","N/A","Definition.url","FiveWs.identifier"
"ChargeItemDefinition.identifier","ChargeItemDefinition.identifier","","","",0,*,"","","Y","Identifier {[]} {[]}
","Additional identifier for the charge item definition","A formal identifier that is used to identify this charge item definition when it is represented in other formats, or referenced in a specification, model, design or an instance.","Typically, this is used for identifiers that can go in an HL7 V3 II (instance identifier) data type, and can then identify this charge item definition outside of FHIR, where it is not possible to use the logical URI.","Allows externally provided and/or usable business identifiers to be easily associated with the module.","","","","","","","",,,,,"",,,,"ChargeItemDefinition.identifier",0,*,"","ele-1:All FHIR elements must have a @value or children {hasValue() or (children().count() > id.count())}
","N/A","Definition.identifier","FiveWs.identifier","no-gen-base"
"ChargeItemDefinition.version","ChargeItemDefinition.version","","","",0,1,"Y","","Y","string {[]} {[]}
","Version of this pricing definition","The business version of this pricing definition","There may be different charge item definition instances that have the same identifier but different versions.  The version can be appended to the url in a reference to allow a reference to a particular business version of the charge item definition with the format [url]|[version].","","","","","","","","",,,,,"",,,,"ChargeItemDefinition.version",0,1,"","ele-1:All FHIR elements must have a @value or children {hasValue() or (children().count() > id.count())}
","N/A","Definition.version","FiveWs.version"
"ChargeItemDefinition.title","ChargeItemDefinition.title","","","",0,1,"Y","","Y","string {[]} {[]}
","Funding mechanism name","A short, descriptive, user-friendly title for the charge item definition.","This name does not need to be machine-processing friendly and may contain punctuation, white-space, etc.","","","","","","","","",,,,,"",,,,"ChargeItemDefinition.title",0,1,"","ele-1:All FHIR elements must have a @value or children {hasValue() or (children().count() > id.count())}
","N/A","Definition.title"
"ChargeItemDefinition.derivedFromUri","ChargeItemDefinition.derivedFromUri","","","",0,*,"","","Y","uri {[]} {[]}
","Underlying externally-defined charge item definition","The URL pointing to an externally-defined charge item definition that is adhered to in whole or in part by this definition.","","","","","","","","","",,,,,"",,,,"ChargeItemDefinition.derivedFromUri",0,*,"","ele-1:All FHIR elements must have a @value or children {hasValue() or (children().count() > id.count())}
","N/A"
"ChargeItemDefinition.partOf","ChargeItemDefinition.partOf","","container
","",0,*,"","","Y","canonical {[]} {[CanonicalType[http://hl7.org/fhir/StructureDefinition/ChargeItemDefinition|4.0.1]]}
","A larger definition of which this particular definition is a component or step","A larger definition of which this particular definition is a component or step.","","","","","","","","","",,,,,"",,,,"ChargeItemDefinition.partOf",0,*,"","ele-1:All FHIR elements must have a @value or children {hasValue() or (children().count() > id.count())}
","N/A"
"ChargeItemDefinition.replaces","ChargeItemDefinition.replaces","","supersedes
priorrenewed order","",0,*,"","","Y","canonical {[]} {[CanonicalType[http://hl7.org/fhir/StructureDefinition/ChargeItemDefinition|4.0.1]]}
","Completed or terminated request(s) whose function is taken by this new request","As new versions of a protocol or guideline are defined, allows identification of what versions are replaced by a new instance.","","","","","","","","","",,,,,"",,,,"ChargeItemDefinition.replaces",0,*,"","ele-1:All FHIR elements must have a @value or children {hasValue() or (children().count() > id.count())}
","N/A"
"ChargeItemDefinition.status","ChargeItemDefinition.status","","","",1,1,"Y","Y","Y","code {[]} {[]}
","Status of this pricing definition","The current state of the ChargeItemDefinition.","Allows filtering of charge item definitions that are appropriate for use versus not.","","","","","","","","",,"required","The lifecycle status of an artifact.","http://hl7.org/fhir/ValueSet/publication-status|4.0.1","",,,,"ChargeItemDefinition.status",1,1,"","ele-1:All FHIR elements must have a @value or children {hasValue() or (children().count() > id.count())}
","N/A","Definition.status {different ValueSet}","FiveWs.status"
"ChargeItemDefinition.experimental","ChargeItemDefinition.experimental","","","",0,1,"","","Y","boolean {[]} {[]}
","For testing purposes, not real usage","A Boolean value to indicate that this charge item definition is authored for testing purposes (or education/evaluation/marketing) and is not intended to be used for genuine usage.","Allows filtering of charge item definitions that are appropriate for use versus not.","Enables experimental content to be developed following the same lifecycle that would be used for a production-level charge item definition.","","","","","","","",,,,,"",,,,"ChargeItemDefinition.experimental",0,1,"","ele-1:All FHIR elements must have a @value or children {hasValue() or (children().count() > id.count())}
","N/A","Definition.experimental","FiveWs.class"
"ChargeItemDefinition.date","ChargeItemDefinition.date","","Revision Date
","",0,1,"","","Y","dateTime {[]} {[]}
","Date last changed","The date  (and optionally time) when the charge item definition was published. The date must change when the business version changes and it must change if the status code changes. In addition, it should change when the substantive content of the charge item definition changes.","Note that this is not the same as the resource last-modified-date, since the resource may be a secondary representation of the charge item definition. Additional specific dates may be added as extensions or be found by consulting Provenances associated with past versions of the resource.","","","","","","","","",,,,,"",,,,"ChargeItemDefinition.date",0,1,"","ele-1:All FHIR elements must have a @value or children {hasValue() or (children().count() > id.count())}
","N/A","Definition.date","FiveWs.recorded"
"ChargeItemDefinition.publisher","ChargeItemDefinition.publisher","","","",0,1,"Y","","Y","string {[]} {[]}
","Organization responsible for this pricing","The organization (typically PHARMAC) responsible for publishing and maintaining this pricing definition","Usually an organization but may be an individual. The publisher (or steward) of the charge item definition is the organization or individual primarily responsible for the maintenance and upkeep of the charge item definition. This is not necessarily the same individual or organization that developed and initially authored the content. The publisher is the primary point of contact for questions or issues with the charge item definition. This item SHOULD be populated unless the information is available from context.","Helps establish the ""authority/credibility"" of the charge item definition.  May also allow for contact.","","","","","","","",,,,,"",,,,"ChargeItemDefinition.publisher",0,1,"","ele-1:All FHIR elements must have a @value or children {hasValue() or (children().count() > id.count())}
","N/A","Definition.publisher {as string instead of CodeableConcept}","FiveWs.witness"
"ChargeItemDefinition.contact","ChargeItemDefinition.contact","","","",0,*,"Y","","Y","ContactDetail {[]} {[]}
","Contact details for the publisher","Contact information for inquiries or issues related to this pricing","May be a web site, an email address, a telephone number, etc.","","","","","","","","",,,,,"",,,,"ChargeItemDefinition.contact",0,*,"","ele-1:All FHIR elements must have a @value or children {hasValue() or (children().count() > id.count())}
","N/A","Definition.contact"
"ChargeItemDefinition.description","ChargeItemDefinition.description","","","",0,1,"Y","","Y","markdown {[]} {[]}
","Description of funding rules and conditions","A free text natural language description of the charge item definition from a consumer's perspective.","This description can be used to capture details such as why the charge item definition was built, comments about misuse, instructions for clinical use and interpretation, literature references, examples from the paper world, etc. It is not a rendering of the charge item definition as conveyed in the 'text' field of the resource itself. This item SHOULD be populated unless the information is available from context (e.g. the language of the charge item definition is presumed to be the predominant language in the place the charge item definition was created).","","","","","","","","",,,,,"",,,,"ChargeItemDefinition.description",0,1,"","ele-1:All FHIR elements must have a @value or children {hasValue() or (children().count() > id.count())}
","N/A","Definition.description"
"ChargeItemDefinition.useContext","ChargeItemDefinition.useContext","","","",0,*,"","","Y","UsageContext {[]} {[]}
","The context that the content is intended to support","The content was developed with a focus and intent of supporting the contexts that are listed. These contexts may be general categories (gender, age, ...) or may be references to specific programs (insurance plans, studies, ...) and may be used to assist with indexing and searching for appropriate charge item definition instances.","When multiple useContexts are specified, there is no expectation that all or any of the contexts apply.","Assist in searching for appropriate content.","","","","","","","",,,,,"",,,,"ChargeItemDefinition.useContext",0,*,"","ele-1:All FHIR elements must have a @value or children {hasValue() or (children().count() > id.count())}
","N/A","Definition.useContext"
"ChargeItemDefinition.jurisdiction","ChargeItemDefinition.jurisdiction","","","",0,*,"","","Y","CodeableConcept {[]} {[]}
","Intended jurisdiction for charge item definition (if applicable)","A legal or geographic region in which the charge item definition is intended to be used.","It may be possible for the charge item definition to be used in jurisdictions other than those for which it was originally designed or intended.","","","","","","","","",,"extensible","Countries and regions within which this artifact is targeted for use.","http://hl7.org/fhir/ValueSet/jurisdiction|4.0.1","",,,,"ChargeItemDefinition.jurisdiction",0,*,"","ele-1:All FHIR elements must have a @value or children {hasValue() or (children().count() > id.count())}
","N/A","Definition.jurisdiction"
"ChargeItemDefinition.copyright","ChargeItemDefinition.copyright","","License
Restrictions","",0,1,"","","","markdown {[]} {[]}
","Use and/or publishing restrictions","A copyright statement relating to the charge item definition and/or its contents. Copyright statements are generally legal restrictions on the use and publishing of the charge item definition.","","Consumers must be able to determine any legal restrictions on the use of the charge item definition and/or its content.","","","","","","","",,,,,"",,,,"ChargeItemDefinition.copyright",0,1,"","ele-1:All FHIR elements must have a @value or children {hasValue() or (children().count() > id.count())}
","N/A","Definition.copyright","no-gen-base"
"ChargeItemDefinition.approvalDate","ChargeItemDefinition.approvalDate","","","",0,1,"","","","date {[]} {[]}
","When the charge item definition was approved by publisher","The date on which the resource content was approved by the publisher. Approval happens once when the content is officially approved for usage.","The 'date' element may be more recent than the approval date because of minor changes or editorial corrections.","","","","","","","","",,,,,"",,,,"ChargeItemDefinition.approvalDate",0,1,"","ele-1:All FHIR elements must have a @value or children {hasValue() or (children().count() > id.count())}
","N/A","Definition.approvalDate","no-gen-base"
"ChargeItemDefinition.lastReviewDate","ChargeItemDefinition.lastReviewDate","","","",0,1,"","","","date {[]} {[]}
","When the charge item definition was last reviewed","The date on which the resource content was last reviewed. Review happens periodically after approval but does not change the original approval date.","If specified, this date follows the original approval date.","Gives a sense of how ""current"" the content is.  Resources that have not been reviewed in a long time may have a risk of being less appropriate/relevant.","","","","","","","",,,,,"",,,,"ChargeItemDefinition.lastReviewDate",0,1,"","ele-1:All FHIR elements must have a @value or children {hasValue() or (children().count() > id.count())}
","N/A","Definition.lastReviewDate","no-gen-base"
"ChargeItemDefinition.effectivePeriod","ChargeItemDefinition.effectivePeriod","","","",0,1,"","","Y","Period {[]} {[]}
","When the charge item definition is expected to be used","The period during which the charge item definition content was or is planned to be in active use.","The effective period for a charge item definition  determines when the content is applicable for usage and is independent of publication and review dates. For example, a measure intended to be used for the year 2016 might be published in 2015.","Allows establishing a transition before a resource comes into effect and also allows for a sunsetting  process when new versions of the charge item definition are or are expected to be used instead.","","","","","","","",,,,,"",,,,"ChargeItemDefinition.effectivePeriod",0,1,"","ele-1:All FHIR elements must have a @value or children {hasValue() or (children().count() > id.count())}
","N/A","Definition.effectivePeriod","no-gen-base"
"ChargeItemDefinition.code","ChargeItemDefinition.code","","","",0,0,"Y","","Y","CodeableConcept {[]} {[]}
","Not used for funding rule definitions","Optional code for classifying this definition, such as a special authorization form code","","","","","","","","","",,"example","Billing Code defined by this ChargeItemDefinition.","http://hl7.org/fhir/ValueSet/chargeitem-billingcodes|4.0.1","",,,,"ChargeItemDefinition.code",0,1,"","ele-1:All FHIR elements must have a @value or children {hasValue() or (children().count() > id.count())}
","N/A"
"ChargeItemDefinition.instance","ChargeItemDefinition.instance","","","",0,*,"Y","","","Reference {[]} {[CanonicalType[http://hl7.org/fhir/StructureDefinition/Medication], CanonicalType[http://hl7.org/fhir/StructureDefinition/Device]]}
","References to Medication or Device resources","Optional references to specific Medication or Device resources that these funding rules apply to. May be absent for generic funding mechanism definitions.","In case of highly customized, individually produced or fitted devices/substances, the pricing information may be different for each instance of the product. This reference links pricing details to specific product instances.","","","","","","","","",,,,,"",,,,"ChargeItemDefinition.instance",0,*,"","ele-1:All FHIR elements must have a @value or children {hasValue() or (children().count() > id.count())}
","N/A"
"ChargeItemDefinition.applicability","ChargeItemDefinition.applicability","","","",0,*,"Y","","","BackboneElement {[]} {[]}
","Applicability rules for this pricing","Rules or conditions that determine when this pricing applies (e.g., patient eligibility, prescriber requirements, clinical criteria)","The applicability conditions can be used to ascertain whether a billing item is allowed in a specific context. E.g. some billing codes may only be applicable in out-patient settings, only to male/female patients or only to children.","","","","","","","","",,,,,"",,,,"ChargeItemDefinition.applicability",0,*,"","ele-1:All FHIR elements must have a @value or children {hasValue() or (children().count() > id.count())}
","N/A"
"ChargeItemDefinition.applicability.id","ChargeItemDefinition.applicability.id","","","",0,1,"","","","string {[]} {[]}
","Unique id for inter-element referencing","Unique id for the element within a resource (for internal references). This may be any string value that does not contain spaces.","","","","","","","","","",,,,,"",,,,"Element.id",0,1,"","","n/a"
"ChargeItemDefinition.applicability.extension","ChargeItemDefinition.applicability.extension","","extensions
user content","",0,*,"","","","Extension {[]} {[]}
","Additional content defined by implementations","May be used to represent additional information that is not part of the basic definition of the element. To make the use of extensions safe and manageable, there is a strict set of governance  applied to the definition and use of extensions. Though any implementer can define an extension, there is a set of requirements that SHALL be met as part of the definition of the extension.","There can be no stigma associated with the use of extensions by any application, project, or standard - regardless of the institution or jurisdiction that uses or defines the extensions.  The use of extensions is what allows the FHIR specification to retain a core level of simplicity for everyone.","","","","","","","","",,,,,"",,,,"Element.extension",0,*,"","ele-1:All FHIR elements must have a @value or children {hasValue() or (children().count() > id.count())}
ext-1:Must have either extensions or value[x], not both {extension.exists() != value.exists()}","n/a"
"ChargeItemDefinition.applicability.modifierExtension","ChargeItemDefinition.applicability.modifierExtension","","extensions
user contentmodifiers","",0,*,"","Y","Y","Extension {[]} {[]}
","Extensions that cannot be ignored even if unrecognized","May be used to represent additional information that is not part of the basic definition of the element and that modifies the understanding of the element in which it is contained and/or the understanding of the containing element's descendants. Usually modifier elements provide negation or qualification. To make the use of extensions safe and manageable, there is a strict set of governance applied to the definition and use of extensions. Though any implementer can define an extension, there is a set of requirements that SHALL be met as part of the definition of the extension. Applications processing a resource are required to check for modifier extensions.

Modifier extensions SHALL NOT change the meaning of any elements on Resource or DomainResource (including cannot change the meaning of modifierExtension itself).","There can be no stigma associated with the use of extensions by any application, project, or standard - regardless of the institution or jurisdiction that uses or defines the extensions.  The use of extensions is what allows the FHIR specification to retain a core level of simplicity for everyone.","Modifier extensions allow for extensions that *cannot* be safely ignored to be clearly distinguished from the vast majority of extensions which can be safely ignored.  This promotes interoperability by eliminating the need for implementers to prohibit the presence of extensions. For further information, see the [definition of modifier extensions](http://hl7.org/fhir/R4/extensibility.html#modifierExtension).","","","","","","","",,,,,"",,,,"BackboneElement.modifierExtension",0,*,"","ele-1:All FHIR elements must have a @value or children {hasValue() or (children().count() > id.count())}
ext-1:Must have either extensions or value[x], not both {extension.exists() != value.exists()}","N/A"
"ChargeItemDefinition.applicability.description","ChargeItemDefinition.applicability.description","","","",1,1,"","","","string {[]} {[]}
","Natural language description of the rule","A human-readable description of when this applicability rule applies","","","","","","","","","",,,,,"",,,,"ChargeItemDefinition.applicability.description",0,1,"","ele-1:All FHIR elements must have a @value or children {hasValue() or (children().count() > id.count())}
","N/A"
"ChargeItemDefinition.applicability.language","ChargeItemDefinition.applicability.language","","","",0,1,"","","","string {[]} {[]}
","Expression language","The language in which the expression is written (e.g., 'text/cql' for Clinical Quality Language)","","","","","","","","","",,,,,"",,,,"ChargeItemDefinition.applicability.language",0,1,"","ele-1:All FHIR elements must have a @value or children {hasValue() or (children().count() > id.count())}
","N/A"
"ChargeItemDefinition.applicability.expression","ChargeItemDefinition.applicability.expression","","","",0,1,"","","","string {[]} {[]}
","Expression code","The formal expression defining the condition (e.g., CQL expression for clinical criteria)","Please note that FHIRPath Expressions can only be evaluated in the scope of the current ChargeItem resource to which this definition is being applied.
FHIRPath expressions can traverse into other resources linked from the ChargeItem resource, however, testing rules such as that a billing code may be billed only once per encounter need a wider scope. In such scenarios, CQL may be the appropriate choice.","","","","","","","","",,,,,"",,,,"ChargeItemDefinition.applicability.expression",0,1,"","ele-1:All FHIR elements must have a @value or children {hasValue() or (children().count() > id.count())}
","N/A"
"ChargeItemDefinition.propertyGroup","ChargeItemDefinition.propertyGroup","","","",0,*,"Y","","","BackboneElement {[]} {[]}
","Subsidy/reimbursement amounts (optional)","Optional group of pricing properties that specify the subsidy or reimbursement amount for this funding mechanism. Typically contains a single priceComponent of type 'discount' representing the PHARMAC subsidy.","","","","","","","","","",,,,,"",,,,"ChargeItemDefinition.propertyGroup",0,*,"","ele-1:All FHIR elements must have a @value or children {hasValue() or (children().count() > id.count())}
","N/A"
"ChargeItemDefinition.propertyGroup.id","ChargeItemDefinition.propertyGroup.id","","","",0,1,"","","","string {[]} {[]}
","Unique id for inter-element referencing","Unique id for the element within a resource (for internal references). This may be any string value that does not contain spaces.","","","","","","","","","",,,,,"",,,,"Element.id",0,1,"","","n/a"
"ChargeItemDefinition.propertyGroup.extension","ChargeItemDefinition.propertyGroup.extension","","extensions
user content","",0,*,"","","","Extension {[]} {[]}
","Additional content defined by implementations","May be used to represent additional information that is not part of the basic definition of the element. To make the use of extensions safe and manageable, there is a strict set of governance  applied to the definition and use of extensions. Though any implementer can define an extension, there is a set of requirements that SHALL be met as part of the definition of the extension.","There can be no stigma associated with the use of extensions by any application, project, or standard - regardless of the institution or jurisdiction that uses or defines the extensions.  The use of extensions is what allows the FHIR specification to retain a core level of simplicity for everyone.","","","","","","","","",,,,,"",,,,"Element.extension",0,*,"","ele-1:All FHIR elements must have a @value or children {hasValue() or (children().count() > id.count())}
ext-1:Must have either extensions or value[x], not both {extension.exists() != value.exists()}","n/a"
"ChargeItemDefinition.propertyGroup.modifierExtension","ChargeItemDefinition.propertyGroup.modifierExtension","","extensions
user contentmodifiers","",0,*,"","Y","Y","Extension {[]} {[]}
","Extensions that cannot be ignored even if unrecognized","May be used to represent additional information that is not part of the basic definition of the element and that modifies the understanding of the element in which it is contained and/or the understanding of the containing element's descendants. Usually modifier elements provide negation or qualification. To make the use of extensions safe and manageable, there is a strict set of governance applied to the definition and use of extensions. Though any implementer can define an extension, there is a set of requirements that SHALL be met as part of the definition of the extension. Applications processing a resource are required to check for modifier extensions.

Modifier extensions SHALL NOT change the meaning of any elements on Resource or DomainResource (including cannot change the meaning of modifierExtension itself).","There can be no stigma associated with the use of extensions by any application, project, or standard - regardless of the institution or jurisdiction that uses or defines the extensions.  The use of extensions is what allows the FHIR specification to retain a core level of simplicity for everyone.","Modifier extensions allow for extensions that *cannot* be safely ignored to be clearly distinguished from the vast majority of extensions which can be safely ignored.  This promotes interoperability by eliminating the need for implementers to prohibit the presence of extensions. For further information, see the [definition of modifier extensions](http://hl7.org/fhir/R4/extensibility.html#modifierExtension).","","","","","","","",,,,,"",,,,"BackboneElement.modifierExtension",0,*,"","ele-1:All FHIR elements must have a @value or children {hasValue() or (children().count() > id.count())}
ext-1:Must have either extensions or value[x], not both {extension.exists() != value.exists()}","N/A"
"ChargeItemDefinition.propertyGroup.applicability","ChargeItemDefinition.propertyGroup.applicability","","","",0,*,"","","","BackboneElement {[]} {[]}
","Applicability for this property group","Description of when this funding amount applies (e.g., 'Case 1 - community pharmacy prescription')","The applicability conditions can be used to ascertain whether a billing item is allowed in a specific context. E.g. some billing codes may only be applicable in out-patient settings, only to male/female patients or only to children.","","","","","","","","",,,,,"",,,,"ChargeItemDefinition.propertyGroup.applicability",0,*,"","ele-1:All FHIR elements must have a @value or children {hasValue() or (children().count() > id.count())}
","N/A"
"ChargeItemDefinition.propertyGroup.applicability.id","ChargeItemDefinition.propertyGroup.applicability.id","","","",0,1,"","","","string {[]} {[]}
","Unique id for inter-element referencing","Unique id for the element within a resource (for internal references). This may be any string value that does not contain spaces.","","","","","","","","","",,,,,"",,,,"Element.id",0,1,"","","n/a"
"ChargeItemDefinition.propertyGroup.applicability.extension","ChargeItemDefinition.propertyGroup.applicability.extension","","extensions
user content","",0,*,"","","","Extension {[]} {[]}
","Additional content defined by implementations","May be used to represent additional information that is not part of the basic definition of the element. To make the use of extensions safe and manageable, there is a strict set of governance  applied to the definition and use of extensions. Though any implementer can define an extension, there is a set of requirements that SHALL be met as part of the definition of the extension.","There can be no stigma associated with the use of extensions by any application, project, or standard - regardless of the institution or jurisdiction that uses or defines the extensions.  The use of extensions is what allows the FHIR specification to retain a core level of simplicity for everyone.","","","","","","","","",,,,,"",,,,"Element.extension",0,*,"","ele-1:All FHIR elements must have a @value or children {hasValue() or (children().count() > id.count())}
ext-1:Must have either extensions or value[x], not both {extension.exists() != value.exists()}","n/a"
"ChargeItemDefinition.propertyGroup.applicability.modifierExtension","ChargeItemDefinition.propertyGroup.applicability.modifierExtension","","extensions
user contentmodifiers","",0,*,"","Y","Y","Extension {[]} {[]}
","Extensions that cannot be ignored even if unrecognized","May be used to represent additional information that is not part of the basic definition of the element and that modifies the understanding of the element in which it is contained and/or the understanding of the containing element's descendants. Usually modifier elements provide negation or qualification. To make the use of extensions safe and manageable, there is a strict set of governance applied to the definition and use of extensions. Though any implementer can define an extension, there is a set of requirements that SHALL be met as part of the definition of the extension. Applications processing a resource are required to check for modifier extensions.

Modifier extensions SHALL NOT change the meaning of any elements on Resource or DomainResource (including cannot change the meaning of modifierExtension itself).","There can be no stigma associated with the use of extensions by any application, project, or standard - regardless of the institution or jurisdiction that uses or defines the extensions.  The use of extensions is what allows the FHIR specification to retain a core level of simplicity for everyone.","Modifier extensions allow for extensions that *cannot* be safely ignored to be clearly distinguished from the vast majority of extensions which can be safely ignored.  This promotes interoperability by eliminating the need for implementers to prohibit the presence of extensions. For further information, see the [definition of modifier extensions](http://hl7.org/fhir/R4/extensibility.html#modifierExtension).","","","","","","","",,,,,"",,,,"BackboneElement.modifierExtension",0,*,"","ele-1:All FHIR elements must have a @value or children {hasValue() or (children().count() > id.count())}
ext-1:Must have either extensions or value[x], not both {extension.exists() != value.exists()}","N/A"
"ChargeItemDefinition.propertyGroup.applicability.description","ChargeItemDefinition.propertyGroup.applicability.description","","","",1,1,"","","","string {[]} {[]}
","Natural language description of the condition","A brief, natural language description of the condition that effectively communicates the intended semantics.","","","","","","","","","",,,,,"",,,,"ChargeItemDefinition.applicability.description",0,1,"","ele-1:All FHIR elements must have a @value or children {hasValue() or (children().count() > id.count())}
","N/A"
"ChargeItemDefinition.propertyGroup.applicability.language","ChargeItemDefinition.propertyGroup.applicability.language","","","",0,1,"","","","string {[]} {[]}
","Language of the expression","The media type of the language for the expression, e.g. ""text/cql"" for Clinical Query Language expressions or ""text/fhirpath"" for FHIRPath expressions.","","","","","","","","","",,,,,"",,,,"ChargeItemDefinition.applicability.language",0,1,"","ele-1:All FHIR elements must have a @value or children {hasValue() or (children().count() > id.count())}
","N/A"
"ChargeItemDefinition.propertyGroup.applicability.expression","ChargeItemDefinition.propertyGroup.applicability.expression","","","",0,1,"","","","string {[]} {[]}
","Boolean-valued expression","An expression that returns true or false, indicating whether the condition is satisfied. When using FHIRPath expressions, the %context environment variable must be replaced at runtime with the ChargeItem resource to which this definition is applied.","Please note that FHIRPath Expressions can only be evaluated in the scope of the current ChargeItem resource to which this definition is being applied.
FHIRPath expressions can traverse into other resources linked from the ChargeItem resource, however, testing rules such as that a billing code may be billed only once per encounter need a wider scope. In such scenarios, CQL may be the appropriate choice.","","","","","","","","",,,,,"",,,,"ChargeItemDefinition.applicability.expression",0,1,"","ele-1:All FHIR elements must have a @value or children {hasValue() or (children().count() > id.count())}
","N/A"
"ChargeItemDefinition.propertyGroup.priceComponent","ChargeItemDefinition.propertyGroup.priceComponent","","","",0,*,"Y","","","BackboneElement {[]} {[]}
","Subsidy/reimbursement amount","The subsidy or reimbursement amount for this funding mechanism. Typically a single component of type 'discount' with code.text 'PHARMAC Subsidy'","","","","","","","","","",,,,,"",,,,"ChargeItemDefinition.propertyGroup.priceComponent",0,*,"","ele-1:All FHIR elements must have a @value or children {hasValue() or (children().count() > id.count())}
","N/A"
"ChargeItemDefinition.propertyGroup.priceComponent.id","ChargeItemDefinition.propertyGroup.priceComponent.id","","","",0,1,"","","","string {[]} {[]}
","Unique id for inter-element referencing","Unique id for the element within a resource (for internal references). This may be any string value that does not contain spaces.","","","","","","","","","",,,,,"",,,,"Element.id",0,1,"","","n/a"
"ChargeItemDefinition.propertyGroup.priceComponent.extension","ChargeItemDefinition.propertyGroup.priceComponent.extension","","extensions
user content","",0,*,"","","","Extension {[]} {[]}
","Additional content defined by implementations","May be used to represent additional information that is not part of the basic definition of the element. To make the use of extensions safe and manageable, there is a strict set of governance  applied to the definition and use of extensions. Though any implementer can define an extension, there is a set of requirements that SHALL be met as part of the definition of the extension.","There can be no stigma associated with the use of extensions by any application, project, or standard - regardless of the institution or jurisdiction that uses or defines the extensions.  The use of extensions is what allows the FHIR specification to retain a core level of simplicity for everyone.","","","","","","","","",,,,,"",,,,"Element.extension",0,*,"","ele-1:All FHIR elements must have a @value or children {hasValue() or (children().count() > id.count())}
ext-1:Must have either extensions or value[x], not both {extension.exists() != value.exists()}","n/a"
"ChargeItemDefinition.propertyGroup.priceComponent.modifierExtension","ChargeItemDefinition.propertyGroup.priceComponent.modifierExtension","","extensions
user contentmodifiers","",0,*,"","Y","Y","Extension {[]} {[]}
","Extensions that cannot be ignored even if unrecognized","May be used to represent additional information that is not part of the basic definition of the element and that modifies the understanding of the element in which it is contained and/or the understanding of the containing element's descendants. Usually modifier elements provide negation or qualification. To make the use of extensions safe and manageable, there is a strict set of governance applied to the definition and use of extensions. Though any implementer can define an extension, there is a set of requirements that SHALL be met as part of the definition of the extension. Applications processing a resource are required to check for modifier extensions.

Modifier extensions SHALL NOT change the meaning of any elements on Resource or DomainResource (including cannot change the meaning of modifierExtension itself).","There can be no stigma associated with the use of extensions by any application, project, or standard - regardless of the institution or jurisdiction that uses or defines the extensions.  The use of extensions is what allows the FHIR specification to retain a core level of simplicity for everyone.","Modifier extensions allow for extensions that *cannot* be safely ignored to be clearly distinguished from the vast majority of extensions which can be safely ignored.  This promotes interoperability by eliminating the need for implementers to prohibit the presence of extensions. For further information, see the [definition of modifier extensions](http://hl7.org/fhir/R4/extensibility.html#modifierExtension).","","","","","","","",,,,,"",,,,"BackboneElement.modifierExtension",0,*,"","ele-1:All FHIR elements must have a @value or children {hasValue() or (children().count() > id.count())}
ext-1:Must have either extensions or value[x], not both {extension.exists() != value.exists()}","N/A"
"ChargeItemDefinition.propertyGroup.priceComponent.type","ChargeItemDefinition.propertyGroup.priceComponent.type","","","",1,1,"Y","","","code {[]} {[]}
","Type of price component (typically 'discount' for subsidy)","For funding rules, this is typically 'discount' to represent a subsidy or reimbursement amount","","","","","","","","","",,"required","Codes indicating the kind of the price component.","http://hl7.org/fhir/ValueSet/invoice-priceComponentType|4.0.1","",,,,"ChargeItemDefinition.propertyGroup.priceComponent.type",1,1,"","ele-1:All FHIR elements must have a @value or children {hasValue() or (children().count() > id.count())}
","N/A"
"ChargeItemDefinition.propertyGroup.priceComponent.code","ChargeItemDefinition.propertyGroup.priceComponent.code","","","",1,1,"Y","","","CodeableConcept {[]} {[]}
","Code or label for subsidy","A code that identifies the component. Codes may be used to differentiate between kinds of taxes, surcharges, discounts etc.","","","","","","","","","",,,,,"",,,,"ChargeItemDefinition.propertyGroup.priceComponent.code",0,1,"","ele-1:All FHIR elements must have a @value or children {hasValue() or (children().count() > id.count())}
","N/A"
"ChargeItemDefinition.propertyGroup.priceComponent.code.id","ChargeItemDefinition.propertyGroup.priceComponent.code.id","","","",0,1,"","","","string {[]} {[]}
","Unique id for inter-element referencing","Unique id for the element within a resource (for internal references). This may be any string value that does not contain spaces.","","","","","","","","","",,,,,"",,,,"Element.id",0,1,"","","n/a"
"ChargeItemDefinition.propertyGroup.priceComponent.code.extension","ChargeItemDefinition.propertyGroup.priceComponent.code.extension","","extensions
user content","",0,*,"","","","Extension {[]} {[]}
","Additional content defined by implementations","May be used to represent additional information that is not part of the basic definition of the element. To make the use of extensions safe and manageable, there is a strict set of governance  applied to the definition and use of extensions. Though any implementer can define an extension, there is a set of requirements that SHALL be met as part of the definition of the extension.","There can be no stigma associated with the use of extensions by any application, project, or standard - regardless of the institution or jurisdiction that uses or defines the extensions.  The use of extensions is what allows the FHIR specification to retain a core level of simplicity for everyone.","","","","","","","","",,,,,"","value:url}
","Extensions are always sliced by (at least) url",,"open","Element.extension",0,*,"","ele-1:All FHIR elements must have a @value or children {hasValue() or (children().count() > id.count())}
ext-1:Must have either extensions or value[x], not both {extension.exists() != value.exists()}","n/a"
"ChargeItemDefinition.propertyGroup.priceComponent.code.coding","ChargeItemDefinition.propertyGroup.priceComponent.code.coding","","","",0,*,"","","Y","Coding {[]} {[]}
","Code defined by a terminology system","A reference to a code defined by a terminology system.","Codes may be defined very casually in enumerations, or code lists, up to very formal definitions such as SNOMED CT - see the HL7 v3 Core Principles for more information.  Ordering of codings is undefined and SHALL NOT be used to infer meaning. Generally, at most only one of the coding values will be labeled as UserSelected = true.","Allows for alternative encodings within a code system, and translations to other code systems.","","","","","","","",,,,,"",,,,"CodeableConcept.coding",0,*,"","ele-1:All FHIR elements must have a @value or children {hasValue() or (children().count() > id.count())}
","union(., ./translation)"
"ChargeItemDefinition.propertyGroup.priceComponent.code.text","ChargeItemDefinition.propertyGroup.priceComponent.code.text","","","",1,1,"Y","","Y","string {[]} {[]}
","Text label (e.g., 'PHARMAC Subsidy')","Human-readable name for this pricing component","Very often the text is the same as a displayName of one of the codings.","The codes from the terminologies do not always capture the correct meaning with all the nuances of the human using them, or sometimes there is no appropriate code at all. In these cases, the text is used to capture the full meaning of the source.","","","","","","","",,,,,"",,,,"CodeableConcept.text",0,1,"","ele-1:All FHIR elements must have a @value or children {hasValue() or (children().count() > id.count())}
","./originalText[mediaType/code=""text/plain""]/data"
"ChargeItemDefinition.propertyGroup.priceComponent.factor","ChargeItemDefinition.propertyGroup.priceComponent.factor","","","",0,1,"","","","decimal {[]} {[]}
","Factor used for calculating this component","The factor that has been applied on the base price for calculating this component.","","","","","","","","","",,,,,"",,,,"ChargeItemDefinition.propertyGroup.priceComponent.factor",0,1,"","ele-1:All FHIR elements must have a @value or children {hasValue() or (children().count() > id.count())}
","N/A"
"ChargeItemDefinition.propertyGroup.priceComponent.amount","ChargeItemDefinition.propertyGroup.priceComponent.amount","","","",1,1,"Y","","","Money {[]} {[]}
","Subsidy/reimbursement amount","The monetary amount for this component (value and currency)","","","","","","","","","",,,,,"",,,,"ChargeItemDefinition.propertyGroup.priceComponent.amount",0,1,"","ele-1:All FHIR elements must have a @value or children {hasValue() or (children().count() > id.count())}
","N/A"
"ChargeItemDefinition.propertyGroup.priceComponent.amount.id","ChargeItemDefinition.propertyGroup.priceComponent.amount.id","","","",0,1,"","","","string {[]} {[]}
","Unique id for inter-element referencing","Unique id for the element within a resource (for internal references). This may be any string value that does not contain spaces.","","","","","","","","","",,,,,"",,,,"Element.id",0,1,"","","n/a"
"ChargeItemDefinition.propertyGroup.priceComponent.amount.extension","ChargeItemDefinition.propertyGroup.priceComponent.amount.extension","","extensions
user content","",0,*,"","","","Extension {[]} {[]}
","Additional content defined by implementations","May be used to represent additional information that is not part of the basic definition of the element. To make the use of extensions safe and manageable, there is a strict set of governance  applied to the definition and use of extensions. Though any implementer can define an extension, there is a set of requirements that SHALL be met as part of the definition of the extension.","There can be no stigma associated with the use of extensions by any application, project, or standard - regardless of the institution or jurisdiction that uses or defines the extensions.  The use of extensions is what allows the FHIR specification to retain a core level of simplicity for everyone.","","","","","","","","",,,,,"","value:url}
","Extensions are always sliced by (at least) url",,"open","Element.extension",0,*,"","ele-1:All FHIR elements must have a @value or children {hasValue() or (children().count() > id.count())}
ext-1:Must have either extensions or value[x], not both {extension.exists() != value.exists()}","n/a"
"ChargeItemDefinition.propertyGroup.priceComponent.amount.value","ChargeItemDefinition.propertyGroup.priceComponent.amount.value","","","",0,1,"Y","","Y","decimal {[]} {[]}
","Numerical value (with implicit precision)","Numerical value (with implicit precision).","Monetary values have their own rules for handling precision (refer to standard accounting text books).","The amount of the currency. The value includes an implicit precision in the presentation of the value.","","","","","","","",,,,,"",,,,"Money.value",0,1,"","ele-1:All FHIR elements must have a @value or children {hasValue() or (children().count() > id.count())}
"
"ChargeItemDefinition.propertyGroup.priceComponent.amount.currency","ChargeItemDefinition.propertyGroup.priceComponent.amount.currency","","","",0,1,"Y","","Y","code {[]} {[]}
","ISO 4217 Currency Code","ISO 4217 Currency Code.","","A code indicating the currency, taken from ISO 4217.","","","","<valueCode xmlns=""http://hl7.org/fhir"" value=""NZD""/>","","","",,"required","A code indicating the currency, taken from ISO 4217.","http://hl7.org/fhir/ValueSet/currencies|4.0.1","",,,,"Money.currency",0,1,"","ele-1:All FHIR elements must have a @value or children {hasValue() or (children().count() > id.count())}
"
